[0.000000] (-) TimerEvent: {}
[0.000290] (controls_core) JobQueued: {'identifier': 'controls_core', 'dependencies': OrderedDict()}
[0.000440] (hiwonder_board) JobQueued: {'identifier': 'hiwonder_board', 'dependencies': OrderedDict()}
[0.000464] (opencv2_nodes) JobQueued: {'identifier': 'opencv2_nodes', 'dependencies': OrderedDict()}
[0.000481] (turtlesim_msgs) JobQueued: {'identifier': 'turtlesim_msgs', 'dependencies': OrderedDict()}
[0.000495] (turtlesim) JobQueued: {'identifier': 'turtlesim', 'dependencies': OrderedDict({'turtlesim_msgs': '/home/public/ros2ws/install/turtlesim_msgs'})}
[0.000820] (turtlesim_msgs) JobStarted: {'identifier': 'turtlesim_msgs'}
[0.020525] (controls_core) JobStarted: {'identifier': 'controls_core'}
[0.035668] (hiwonder_board) JobStarted: {'identifier': 'hiwonder_board'}
[0.051602] (opencv2_nodes) JobStarted: {'identifier': 'opencv2_nodes'}
[0.069344] (turtlesim_msgs) JobProgress: {'identifier': 'turtlesim_msgs', 'progress': 'cmake'}
[0.078934] (turtlesim_msgs) JobProgress: {'identifier': 'turtlesim_msgs', 'progress': 'build'}
[0.079827] (turtlesim_msgs) Command: {'cmd': ['/usr/bin/cmake', '--build', '/home/public/ros2ws/build/turtlesim_msgs', '--', '-j4', '-l4'], 'cwd': '/home/public/ros2ws/build/turtlesim_msgs', 'env': OrderedDict({'LESSOPEN': '| /usr/bin/lesspipe %s', 'LANGUAGE': 'en', 'USER': 'admin', 'LC_TIME': 'C.UTF-8', 'XDG_SESSION_TYPE': 'wayland', 'PTYXIS_VERSION': '50.1', 'SHLVL': '1', 'LD_LIBRARY_PATH': '/opt/ros/lyrical/opt/gz_math_vendor/lib:/opt/ros/lyrical/opt/gz_utils_vendor/lib:/opt/ros/lyrical/opt/rviz_ogre_vendor/lib:/opt/ros/lyrical/lib/aarch64-linux-gnu:/opt/ros/lyrical/opt/gz_cmake_vendor/lib:/opt/ros/lyrical/lib', 'HOME': '/home/admin', 'OLDPWD': '/home/public/ros2ws/src/controls_core/controls_core', 'DESKTOP_SESSION': 'ubuntu', 'IM_CONFIG_ENTRY': 'profile', 'ROS_PYTHON_VERSION': '3', 'GTK_MODULES': 'gail:atk-bridge', 'LC_MONETARY': 'C.UTF-8', 'MANAGERPID': '3002', 'DBUS_STARTER_BUS_TYPE': 'session', 'SYSTEMD_EXEC_PID': '3029', 'DBUS_SESSION_BUS_ADDRESS': 'unix:path=/run/user/1000/bus,guid=01a12b5d9c6e72b598e357a469dfd9f0', 'COLORTERM': 'truecolor', 'DEBUGINFOD_URLS': 'https://debuginfod.ubuntu.com', 'WAYLAND_DISPLAY': 'wayland-0', 'ROS_DISTRO': 'lyrical', 'LOGNAME': 'admin', 'MANAGERPIDFDID': '533', '_': '/usr/bin/colcon', 'ROS_VERSION': '2', 'MEMORY_PRESSURE_WATCH': '/sys/fs/cgroup/user.slice/user-1000.slice/user@1000.service/session.slice/dbus.service/memory.pressure', 'XDG_SESSION_CLASS': 'user', 'USERNAME': 'admin', 'TERM': 'xterm-256color', 'GNOME_DESKTOP_SESSION_ID': 'this-is-deprecated', 'FLATPAK_TTY_PROGRESS': '1', 'PATH': '/opt/ros/lyrical/bin:/usr/local/sbin:/usr/local/bin:/usr/sbin:/usr/bin:/sbin:/bin:/usr/games:/usr/local/games:/snap/bin:/snap/bin', 'INVOCATION_ID': '922b0636287f40b9bd59f8525fd3668e', 'PAPERSIZE': 'a4', 'XDG_MENU_PREFIX': 'gnome-', 'PTYXIS_PROFILE': '46b325db7867804b9a1cc0046a1f6a7b', 'LC_ADDRESS': 'C.UTF-8', 'GNOME_SETUP_DISPLAY': 'unix:/tmp/.X11-unix/X1', 'XDG_RUNTIME_DIR': '/run/user/1000', 'DISPLAY': ':0', 'LANG': 'en_US.UTF-8', 'XDG_CURRENT_DESKTOP': 'ubuntu:GNOME', 'LC_TELEPHONE': 'C.UTF-8', 'XMODIFIERS': '@im=ibus', 'XDG_SESSION_DESKTOP': 'ubuntu', 'XAUTHORITY': '/run/user/1000/.mutter-Xwaylandauth.YTOCN3', 'LS_COLORS': 'rs=0:di=01;34:ln=01;36:mh=00:pi=40;33:so=01;35:do=01;35:bd=40;33;01:cd=40;33;01:or=40;31;01:mi=00:su=37;41:sg=30;43:ca=00:tw=30;42:ow=34;42:st=37;44:ex=01;32:*.tar=01;31:*.tgz=01;31:*.arc=01;31:*.arj=01;31:*.taz=01;31:*.lha=01;31:*.lz4=01;31:*.lzh=01;31:*.lzma=01;31:*.tlz=01;31:*.txz=01;31:*.tzo=01;31:*.t7z=01;31:*.zip=01;31:*.z=01;31:*.dz=01;31:*.gz=01;31:*.lrz=01;31:*.lz=01;31:*.lzo=01;31:*.xz=01;31:*.zst=01;31:*.tzst=01;31:*.bz2=01;31:*.bz=01;31:*.tbz=01;31:*.tbz2=01;31:*.tz=01;31:*.deb=01;31:*.rpm=01;31:*.jar=01;31:*.war=01;31:*.ear=01;31:*.sar=01;31:*.rar=01;31:*.alz=01;31:*.ace=01;31:*.zoo=01;31:*.cpio=01;31:*.7z=01;31:*.rz=01;31:*.cab=01;31:*.wim=01;31:*.swm=01;31:*.dwm=01;31:*.esd=01;31:*.avif=01;35:*.jpg=01;35:*.jpeg=01;35:*.mjpg=01;35:*.mjpeg=01;35:*.gif=01;35:*.bmp=01;35:*.pbm=01;35:*.pgm=01;35:*.ppm=01;35:*.tga=01;35:*.xbm=01;35:*.xpm=01;35:*.tif=01;35:*.tiff=01;35:*.png=01;35:*.svg=01;35:*.svgz=01;35:*.mng=01;35:*.pcx=01;35:*.mov=01;35:*.mpg=01;35:*.mpeg=01;35:*.m2v=01;35:*.mkv=01;35:*.webm=01;35:*.webp=01;35:*.ogm=01;35:*.mp4=01;35:*.m4v=01;35:*.mp4v=01;35:*.vob=01;35:*.qt=01;35:*.nuv=01;35:*.wmv=01;35:*.asf=01;35:*.rm=01;35:*.rmvb=01;35:*.flc=01;35:*.avi=01;35:*.fli=01;35:*.flv=01;35:*.gl=01;35:*.dl=01;35:*.xcf=01;35:*.xwd=01;35:*.yuv=01;35:*.cgm=01;35:*.emf=01;35:*.ogv=01;35:*.ogx=01;35:*.aac=00;36:*.au=00;36:*.flac=00;36:*.m4a=00;36:*.mid=00;36:*.midi=00;36:*.mka=00;36:*.mp3=00;36:*.mpc=00;36:*.ogg=00;36:*.ra=00;36:*.wav=00;36:*.oga=00;36:*.opus=00;36:*.spx=00;36:*.xspf=00;36:*~=00;90:*#=00;90:*.bak=00;90:*.old=00;90:*.orig=00;90:*.part=00;90:*.rej=00;90:*.swp=00;90:*.tmp=00;90:*.dpkg-dist=00;90:*.dpkg-old=00;90:*.ucf-dist=00;90:*.ucf-new=00;90:*.ucf-old=00;90:*.rpmnew=00;90:*.rpmorig=00;90:*.rpmsave=00;90:', 'SSH_AUTH_SOCK': '/run/user/1000/gcr/ssh', 'AMENT_PREFIX_PATH': '/opt/ros/lyrical', 'SHELL': '/bin/bash', 'LC_NAME': 'C.UTF-8', 'QT_ACCESSIBILITY': '1', 'GDMSESSION': 'ubuntu', 'LESSCLOSE': '/usr/bin/lesspipe %s %s', 'LC_MEASUREMENT': 'C.UTF-8', 'GPG_AGENT_INFO': '/run/user/1000/gnupg/S.gpg-agent:0:1', 'LC_IDENTIFICATION': 'C.UTF-8', 'GSK_RENDERER': 'gl', 'ROS_AUTOMATIC_DISCOVERY_RANGE': 'SUBNET', 'QT_IM_MODULE': 'ibus', 'PWD': '/home/public/ros2ws/build/turtlesim_msgs', 'XDG_CONFIG_DIRS': '/etc/xdg/xdg-ubuntu:/etc/xdg', 'DBUS_STARTER_ADDRESS': 'unix:path=/run/user/1000/bus,guid=01a12b5d9c6e72b598e357a469dfd9f0', 'XDG_DATA_DIRS': '/usr/share/ubuntu:/usr/share/gnome:/usr/local/share/:/usr/share/:/var/lib/snapd/desktop', 'XDG_SESSION_EXTRA_DEVICE_ACCESS': 'render:accel', 'PYTHONPATH': '/opt/ros/lyrical/opt/gz_math_vendor/lib/python:/opt/ros/lyrical/lib/python3.14/site-packages', 'LC_NUMERIC': 'C.UTF-8', 'LC_PAPER': 'C.UTF-8', 'COLCON': '1', 'QT_IM_MODULES': 'wayland;ibus', 'MEMORY_PRESSURE_WRITE': 'c29tZSAyMDAwMDAgMjAwMDAwMAA=', 'VTE_VERSION': '8400', 'CMAKE_PREFIX_PATH': '/opt/ros/lyrical/opt/gz_math_vendor:/opt/ros/lyrical/opt/gz_utils_vendor:/opt/ros/lyrical/opt/gz_cmake_vendor:/opt/ros/lyrical'}), 'shell': False}
[0.099702] (-) TimerEvent: {}
[0.200079] (-) TimerEvent: {}
[0.300417] (-) TimerEvent: {}
[0.400850] (-) TimerEvent: {}
[0.501693] (-) TimerEvent: {}
[0.603133] (-) TimerEvent: {}
[0.703645] (-) TimerEvent: {}
[0.804107] (-) TimerEvent: {}
[0.906208] (-) TimerEvent: {}
[1.009447] (-) TimerEvent: {}
[1.025088] (turtlesim_msgs) StdoutLine: {'line': b'[  1%] Built target turtlesim_msgs__rosidl_generator_type_description\n'}
[1.025957] (turtlesim_msgs) StdoutLine: {'line': b'[  2%] Built target turtlesim_msgs__rs\n'}
[1.026096] (turtlesim_msgs) StdoutLine: {'line': b'[  2%] Built target turtlesim_msgs__cpp\n'}
[1.026395] (turtlesim_msgs) StdoutLine: {'line': b'[ 27%] Built target turtlesim_msgs__rosidl_generator_c\n'}
[1.026468] (turtlesim_msgs) StdoutLine: {'line': b'[ 46%] Built target turtlesim_msgs__rosidl_typesupport_cpp\n'}
[1.026532] (turtlesim_msgs) StdoutLine: {'line': b'[ 47%] Built target turtlesim_msgs__rosidl_typesupport_fastrtps_cpp\n'}
[1.026594] (turtlesim_msgs) StdoutLine: {'line': b'[ 56%] Built target turtlesim_msgs__rosidl_typesupport_fastrtps_c\n'}
[1.026654] (turtlesim_msgs) StdoutLine: {'line': b'[ 65%] Built target turtlesim_msgs__rosidl_typesupport_c\n'}
[1.026716] (turtlesim_msgs) StdoutLine: {'line': b'[ 74%] Built target turtlesim_msgs__rosidl_typesupport_introspection_c\n'}
[1.026776] (turtlesim_msgs) StdoutLine: {'line': b'[ 84%] Built target turtlesim_msgs__rosidl_typesupport_introspection_cpp\n'}
[1.026835] (turtlesim_msgs) StdoutLine: {'line': b'[ 84%] Built target turtlesim_msgs\n'}
[1.026932] (turtlesim_msgs) StdoutLine: {'line': b'[ 85%] Built target turtlesim_msgs__py\n'}
[1.027447] (turtlesim_msgs) StdoutLine: {'line': b'[ 94%] Built target turtlesim_msgs__rosidl_generator_py\n'}
[1.027659] (turtlesim_msgs) StdoutLine: {'line': b'[ 94%] Built target ament_cmake_python_sync_turtlesim_msgs\n'}
[1.027744] (turtlesim_msgs) StdoutLine: {'line': b'[ 98%] Built target turtlesim_msgs_s__rosidl_typesupport_c\n'}
[1.027953] (turtlesim_msgs) StdoutLine: {'line': b'[ 98%] Built target turtlesim_msgs_s__rosidl_typesupport_fastrtps_c\n'}
[1.028016] (turtlesim_msgs) StdoutLine: {'line': b'[100%] Built target turtlesim_msgs_s__rosidl_typesupport_introspection_c\n'}
[1.028147] (turtlesim_msgs) StderrLine: {'line': b"gmake: Warning: File 'Makefile' has modification time 8915389 s in the future\n"}
[1.028422] (turtlesim_msgs) StderrLine: {'line': b"gmake[1]: Warning: File 'CMakeFiles/Makefile2' has modification time 8915389 s in the future\n"}
[1.028512] (turtlesim_msgs) StderrLine: {'line': b"gmake[2]: Warning: File 'CMakeFiles/turtlesim_msgs__rosidl_generator_type_description.dir/build.make' has modification time 7875725 s in the future\n"}
[1.028592] (turtlesim_msgs) StderrLine: {'line': b"gmake[2]: Warning: File '/home/public/ros2ws/build/turtlesim_msgs/turtlesim_msgs__rs/CMakeFiles/turtlesim_msgs__rs.dir/build.make' has modification time 7875725 s in the future\n"}
[1.028662] (turtlesim_msgs) StderrLine: {'line': b'gmake[2]: warning:  Clock skew detected.  Your build may be incomplete.\n'}
[1.028724] (turtlesim_msgs) StderrLine: {'line': b'gmake[2]: warning:  Clock skew detected.  Your build may be incomplete.\n'}
[1.028782] (turtlesim_msgs) StderrLine: {'line': b"gmake[2]: Warning: File 'CMakeFiles/turtlesim_msgs__rosidl_generator_type_description.dir/build.make' has modification time 7875725 s in the future\n"}
[1.028870] (turtlesim_msgs) StderrLine: {'line': b"gmake[2]: Warning: File '/home/public/ros2ws/build/turtlesim_msgs/turtlesim_msgs__rs/CMakeFiles/turtlesim_msgs__rs.dir/build.make' has modification time 7875725 s in the future\n"}
[1.028949] (turtlesim_msgs) StderrLine: {'line': b'gmake[2]: warning:  Clock skew detected.  Your build may be incomplete.\n'}
[1.029012] (turtlesim_msgs) StderrLine: {'line': b'gmake[2]: warning:  Clock skew detected.  Your build may be incomplete.\n'}
[1.029196] (turtlesim_msgs) StderrLine: {'line': b"gmake[2]: Warning: File 'CMakeFiles/turtlesim_msgs__cpp.dir/build.make' has modification time 7875725 s in the future\n"}
[1.029273] (turtlesim_msgs) StderrLine: {'line': b"gmake[2]: Warning: File 'CMakeFiles/turtlesim_msgs__rosidl_generator_c.dir/build.make' has modification time 7875725 s in the future\n"}
[1.029334] (turtlesim_msgs) StderrLine: {'line': b'gmake[2]: warning:  Clock skew detected.  Your build may be incomplete.\n'}
[1.029391] (turtlesim_msgs) StderrLine: {'line': b"gmake[2]: Warning: File 'CMakeFiles/turtlesim_msgs__cpp.dir/build.make' has modification time 7875725 s in the future\n"}
[1.029446] (turtlesim_msgs) StderrLine: {'line': b'gmake[2]: warning:  Clock skew detected.  Your build may be incomplete.\n'}
[1.029501] (turtlesim_msgs) StderrLine: {'line': b'gmake[2]: warning:  Clock skew detected.  Your build may be incomplete.\n'}
[1.029555] (turtlesim_msgs) StderrLine: {'line': b"gmake[2]: Warning: File 'CMakeFiles/turtlesim_msgs__rosidl_generator_c.dir/build.make' has modification time 7875724 s in the future\n"}
[1.029608] (turtlesim_msgs) StderrLine: {'line': b'gmake[2]: warning:  Clock skew detected.  Your build may be incomplete.\n'}
[1.029663] (turtlesim_msgs) StderrLine: {'line': b"gmake[2]: Warning: File 'CMakeFiles/turtlesim_msgs__rosidl_typesupport_cpp.dir/build.make' has modification time 7875725 s in the future\n"}
[1.029716] (turtlesim_msgs) StderrLine: {'line': b"gmake[2]: Warning: File 'CMakeFiles/turtlesim_msgs__rosidl_typesupport_fastrtps_cpp.dir/build.make' has modification time 7875724 s in the future\n"}
[1.029769] (turtlesim_msgs) StderrLine: {'line': b"gmake[2]: Warning: File 'CMakeFiles/turtlesim_msgs__rosidl_typesupport_fastrtps_c.dir/build.make' has modification time 7875724 s in the future\n"}
[1.029830] (turtlesim_msgs) StderrLine: {'line': b'gmake[2]: warning:  Clock skew detected.  Your build may be incomplete.\n'}
[1.029903] (turtlesim_msgs) StderrLine: {'line': b'gmake[2]: warning:  Clock skew detected.  Your build may be incomplete.\n'}
[1.029967] (turtlesim_msgs) StderrLine: {'line': b'gmake[2]: warning:  Clock skew detected.  Your build may be incomplete.\n'}
[1.030063] (turtlesim_msgs) StderrLine: {'line': b"gmake[2]: Warning: File 'CMakeFiles/turtlesim_msgs__rosidl_typesupport_cpp.dir/build.make' has modification time 7875724 s in the future\n"}
[1.030145] (turtlesim_msgs) StderrLine: {'line': b"gmake[2]: Warning: File 'CMakeFiles/turtlesim_msgs__rosidl_typesupport_fastrtps_c.dir/build.make' has modification time 7875724 s in the future\n"}
[1.030216] (turtlesim_msgs) StderrLine: {'line': b"gmake[2]: Warning: File 'CMakeFiles/turtlesim_msgs__rosidl_typesupport_fastrtps_cpp.dir/build.make' has modification time 7875724 s in the future\n"}
[1.030279] (turtlesim_msgs) StderrLine: {'line': b'gmake[2]: warning:  Clock skew detected.  Your build may be incomplete.\n'}
[1.030340] (turtlesim_msgs) StderrLine: {'line': b'gmake[2]: warning:  Clock skew detected.  Your build may be incomplete.\n'}
[1.030422] (turtlesim_msgs) StderrLine: {'line': b'gmake[2]: warning:  Clock skew detected.  Your build may be incomplete.\n'}
[1.030487] (turtlesim_msgs) StderrLine: {'line': b"gmake[2]: Warning: File 'CMakeFiles/turtlesim_msgs__rosidl_typesupport_c.dir/build.make' has modification time 7875724 s in the future\n"}
[1.030544] (turtlesim_msgs) StderrLine: {'line': b"gmake[2]: Warning: File 'CMakeFiles/turtlesim_msgs__rosidl_typesupport_introspection_c.dir/build.make' has modification time 7875724 s in the future\n"}
[1.030602] (turtlesim_msgs) StderrLine: {'line': b"gmake[2]: Warning: File 'CMakeFiles/turtlesim_msgs__rosidl_typesupport_introspection_cpp.dir/build.make' has modification time 7875724 s in the future\n"}
[1.030661] (turtlesim_msgs) StderrLine: {'line': b'gmake[2]: warning:  Clock skew detected.  Your build may be incomplete.\n'}
[1.030715] (turtlesim_msgs) StderrLine: {'line': b"gmake[2]: Warning: File 'CMakeFiles/turtlesim_msgs__rosidl_typesupport_c.dir/build.make' has modification time 7875724 s in the future\n"}
[1.030786] (turtlesim_msgs) StderrLine: {'line': b'gmake[2]: warning:  Clock skew detected.  Your build may be incomplete.\n'}
[1.030842] (turtlesim_msgs) StderrLine: {'line': b'gmake[2]: warning:  Clock skew detected.  Your build may be incomplete.\n'}
[1.030895] (turtlesim_msgs) StderrLine: {'line': b'gmake[2]: warning:  Clock skew detected.  Your build may be incomplete.\n'}
[1.030950] (turtlesim_msgs) StderrLine: {'line': b"gmake[2]: Warning: File 'CMakeFiles/turtlesim_msgs__rosidl_typesupport_introspection_c.dir/build.make' has modification time 7875724 s in the future\n"}
[1.031019] (turtlesim_msgs) StderrLine: {'line': b'gmake[2]: warning:  Clock skew detected.  Your build may be incomplete.\n'}
[1.031110] (turtlesim_msgs) StderrLine: {'line': b"gmake[2]: Warning: File 'CMakeFiles/turtlesim_msgs__rosidl_typesupport_introspection_cpp.dir/build.make' has modification time 7875724 s in the future\n"}
[1.031176] (turtlesim_msgs) StderrLine: {'line': b'gmake[2]: warning:  Clock skew detected.  Your build may be incomplete.\n'}
[1.031230] (turtlesim_msgs) StderrLine: {'line': b"gmake[2]: Warning: File 'CMakeFiles/turtlesim_msgs.dir/build.make' has modification time 7875724 s in the future\n"}
[1.031285] (turtlesim_msgs) StderrLine: {'line': b'gmake[2]: warning:  Clock skew detected.  Your build may be incomplete.\n'}
[1.031336] (turtlesim_msgs) StderrLine: {'line': b"gmake[2]: Warning: File 'CMakeFiles/turtlesim_msgs.dir/build.make' has modification time 7875724 s in the future\n"}
[1.031391] (turtlesim_msgs) StderrLine: {'line': b'gmake[2]: warning:  Clock skew detected.  Your build may be incomplete.\n'}
[1.031445] (turtlesim_msgs) StderrLine: {'line': b"gmake[2]: Warning: File '/home/public/ros2ws/build/turtlesim_msgs/turtlesim_msgs__py/CMakeFiles/turtlesim_msgs__py.dir/build.make' has modification time 7875724 s in the future\n"}
[1.031501] (turtlesim_msgs) StderrLine: {'line': b'gmake[2]: warning:  Clock skew detected.  Your build may be incomplete.\n'}
[1.031556] (turtlesim_msgs) StderrLine: {'line': b"gmake[2]: Warning: File '/home/public/ros2ws/build/turtlesim_msgs/turtlesim_msgs__py/CMakeFiles/turtlesim_msgs__py.dir/build.make' has modification time 7875724 s in the future\n"}
[1.031622] (turtlesim_msgs) StderrLine: {'line': b'gmake[2]: warning:  Clock skew detected.  Your build may be incomplete.\n'}
[1.031677] (turtlesim_msgs) StderrLine: {'line': b"gmake[2]: Warning: File 'CMakeFiles/ament_cmake_python_sync_turtlesim_msgs.dir/build.make' has modification time 7875724 s in the future\n"}
[1.031732] (turtlesim_msgs) StderrLine: {'line': b"gmake[2]: Warning: File 'CMakeFiles/turtlesim_msgs__rosidl_generator_py.dir/build.make' has modification time 7875724 s in the future\n"}
[1.031783] (turtlesim_msgs) StderrLine: {'line': b'gmake[2]: warning:  Clock skew detected.  Your build may be incomplete.\n'}
[1.031842] (turtlesim_msgs) StderrLine: {'line': b"gmake[2]: Warning: File 'CMakeFiles/ament_cmake_python_sync_turtlesim_msgs.dir/build.make' has modification time 7875724 s in the future\n"}
[1.031897] (turtlesim_msgs) StderrLine: {'line': b'gmake[2]: warning:  Clock skew detected.  Your build may be incomplete.\n'}
[1.031950] (turtlesim_msgs) StderrLine: {'line': b"gmake[2]: Warning: File 'CMakeFiles/turtlesim_msgs__rosidl_generator_py.dir/build.make' has modification time 7875724 s in the future\n"}
[1.032004] (turtlesim_msgs) StderrLine: {'line': b'gmake[2]: warning:  Clock skew detected.  Your build may be incomplete.\n'}
[1.032086] (turtlesim_msgs) StderrLine: {'line': b"gmake[2]: Warning: File 'CMakeFiles/turtlesim_msgs_s__rosidl_typesupport_fastrtps_c.dir/build.make' has modification time 7875724 s in the future\n"}
[1.032149] (turtlesim_msgs) StderrLine: {'line': b"gmake[2]: Warning: File 'CMakeFiles/turtlesim_msgs_s__rosidl_typesupport_introspection_c.dir/build.make' has modification time 7875724 s in the future\n"}
[1.032226] (turtlesim_msgs) StderrLine: {'line': b'gmake[2]: warning:  Clock skew detected.  Your build may be incomplete.\n'}
[1.032287] (turtlesim_msgs) StderrLine: {'line': b"gmake[2]: Warning: File 'CMakeFiles/turtlesim_msgs_s__rosidl_typesupport_c.dir/build.make' has modification time 7875724 s in the future\n"}
[1.032341] (turtlesim_msgs) StderrLine: {'line': b'gmake[2]: warning:  Clock skew detected.  Your build may be incomplete.\n'}
[1.032395] (turtlesim_msgs) StderrLine: {'line': b'gmake[2]: warning:  Clock skew detected.  Your build may be incomplete.\n'}
[1.032448] (turtlesim_msgs) StderrLine: {'line': b'gmake[2]: warning:  Clock skew detected.  Your build may be incomplete.\n'}
[1.032499] (turtlesim_msgs) StderrLine: {'line': b"gmake[2]: Warning: File 'CMakeFiles/turtlesim_msgs_s__rosidl_typesupport_fastrtps_c.dir/build.make' has modification time 7875724 s in the future\n"}
[1.032559] (turtlesim_msgs) StderrLine: {'line': b"gmake[2]: Warning: File 'CMakeFiles/turtlesim_msgs_s__rosidl_typesupport_c.dir/build.make' has modification time 7875724 s in the future\n"}
[1.032611] (turtlesim_msgs) StderrLine: {'line': b'gmake[2]: warning:  Clock skew detected.  Your build may be incomplete.\n'}
[1.032662] (turtlesim_msgs) StderrLine: {'line': b'gmake[2]: warning:  Clock skew detected.  Your build may be incomplete.\n'}
[1.032722] (turtlesim_msgs) StderrLine: {'line': b"gmake[2]: Warning: File 'CMakeFiles/turtlesim_msgs_s__rosidl_typesupport_introspection_c.dir/build.make' has modification time 7875724 s in the future\n"}
[1.032774] (turtlesim_msgs) StderrLine: {'line': b'gmake[2]: warning:  Clock skew detected.  Your build may be incomplete.\n'}
[1.032826] (turtlesim_msgs) StderrLine: {'line': b"gmake[2]: Warning: File 'CMakeFiles/ament_cmake_python_build_turtlesim_msgs_egg.dir/build.make' has modification time 7875724 s in the future\n"}
[1.032891] (turtlesim_msgs) StderrLine: {'line': b'gmake[2]: warning:  Clock skew detected.  Your build may be incomplete.\n'}
[1.032944] (turtlesim_msgs) StderrLine: {'line': b"gmake[2]: Warning: File 'CMakeFiles/ament_cmake_python_build_turtlesim_msgs_egg.dir/build.make' has modification time 7875724 s in the future\n"}
[1.109546] (-) TimerEvent: {}
[1.209890] (-) TimerEvent: {}
[1.310257] (-) TimerEvent: {}
[1.332023] (turtlesim_msgs) StdoutLine: {'line': b'running egg_info\n'}
[1.361695] (turtlesim_msgs) StdoutLine: {'line': b'writing turtlesim_msgs.egg-info/PKG-INFO\n'}
[1.362661] (turtlesim_msgs) StdoutLine: {'line': b'writing dependency_links to turtlesim_msgs.egg-info/dependency_links.txt\n'}
[1.363676] (turtlesim_msgs) StdoutLine: {'line': b'writing top-level names to turtlesim_msgs.egg-info/top_level.txt\n'}
[1.410351] (-) TimerEvent: {}
[1.460191] (turtlesim_msgs) StdoutLine: {'line': b"reading manifest file 'turtlesim_msgs.egg-info/SOURCES.txt'\n"}
[1.463903] (turtlesim_msgs) StdoutLine: {'line': b"writing manifest file 'turtlesim_msgs.egg-info/SOURCES.txt'\n"}
[1.510553] (-) TimerEvent: {}
[1.612556] (-) TimerEvent: {}
[1.649235] (turtlesim_msgs) StderrLine: {'line': b'gmake[2]: warning:  Clock skew detected.  Your build may be incomplete.\n'}
[1.668159] (turtlesim_msgs) StdoutLine: {'line': b'[100%] Built target ament_cmake_python_build_turtlesim_msgs_egg\n'}
[1.669548] (turtlesim_msgs) StderrLine: {'line': b'gmake[1]: warning:  Clock skew detected.  Your build may be incomplete.\n'}
[1.691976] (turtlesim_msgs) StderrLine: {'line': b'gmake: warning:  Clock skew detected.  Your build may be incomplete.\n'}
[1.696067] (turtlesim_msgs) CommandEnded: {'returncode': 0}
[1.717197] (turtlesim_msgs) JobProgress: {'identifier': 'turtlesim_msgs', 'progress': 'install'}
[1.717343] (-) TimerEvent: {}
[1.738166] (turtlesim_msgs) Command: {'cmd': ['/usr/bin/cmake', '--install', '/home/public/ros2ws/build/turtlesim_msgs'], 'cwd': '/home/public/ros2ws/build/turtlesim_msgs', 'env': OrderedDict({'LESSOPEN': '| /usr/bin/lesspipe %s', 'LANGUAGE': 'en', 'USER': 'admin', 'LC_TIME': 'C.UTF-8', 'XDG_SESSION_TYPE': 'wayland', 'PTYXIS_VERSION': '50.1', 'SHLVL': '1', 'LD_LIBRARY_PATH': '/opt/ros/lyrical/opt/gz_math_vendor/lib:/opt/ros/lyrical/opt/gz_utils_vendor/lib:/opt/ros/lyrical/opt/rviz_ogre_vendor/lib:/opt/ros/lyrical/lib/aarch64-linux-gnu:/opt/ros/lyrical/opt/gz_cmake_vendor/lib:/opt/ros/lyrical/lib', 'HOME': '/home/admin', 'OLDPWD': '/home/public/ros2ws/src/controls_core/controls_core', 'DESKTOP_SESSION': 'ubuntu', 'IM_CONFIG_ENTRY': 'profile', 'ROS_PYTHON_VERSION': '3', 'GTK_MODULES': 'gail:atk-bridge', 'LC_MONETARY': 'C.UTF-8', 'MANAGERPID': '3002', 'DBUS_STARTER_BUS_TYPE': 'session', 'SYSTEMD_EXEC_PID': '3029', 'DBUS_SESSION_BUS_ADDRESS': 'unix:path=/run/user/1000/bus,guid=01a12b5d9c6e72b598e357a469dfd9f0', 'COLORTERM': 'truecolor', 'DEBUGINFOD_URLS': 'https://debuginfod.ubuntu.com', 'WAYLAND_DISPLAY': 'wayland-0', 'ROS_DISTRO': 'lyrical', 'LOGNAME': 'admin', 'MANAGERPIDFDID': '533', '_': '/usr/bin/colcon', 'ROS_VERSION': '2', 'MEMORY_PRESSURE_WATCH': '/sys/fs/cgroup/user.slice/user-1000.slice/user@1000.service/session.slice/dbus.service/memory.pressure', 'XDG_SESSION_CLASS': 'user', 'USERNAME': 'admin', 'TERM': 'xterm-256color', 'GNOME_DESKTOP_SESSION_ID': 'this-is-deprecated', 'FLATPAK_TTY_PROGRESS': '1', 'PATH': '/opt/ros/lyrical/bin:/usr/local/sbin:/usr/local/bin:/usr/sbin:/usr/bin:/sbin:/bin:/usr/games:/usr/local/games:/snap/bin:/snap/bin', 'INVOCATION_ID': '922b0636287f40b9bd59f8525fd3668e', 'PAPERSIZE': 'a4', 'XDG_MENU_PREFIX': 'gnome-', 'PTYXIS_PROFILE': '46b325db7867804b9a1cc0046a1f6a7b', 'LC_ADDRESS': 'C.UTF-8', 'GNOME_SETUP_DISPLAY': 'unix:/tmp/.X11-unix/X1', 'XDG_RUNTIME_DIR': '/run/user/1000', 'DISPLAY': ':0', 'LANG': 'en_US.UTF-8', 'XDG_CURRENT_DESKTOP': 'ubuntu:GNOME', 'LC_TELEPHONE': 'C.UTF-8', 'XMODIFIERS': '@im=ibus', 'XDG_SESSION_DESKTOP': 'ubuntu', 'XAUTHORITY': '/run/user/1000/.mutter-Xwaylandauth.YTOCN3', 'LS_COLORS': 'rs=0:di=01;34:ln=01;36:mh=00:pi=40;33:so=01;35:do=01;35:bd=40;33;01:cd=40;33;01:or=40;31;01:mi=00:su=37;41:sg=30;43:ca=00:tw=30;42:ow=34;42:st=37;44:ex=01;32:*.tar=01;31:*.tgz=01;31:*.arc=01;31:*.arj=01;31:*.taz=01;31:*.lha=01;31:*.lz4=01;31:*.lzh=01;31:*.lzma=01;31:*.tlz=01;31:*.txz=01;31:*.tzo=01;31:*.t7z=01;31:*.zip=01;31:*.z=01;31:*.dz=01;31:*.gz=01;31:*.lrz=01;31:*.lz=01;31:*.lzo=01;31:*.xz=01;31:*.zst=01;31:*.tzst=01;31:*.bz2=01;31:*.bz=01;31:*.tbz=01;31:*.tbz2=01;31:*.tz=01;31:*.deb=01;31:*.rpm=01;31:*.jar=01;31:*.war=01;31:*.ear=01;31:*.sar=01;31:*.rar=01;31:*.alz=01;31:*.ace=01;31:*.zoo=01;31:*.cpio=01;31:*.7z=01;31:*.rz=01;31:*.cab=01;31:*.wim=01;31:*.swm=01;31:*.dwm=01;31:*.esd=01;31:*.avif=01;35:*.jpg=01;35:*.jpeg=01;35:*.mjpg=01;35:*.mjpeg=01;35:*.gif=01;35:*.bmp=01;35:*.pbm=01;35:*.pgm=01;35:*.ppm=01;35:*.tga=01;35:*.xbm=01;35:*.xpm=01;35:*.tif=01;35:*.tiff=01;35:*.png=01;35:*.svg=01;35:*.svgz=01;35:*.mng=01;35:*.pcx=01;35:*.mov=01;35:*.mpg=01;35:*.mpeg=01;35:*.m2v=01;35:*.mkv=01;35:*.webm=01;35:*.webp=01;35:*.ogm=01;35:*.mp4=01;35:*.m4v=01;35:*.mp4v=01;35:*.vob=01;35:*.qt=01;35:*.nuv=01;35:*.wmv=01;35:*.asf=01;35:*.rm=01;35:*.rmvb=01;35:*.flc=01;35:*.avi=01;35:*.fli=01;35:*.flv=01;35:*.gl=01;35:*.dl=01;35:*.xcf=01;35:*.xwd=01;35:*.yuv=01;35:*.cgm=01;35:*.emf=01;35:*.ogv=01;35:*.ogx=01;35:*.aac=00;36:*.au=00;36:*.flac=00;36:*.m4a=00;36:*.mid=00;36:*.midi=00;36:*.mka=00;36:*.mp3=00;36:*.mpc=00;36:*.ogg=00;36:*.ra=00;36:*.wav=00;36:*.oga=00;36:*.opus=00;36:*.spx=00;36:*.xspf=00;36:*~=00;90:*#=00;90:*.bak=00;90:*.old=00;90:*.orig=00;90:*.part=00;90:*.rej=00;90:*.swp=00;90:*.tmp=00;90:*.dpkg-dist=00;90:*.dpkg-old=00;90:*.ucf-dist=00;90:*.ucf-new=00;90:*.ucf-old=00;90:*.rpmnew=00;90:*.rpmorig=00;90:*.rpmsave=00;90:', 'SSH_AUTH_SOCK': '/run/user/1000/gcr/ssh', 'AMENT_PREFIX_PATH': '/opt/ros/lyrical', 'SHELL': '/bin/bash', 'LC_NAME': 'C.UTF-8', 'QT_ACCESSIBILITY': '1', 'GDMSESSION': 'ubuntu', 'LESSCLOSE': '/usr/bin/lesspipe %s %s', 'LC_MEASUREMENT': 'C.UTF-8', 'GPG_AGENT_INFO': '/run/user/1000/gnupg/S.gpg-agent:0:1', 'LC_IDENTIFICATION': 'C.UTF-8', 'GSK_RENDERER': 'gl', 'ROS_AUTOMATIC_DISCOVERY_RANGE': 'SUBNET', 'QT_IM_MODULE': 'ibus', 'PWD': '/home/public/ros2ws/build/turtlesim_msgs', 'XDG_CONFIG_DIRS': '/etc/xdg/xdg-ubuntu:/etc/xdg', 'DBUS_STARTER_ADDRESS': 'unix:path=/run/user/1000/bus,guid=01a12b5d9c6e72b598e357a469dfd9f0', 'XDG_DATA_DIRS': '/usr/share/ubuntu:/usr/share/gnome:/usr/local/share/:/usr/share/:/var/lib/snapd/desktop', 'XDG_SESSION_EXTRA_DEVICE_ACCESS': 'render:accel', 'PYTHONPATH': '/opt/ros/lyrical/opt/gz_math_vendor/lib/python:/opt/ros/lyrical/lib/python3.14/site-packages', 'LC_NUMERIC': 'C.UTF-8', 'LC_PAPER': 'C.UTF-8', 'COLCON': '1', 'QT_IM_MODULES': 'wayland;ibus', 'MEMORY_PRESSURE_WRITE': 'c29tZSAyMDAwMDAgMjAwMDAwMAA=', 'VTE_VERSION': '8400', 'CMAKE_PREFIX_PATH': '/opt/ros/lyrical/opt/gz_math_vendor:/opt/ros/lyrical/opt/gz_utils_vendor:/opt/ros/lyrical/opt/gz_cmake_vendor:/opt/ros/lyrical'}), 'shell': False}
[1.771655] (turtlesim_msgs) StdoutLine: {'line': b'-- Install configuration: ""\n'}
[1.775235] (turtlesim_msgs) StdoutLine: {'line': b'-- Execute custom install script\n'}
[1.782153] (turtlesim_msgs) StdoutLine: {'line': b'-- Up-to-date symlink: /home/public/ros2ws/install/turtlesim_msgs/share/ament_index/resource_index/rosidl_interfaces/turtlesim_msgs\n'}
[1.784343] (turtlesim_msgs) StdoutLine: {'line': b'-- Up-to-date symlink: /home/public/ros2ws/install/turtlesim_msgs/share/turtlesim_msgs/action/RotateAbsolute.json\n'}
[1.786149] (turtlesim_msgs) StdoutLine: {'line': b'-- Up-to-date symlink: /home/public/ros2ws/install/turtlesim_msgs/share/turtlesim_msgs/msg/Color.json\n'}
[1.789452] (turtlesim_msgs) StdoutLine: {'line': b'-- Up-to-date symlink: /home/public/ros2ws/install/turtlesim_msgs/share/turtlesim_msgs/msg/Pose.json\n'}
[1.791224] (turtlesim_msgs) StdoutLine: {'line': b'-- Up-to-date symlink: /home/public/ros2ws/install/turtlesim_msgs/share/turtlesim_msgs/srv/Kill.json\n'}
[1.792996] (turtlesim_msgs) StdoutLine: {'line': b'-- Up-to-date symlink: /home/public/ros2ws/install/turtlesim_msgs/share/turtlesim_msgs/srv/SetPen.json\n'}
[1.795061] (turtlesim_msgs) StdoutLine: {'line': b'-- Up-to-date symlink: /home/public/ros2ws/install/turtlesim_msgs/share/turtlesim_msgs/srv/Spawn.json\n'}
[1.797001] (turtlesim_msgs) StdoutLine: {'line': b'-- Up-to-date symlink: /home/public/ros2ws/install/turtlesim_msgs/share/turtlesim_msgs/srv/TeleportAbsolute.json\n'}
[1.799362] (turtlesim_msgs) StdoutLine: {'line': b'-- Up-to-date symlink: /home/public/ros2ws/install/turtlesim_msgs/share/turtlesim_msgs/srv/TeleportRelative.json\n'}
[1.805005] (turtlesim_msgs) StdoutLine: {'line': b'-- Up-to-date symlink: /home/public/ros2ws/install/turtlesim_msgs/include/turtlesim_msgs/turtlesim_msgs/action/detail/rotate_absolute__functions.h\n'}
[1.805866] (turtlesim_msgs) StdoutLine: {'line': b'-- Up-to-date symlink: /home/public/ros2ws/install/turtlesim_msgs/include/turtlesim_msgs/turtlesim_msgs/action/detail/rotate_absolute__struct.h\n'}
[1.807132] (turtlesim_msgs) StdoutLine: {'line': b'-- Up-to-date symlink: /home/public/ros2ws/install/turtlesim_msgs/include/turtlesim_msgs/turtlesim_msgs/action/detail/rotate_absolute__type_support.h\n'}
[1.807992] (turtlesim_msgs) StdoutLine: {'line': b'-- Up-to-date symlink: /home/public/ros2ws/install/turtlesim_msgs/include/turtlesim_msgs/turtlesim_msgs/action/rotate_absolute.h\n'}
[1.810726] (turtlesim_msgs) StdoutLine: {'line': b'-- Up-to-date symlink: /home/public/ros2ws/install/turtlesim_msgs/include/turtlesim_msgs/turtlesim_msgs/msg/color.h\n'}
[1.812316] (turtlesim_msgs) StdoutLine: {'line': b'-- Up-to-date symlink: /home/public/ros2ws/install/turtlesim_msgs/include/turtlesim_msgs/turtlesim_msgs/msg/detail/color__functions.h\n'}
[1.813269] (turtlesim_msgs) StdoutLine: {'line': b'-- Up-to-date symlink: /home/public/ros2ws/install/turtlesim_msgs/include/turtlesim_msgs/turtlesim_msgs/msg/detail/color__struct.h\n'}
[1.814215] (turtlesim_msgs) StdoutLine: {'line': b'-- Up-to-date symlink: /home/public/ros2ws/install/turtlesim_msgs/include/turtlesim_msgs/turtlesim_msgs/msg/detail/color__type_support.h\n'}
[1.815181] (turtlesim_msgs) StdoutLine: {'line': b'-- Up-to-date symlink: /home/public/ros2ws/install/turtlesim_msgs/include/turtlesim_msgs/turtlesim_msgs/msg/detail/pose__functions.h\n'}
[1.816504] (turtlesim_msgs) StdoutLine: {'line': b'-- Up-to-date symlink: /home/public/ros2ws/install/turtlesim_msgs/include/turtlesim_msgs/turtlesim_msgs/msg/detail/pose__struct.h\n'}
[1.817663] (-) TimerEvent: {}
[1.818238] (turtlesim_msgs) StdoutLine: {'line': b'-- Up-to-date symlink: /home/public/ros2ws/install/turtlesim_msgs/include/turtlesim_msgs/turtlesim_msgs/msg/detail/pose__type_support.h\n'}
[1.821944] (turtlesim_msgs) StdoutLine: {'line': b'-- Up-to-date symlink: /home/public/ros2ws/install/turtlesim_msgs/include/turtlesim_msgs/turtlesim_msgs/msg/pose.h\n'}
[1.824911] (turtlesim_msgs) StdoutLine: {'line': b'-- Up-to-date symlink: /home/public/ros2ws/install/turtlesim_msgs/include/turtlesim_msgs/turtlesim_msgs/msg/rosidl_generator_c__visibility_control.h\n'}
[1.830542] (turtlesim_msgs) StdoutLine: {'line': b'-- Up-to-date symlink: /home/public/ros2ws/install/turtlesim_msgs/include/turtlesim_msgs/turtlesim_msgs/srv/detail/kill__functions.h\n'}
[1.831713] (turtlesim_msgs) StdoutLine: {'line': b'-- Up-to-date symlink: /home/public/ros2ws/install/turtlesim_msgs/include/turtlesim_msgs/turtlesim_msgs/srv/detail/kill__struct.h\n'}
[1.832281] (turtlesim_msgs) StdoutLine: {'line': b'-- Up-to-date symlink: /home/public/ros2ws/install/turtlesim_msgs/include/turtlesim_msgs/turtlesim_msgs/srv/detail/kill__type_support.h\n'}
[1.833225] (turtlesim_msgs) StdoutLine: {'line': b'-- Up-to-date symlink: /home/public/ros2ws/install/turtlesim_msgs/include/turtlesim_msgs/turtlesim_msgs/srv/detail/set_pen__functions.h\n'}
[1.834920] (turtlesim_msgs) StdoutLine: {'line': b'-- Up-to-date symlink: /home/public/ros2ws/install/turtlesim_msgs/include/turtlesim_msgs/turtlesim_msgs/srv/detail/set_pen__struct.h\n'}
[1.843285] (turtlesim_msgs) StdoutLine: {'line': b'-- Up-to-date symlink: /home/public/ros2ws/install/turtlesim_msgs/include/turtlesim_msgs/turtlesim_msgs/srv/detail/set_pen__type_support.h\n'}
[1.844931] (turtlesim_msgs) StdoutLine: {'line': b'-- Up-to-date symlink: /home/public/ros2ws/install/turtlesim_msgs/include/turtlesim_msgs/turtlesim_msgs/srv/detail/spawn__functions.h\n'}
[1.846409] (turtlesim_msgs) StdoutLine: {'line': b'-- Up-to-date symlink: /home/public/ros2ws/install/turtlesim_msgs/include/turtlesim_msgs/turtlesim_msgs/srv/detail/spawn__struct.h\n'}
[1.847776] (turtlesim_msgs) StdoutLine: {'line': b'-- Up-to-date symlink: /home/public/ros2ws/install/turtlesim_msgs/include/turtlesim_msgs/turtlesim_msgs/srv/detail/spawn__type_support.h\n'}
[1.849058] (turtlesim_msgs) StdoutLine: {'line': b'-- Up-to-date symlink: /home/public/ros2ws/install/turtlesim_msgs/include/turtlesim_msgs/turtlesim_msgs/srv/detail/teleport_absolute__functions.h\n'}
[1.850223] (turtlesim_msgs) StdoutLine: {'line': b'-- Up-to-date symlink: /home/public/ros2ws/install/turtlesim_msgs/include/turtlesim_msgs/turtlesim_msgs/srv/detail/teleport_absolute__struct.h\n'}
[1.851357] (turtlesim_msgs) StdoutLine: {'line': b'-- Up-to-date symlink: /home/public/ros2ws/install/turtlesim_msgs/include/turtlesim_msgs/turtlesim_msgs/srv/detail/teleport_absolute__type_support.h\n'}
[1.852470] (turtlesim_msgs) StdoutLine: {'line': b'-- Up-to-date symlink: /home/public/ros2ws/install/turtlesim_msgs/include/turtlesim_msgs/turtlesim_msgs/srv/detail/teleport_relative__functions.h\n'}
[1.853567] (turtlesim_msgs) StdoutLine: {'line': b'-- Up-to-date symlink: /home/public/ros2ws/install/turtlesim_msgs/include/turtlesim_msgs/turtlesim_msgs/srv/detail/teleport_relative__struct.h\n'}
[1.854840] (turtlesim_msgs) StdoutLine: {'line': b'-- Up-to-date symlink: /home/public/ros2ws/install/turtlesim_msgs/include/turtlesim_msgs/turtlesim_msgs/srv/detail/teleport_relative__type_support.h\n'}
[1.855707] (turtlesim_msgs) StdoutLine: {'line': b'-- Up-to-date symlink: /home/public/ros2ws/install/turtlesim_msgs/include/turtlesim_msgs/turtlesim_msgs/srv/kill.h\n'}
[1.856357] (turtlesim_msgs) StdoutLine: {'line': b'-- Up-to-date symlink: /home/public/ros2ws/install/turtlesim_msgs/include/turtlesim_msgs/turtlesim_msgs/srv/set_pen.h\n'}
[1.858506] (turtlesim_msgs) StdoutLine: {'line': b'-- Up-to-date symlink: /home/public/ros2ws/install/turtlesim_msgs/include/turtlesim_msgs/turtlesim_msgs/srv/spawn.h\n'}
[1.859460] (turtlesim_msgs) StdoutLine: {'line': b'-- Up-to-date symlink: /home/public/ros2ws/install/turtlesim_msgs/include/turtlesim_msgs/turtlesim_msgs/srv/teleport_absolute.h\n'}
[1.860150] (turtlesim_msgs) StdoutLine: {'line': b'-- Up-to-date symlink: /home/public/ros2ws/install/turtlesim_msgs/include/turtlesim_msgs/turtlesim_msgs/srv/teleport_relative.h\n'}
[1.862828] (turtlesim_msgs) StdoutLine: {'line': b'-- Up-to-date symlink: /home/public/ros2ws/install/turtlesim_msgs/share/turtlesim_msgs/environment/library_path.sh\n'}
[1.865379] (turtlesim_msgs) StdoutLine: {'line': b'-- Up-to-date symlink: /home/public/ros2ws/install/turtlesim_msgs/share/turtlesim_msgs/environment/library_path.dsv\n'}
[1.865991] (turtlesim_msgs) StdoutLine: {'line': b'-- Up-to-date symlink: /home/public/ros2ws/install/turtlesim_msgs/include/turtlesim_msgs/turtlesim_msgs/action/detail/rotate_absolute__rosidl_typesupport_fastrtps_c.h\n'}
[1.867189] (turtlesim_msgs) StdoutLine: {'line': b'-- Up-to-date symlink: /home/public/ros2ws/install/turtlesim_msgs/include/turtlesim_msgs/turtlesim_msgs/msg/detail/color__rosidl_typesupport_fastrtps_c.h\n'}
[1.868386] (turtlesim_msgs) StdoutLine: {'line': b'-- Up-to-date symlink: /home/public/ros2ws/install/turtlesim_msgs/include/turtlesim_msgs/turtlesim_msgs/msg/detail/pose__rosidl_typesupport_fastrtps_c.h\n'}
[1.869553] (turtlesim_msgs) StdoutLine: {'line': b'-- Up-to-date symlink: /home/public/ros2ws/install/turtlesim_msgs/include/turtlesim_msgs/turtlesim_msgs/msg/rosidl_typesupport_fastrtps_c__visibility_control.h\n'}
[1.871019] (turtlesim_msgs) StdoutLine: {'line': b'-- Up-to-date symlink: /home/public/ros2ws/install/turtlesim_msgs/include/turtlesim_msgs/turtlesim_msgs/srv/detail/kill__rosidl_typesupport_fastrtps_c.h\n'}
[1.871694] (turtlesim_msgs) StdoutLine: {'line': b'-- Up-to-date symlink: /home/public/ros2ws/install/turtlesim_msgs/include/turtlesim_msgs/turtlesim_msgs/srv/detail/set_pen__rosidl_typesupport_fastrtps_c.h\n'}
[1.872744] (turtlesim_msgs) StdoutLine: {'line': b'-- Up-to-date symlink: /home/public/ros2ws/install/turtlesim_msgs/include/turtlesim_msgs/turtlesim_msgs/srv/detail/spawn__rosidl_typesupport_fastrtps_c.h\n'}
[1.874241] (turtlesim_msgs) StdoutLine: {'line': b'-- Up-to-date symlink: /home/public/ros2ws/install/turtlesim_msgs/include/turtlesim_msgs/turtlesim_msgs/srv/detail/teleport_absolute__rosidl_typesupport_fastrtps_c.h\n'}
[1.876409] (turtlesim_msgs) StdoutLine: {'line': b'-- Up-to-date symlink: /home/public/ros2ws/install/turtlesim_msgs/include/turtlesim_msgs/turtlesim_msgs/srv/detail/teleport_relative__rosidl_typesupport_fastrtps_c.h\n'}
[1.877115] (turtlesim_msgs) StdoutLine: {'line': b'-- Up-to-date symlink: /home/public/ros2ws/install/turtlesim_msgs/include/turtlesim_msgs/turtlesim_msgs/action/detail/rotate_absolute__builder.hpp\n'}
[1.878541] (turtlesim_msgs) StdoutLine: {'line': b'-- Up-to-date symlink: /home/public/ros2ws/install/turtlesim_msgs/include/turtlesim_msgs/turtlesim_msgs/action/detail/rotate_absolute__struct.hpp\n'}
[1.880096] (turtlesim_msgs) StdoutLine: {'line': b'-- Up-to-date symlink: /home/public/ros2ws/install/turtlesim_msgs/include/turtlesim_msgs/turtlesim_msgs/action/detail/rotate_absolute__traits.hpp\n'}
[1.881526] (turtlesim_msgs) StdoutLine: {'line': b'-- Up-to-date symlink: /home/public/ros2ws/install/turtlesim_msgs/include/turtlesim_msgs/turtlesim_msgs/action/detail/rotate_absolute__type_support.hpp\n'}
[1.883008] (turtlesim_msgs) StdoutLine: {'line': b'-- Up-to-date symlink: /home/public/ros2ws/install/turtlesim_msgs/include/turtlesim_msgs/turtlesim_msgs/action/rotate_absolute.hpp\n'}
[1.883678] (turtlesim_msgs) StdoutLine: {'line': b'-- Up-to-date symlink: /home/public/ros2ws/install/turtlesim_msgs/include/turtlesim_msgs/turtlesim_msgs/msg/color.hpp\n'}
[1.884722] (turtlesim_msgs) StdoutLine: {'line': b'-- Up-to-date symlink: /home/public/ros2ws/install/turtlesim_msgs/include/turtlesim_msgs/turtlesim_msgs/msg/detail/color__builder.hpp\n'}
[1.885904] (turtlesim_msgs) StdoutLine: {'line': b'-- Up-to-date symlink: /home/public/ros2ws/install/turtlesim_msgs/include/turtlesim_msgs/turtlesim_msgs/msg/detail/color__struct.hpp\n'}
[1.886751] (turtlesim_msgs) StdoutLine: {'line': b'-- Up-to-date symlink: /home/public/ros2ws/install/turtlesim_msgs/include/turtlesim_msgs/turtlesim_msgs/msg/detail/color__traits.hpp\n'}
[1.887396] (turtlesim_msgs) StdoutLine: {'line': b'-- Up-to-date symlink: /home/public/ros2ws/install/turtlesim_msgs/include/turtlesim_msgs/turtlesim_msgs/msg/detail/color__type_support.hpp\n'}
[1.888533] (turtlesim_msgs) StdoutLine: {'line': b'-- Up-to-date symlink: /home/public/ros2ws/install/turtlesim_msgs/include/turtlesim_msgs/turtlesim_msgs/msg/detail/pose__builder.hpp\n'}
[1.889907] (turtlesim_msgs) StdoutLine: {'line': b'-- Up-to-date symlink: /home/public/ros2ws/install/turtlesim_msgs/include/turtlesim_msgs/turtlesim_msgs/msg/detail/pose__struct.hpp\n'}
[1.890582] (turtlesim_msgs) StdoutLine: {'line': b'-- Up-to-date symlink: /home/public/ros2ws/install/turtlesim_msgs/include/turtlesim_msgs/turtlesim_msgs/msg/detail/pose__traits.hpp\n'}
[1.891789] (turtlesim_msgs) StdoutLine: {'line': b'-- Up-to-date symlink: /home/public/ros2ws/install/turtlesim_msgs/include/turtlesim_msgs/turtlesim_msgs/msg/detail/pose__type_support.hpp\n'}
[1.892620] (turtlesim_msgs) StdoutLine: {'line': b'-- Up-to-date symlink: /home/public/ros2ws/install/turtlesim_msgs/include/turtlesim_msgs/turtlesim_msgs/msg/pose.hpp\n'}
[1.893260] (turtlesim_msgs) StdoutLine: {'line': b'-- Up-to-date symlink: /home/public/ros2ws/install/turtlesim_msgs/include/turtlesim_msgs/turtlesim_msgs/msg/rosidl_generator_cpp__visibility_control.hpp\n'}
[1.894246] (turtlesim_msgs) StdoutLine: {'line': b'-- Up-to-date symlink: /home/public/ros2ws/install/turtlesim_msgs/include/turtlesim_msgs/turtlesim_msgs/srv/detail/kill__builder.hpp\n'}
[1.895376] (turtlesim_msgs) StdoutLine: {'line': b'-- Up-to-date symlink: /home/public/ros2ws/install/turtlesim_msgs/include/turtlesim_msgs/turtlesim_msgs/srv/detail/kill__struct.hpp\n'}
[1.896182] (turtlesim_msgs) StdoutLine: {'line': b'-- Up-to-date symlink: /home/public/ros2ws/install/turtlesim_msgs/include/turtlesim_msgs/turtlesim_msgs/srv/detail/kill__traits.hpp\n'}
[1.896806] (turtlesim_msgs) StdoutLine: {'line': b'-- Up-to-date symlink: /home/public/ros2ws/install/turtlesim_msgs/include/turtlesim_msgs/turtlesim_msgs/srv/detail/kill__type_support.hpp\n'}
[1.897781] (turtlesim_msgs) StdoutLine: {'line': b'-- Up-to-date symlink: /home/public/ros2ws/install/turtlesim_msgs/include/turtlesim_msgs/turtlesim_msgs/srv/detail/set_pen__builder.hpp\n'}
[1.898911] (turtlesim_msgs) StdoutLine: {'line': b'-- Up-to-date symlink: /home/public/ros2ws/install/turtlesim_msgs/include/turtlesim_msgs/turtlesim_msgs/srv/detail/set_pen__struct.hpp\n'}
[1.899704] (turtlesim_msgs) StdoutLine: {'line': b'-- Up-to-date symlink: /home/public/ros2ws/install/turtlesim_msgs/include/turtlesim_msgs/turtlesim_msgs/srv/detail/set_pen__traits.hpp\n'}
[1.900346] (turtlesim_msgs) StdoutLine: {'line': b'-- Up-to-date symlink: /home/public/ros2ws/install/turtlesim_msgs/include/turtlesim_msgs/turtlesim_msgs/srv/detail/set_pen__type_support.hpp\n'}
[1.901319] (turtlesim_msgs) StdoutLine: {'line': b'-- Up-to-date symlink: /home/public/ros2ws/install/turtlesim_msgs/include/turtlesim_msgs/turtlesim_msgs/srv/detail/spawn__builder.hpp\n'}
[1.902505] (turtlesim_msgs) StdoutLine: {'line': b'-- Up-to-date symlink: /home/public/ros2ws/install/turtlesim_msgs/include/turtlesim_msgs/turtlesim_msgs/srv/detail/spawn__struct.hpp\n'}
[1.903358] (turtlesim_msgs) StdoutLine: {'line': b'-- Up-to-date symlink: /home/public/ros2ws/install/turtlesim_msgs/include/turtlesim_msgs/turtlesim_msgs/srv/detail/spawn__traits.hpp\n'}
[1.903997] (turtlesim_msgs) StdoutLine: {'line': b'-- Up-to-date symlink: /home/public/ros2ws/install/turtlesim_msgs/include/turtlesim_msgs/turtlesim_msgs/srv/detail/spawn__type_support.hpp\n'}
[1.904990] (turtlesim_msgs) StdoutLine: {'line': b'-- Up-to-date symlink: /home/public/ros2ws/install/turtlesim_msgs/include/turtlesim_msgs/turtlesim_msgs/srv/detail/teleport_absolute__builder.hpp\n'}
[1.906036] (turtlesim_msgs) StdoutLine: {'line': b'-- Up-to-date symlink: /home/public/ros2ws/install/turtlesim_msgs/include/turtlesim_msgs/turtlesim_msgs/srv/detail/teleport_absolute__struct.hpp\n'}
[1.906829] (turtlesim_msgs) StdoutLine: {'line': b'-- Up-to-date symlink: /home/public/ros2ws/install/turtlesim_msgs/include/turtlesim_msgs/turtlesim_msgs/srv/detail/teleport_absolute__traits.hpp\n'}
[1.907471] (turtlesim_msgs) StdoutLine: {'line': b'-- Up-to-date symlink: /home/public/ros2ws/install/turtlesim_msgs/include/turtlesim_msgs/turtlesim_msgs/srv/detail/teleport_absolute__type_support.hpp\n'}
[1.908592] (turtlesim_msgs) StdoutLine: {'line': b'-- Up-to-date symlink: /home/public/ros2ws/install/turtlesim_msgs/include/turtlesim_msgs/turtlesim_msgs/srv/detail/teleport_relative__builder.hpp\n'}
[1.909406] (turtlesim_msgs) StdoutLine: {'line': b'-- Up-to-date symlink: /home/public/ros2ws/install/turtlesim_msgs/include/turtlesim_msgs/turtlesim_msgs/srv/detail/teleport_relative__struct.hpp\n'}
[1.910062] (turtlesim_msgs) StdoutLine: {'line': b'-- Up-to-date symlink: /home/public/ros2ws/install/turtlesim_msgs/include/turtlesim_msgs/turtlesim_msgs/srv/detail/teleport_relative__traits.hpp\n'}
[1.911055] (turtlesim_msgs) StdoutLine: {'line': b'-- Up-to-date symlink: /home/public/ros2ws/install/turtlesim_msgs/include/turtlesim_msgs/turtlesim_msgs/srv/detail/teleport_relative__type_support.hpp\n'}
[1.912184] (turtlesim_msgs) StdoutLine: {'line': b'-- Up-to-date symlink: /home/public/ros2ws/install/turtlesim_msgs/include/turtlesim_msgs/turtlesim_msgs/srv/kill.hpp\n'}
[1.912826] (turtlesim_msgs) StdoutLine: {'line': b'-- Up-to-date symlink: /home/public/ros2ws/install/turtlesim_msgs/include/turtlesim_msgs/turtlesim_msgs/srv/set_pen.hpp\n'}
[1.913796] (turtlesim_msgs) StdoutLine: {'line': b'-- Up-to-date symlink: /home/public/ros2ws/install/turtlesim_msgs/include/turtlesim_msgs/turtlesim_msgs/srv/spawn.hpp\n'}
[1.914911] (turtlesim_msgs) StdoutLine: {'line': b'-- Up-to-date symlink: /home/public/ros2ws/install/turtlesim_msgs/include/turtlesim_msgs/turtlesim_msgs/srv/teleport_absolute.hpp\n'}
[1.916517] (turtlesim_msgs) StdoutLine: {'line': b'-- Up-to-date symlink: /home/public/ros2ws/install/turtlesim_msgs/include/turtlesim_msgs/turtlesim_msgs/srv/teleport_relative.hpp\n'}
[1.917192] (turtlesim_msgs) StdoutLine: {'line': b'-- Up-to-date symlink: /home/public/ros2ws/install/turtlesim_msgs/include/turtlesim_msgs/turtlesim_msgs/action/detail/rotate_absolute__rosidl_typesupport_fastrtps_cpp.hpp\n'}
[1.917747] (-) TimerEvent: {}
[1.920379] (turtlesim_msgs) StdoutLine: {'line': b'-- Up-to-date symlink: /home/public/ros2ws/install/turtlesim_msgs/include/turtlesim_msgs/turtlesim_msgs/msg/detail/color__rosidl_typesupport_fastrtps_cpp.hpp\n'}
[1.922401] (turtlesim_msgs) StdoutLine: {'line': b'-- Up-to-date symlink: /home/public/ros2ws/install/turtlesim_msgs/include/turtlesim_msgs/turtlesim_msgs/msg/detail/pose__rosidl_typesupport_fastrtps_cpp.hpp\n'}
[1.930028] (turtlesim_msgs) StdoutLine: {'line': b'-- Up-to-date symlink: /home/public/ros2ws/install/turtlesim_msgs/include/turtlesim_msgs/turtlesim_msgs/msg/rosidl_typesupport_fastrtps_cpp__visibility_control.h\n'}
[1.931085] (turtlesim_msgs) StdoutLine: {'line': b'-- Up-to-date symlink: /home/public/ros2ws/install/turtlesim_msgs/include/turtlesim_msgs/turtlesim_msgs/srv/detail/kill__rosidl_typesupport_fastrtps_cpp.hpp\n'}
[1.932261] (turtlesim_msgs) StdoutLine: {'line': b'-- Up-to-date symlink: /home/public/ros2ws/install/turtlesim_msgs/include/turtlesim_msgs/turtlesim_msgs/srv/detail/set_pen__rosidl_typesupport_fastrtps_cpp.hpp\n'}
[1.932970] (turtlesim_msgs) StdoutLine: {'line': b'-- Up-to-date symlink: /home/public/ros2ws/install/turtlesim_msgs/include/turtlesim_msgs/turtlesim_msgs/srv/detail/spawn__rosidl_typesupport_fastrtps_cpp.hpp\n'}
[1.934021] (turtlesim_msgs) StdoutLine: {'line': b'-- Up-to-date symlink: /home/public/ros2ws/install/turtlesim_msgs/include/turtlesim_msgs/turtlesim_msgs/srv/detail/teleport_absolute__rosidl_typesupport_fastrtps_cpp.hpp\n'}
[1.935019] (turtlesim_msgs) StdoutLine: {'line': b'-- Up-to-date symlink: /home/public/ros2ws/install/turtlesim_msgs/include/turtlesim_msgs/turtlesim_msgs/srv/detail/teleport_relative__rosidl_typesupport_fastrtps_cpp.hpp\n'}
[1.936469] (turtlesim_msgs) StdoutLine: {'line': b'-- Up-to-date symlink: /home/public/ros2ws/install/turtlesim_msgs/include/turtlesim_msgs/turtlesim_msgs/action/detail/rotate_absolute__rosidl_typesupport_introspection_c.h\n'}
[1.937497] (turtlesim_msgs) StdoutLine: {'line': b'-- Up-to-date symlink: /home/public/ros2ws/install/turtlesim_msgs/include/turtlesim_msgs/turtlesim_msgs/msg/detail/color__rosidl_typesupport_introspection_c.h\n'}
[1.938630] (turtlesim_msgs) StdoutLine: {'line': b'-- Up-to-date symlink: /home/public/ros2ws/install/turtlesim_msgs/include/turtlesim_msgs/turtlesim_msgs/msg/detail/pose__rosidl_typesupport_introspection_c.h\n'}
[1.939421] (turtlesim_msgs) StdoutLine: {'line': b'-- Up-to-date symlink: /home/public/ros2ws/install/turtlesim_msgs/include/turtlesim_msgs/turtlesim_msgs/msg/rosidl_typesupport_introspection_c__visibility_control.h\n'}
[1.940050] (turtlesim_msgs) StdoutLine: {'line': b'-- Up-to-date symlink: /home/public/ros2ws/install/turtlesim_msgs/include/turtlesim_msgs/turtlesim_msgs/srv/detail/kill__rosidl_typesupport_introspection_c.h\n'}
[1.940992] (turtlesim_msgs) StdoutLine: {'line': b'-- Up-to-date symlink: /home/public/ros2ws/install/turtlesim_msgs/include/turtlesim_msgs/turtlesim_msgs/srv/detail/set_pen__rosidl_typesupport_introspection_c.h\n'}
[1.942121] (turtlesim_msgs) StdoutLine: {'line': b'-- Up-to-date symlink: /home/public/ros2ws/install/turtlesim_msgs/include/turtlesim_msgs/turtlesim_msgs/srv/detail/spawn__rosidl_typesupport_introspection_c.h\n'}
[1.942954] (turtlesim_msgs) StdoutLine: {'line': b'-- Up-to-date symlink: /home/public/ros2ws/install/turtlesim_msgs/include/turtlesim_msgs/turtlesim_msgs/srv/detail/teleport_absolute__rosidl_typesupport_introspection_c.h\n'}
[1.943594] (turtlesim_msgs) StdoutLine: {'line': b'-- Up-to-date symlink: /home/public/ros2ws/install/turtlesim_msgs/include/turtlesim_msgs/turtlesim_msgs/srv/detail/teleport_relative__rosidl_typesupport_introspection_c.h\n'}
[1.945255] (turtlesim_msgs) StdoutLine: {'line': b'-- Up-to-date symlink: /home/public/ros2ws/install/turtlesim_msgs/include/turtlesim_msgs/turtlesim_msgs/action/detail/rotate_absolute__rosidl_typesupport_introspection_cpp.hpp\n'}
[1.946090] (turtlesim_msgs) StdoutLine: {'line': b'-- Up-to-date symlink: /home/public/ros2ws/install/turtlesim_msgs/include/turtlesim_msgs/turtlesim_msgs/msg/detail/color__rosidl_typesupport_introspection_cpp.hpp\n'}
[1.946738] (turtlesim_msgs) StdoutLine: {'line': b'-- Up-to-date symlink: /home/public/ros2ws/install/turtlesim_msgs/include/turtlesim_msgs/turtlesim_msgs/msg/detail/pose__rosidl_typesupport_introspection_cpp.hpp\n'}
[1.947953] (turtlesim_msgs) StdoutLine: {'line': b'-- Up-to-date symlink: /home/public/ros2ws/install/turtlesim_msgs/include/turtlesim_msgs/turtlesim_msgs/srv/detail/kill__rosidl_typesupport_introspection_cpp.hpp\n'}
[1.948762] (turtlesim_msgs) StdoutLine: {'line': b'-- Up-to-date symlink: /home/public/ros2ws/install/turtlesim_msgs/include/turtlesim_msgs/turtlesim_msgs/srv/detail/set_pen__rosidl_typesupport_introspection_cpp.hpp\n'}
[1.949413] (turtlesim_msgs) StdoutLine: {'line': b'-- Up-to-date symlink: /home/public/ros2ws/install/turtlesim_msgs/include/turtlesim_msgs/turtlesim_msgs/srv/detail/spawn__rosidl_typesupport_introspection_cpp.hpp\n'}
[1.951999] (turtlesim_msgs) StdoutLine: {'line': b'-- Up-to-date symlink: /home/public/ros2ws/install/turtlesim_msgs/include/turtlesim_msgs/turtlesim_msgs/srv/detail/teleport_absolute__rosidl_typesupport_introspection_cpp.hpp\n'}
[1.955588] (turtlesim_msgs) StdoutLine: {'line': b'-- Up-to-date symlink: /home/public/ros2ws/install/turtlesim_msgs/include/turtlesim_msgs/turtlesim_msgs/srv/detail/teleport_relative__rosidl_typesupport_introspection_cpp.hpp\n'}
[1.955789] (turtlesim_msgs) StdoutLine: {'line': b'-- Up-to-date symlink: /home/public/ros2ws/install/turtlesim_msgs/share/turtlesim_msgs/environment/pythonpath.sh\n'}
[1.956276] (turtlesim_msgs) StdoutLine: {'line': b'-- Up-to-date symlink: /home/public/ros2ws/install/turtlesim_msgs/share/turtlesim_msgs/environment/pythonpath.dsv\n'}
[1.960213] (turtlesim_msgs) StdoutLine: {'line': b'-- Up-to-date symlink: /home/public/ros2ws/install/turtlesim_msgs/lib/python3.14/site-packages/turtlesim_msgs/turtlesim_msgs_s__rosidl_typesupport_fastrtps_c.so\n'}
[1.962176] (turtlesim_msgs) StdoutLine: {'line': b'-- Up-to-date symlink: /home/public/ros2ws/install/turtlesim_msgs/lib/python3.14/site-packages/turtlesim_msgs/turtlesim_msgs_s__rosidl_typesupport_introspection_c.so\n'}
[1.964197] (turtlesim_msgs) StdoutLine: {'line': b'-- Up-to-date symlink: /home/public/ros2ws/install/turtlesim_msgs/lib/python3.14/site-packages/turtlesim_msgs/turtlesim_msgs_s__rosidl_typesupport_c.so\n'}
[1.966650] (turtlesim_msgs) StdoutLine: {'line': b'-- Up-to-date symlink: /home/public/ros2ws/install/turtlesim_msgs/share/ament_index/resource_index/rust_packages/turtlesim_msgs\n'}
[1.968654] (turtlesim_msgs) StdoutLine: {'line': b'-- Up-to-date symlink: /home/public/ros2ws/install/turtlesim_msgs/share/turtlesim_msgs/rust/Cargo.toml\n'}
[1.969678] (turtlesim_msgs) StdoutLine: {'line': b'-- Up-to-date symlink: /home/public/ros2ws/install/turtlesim_msgs/share/turtlesim_msgs/rust/build.rs\n'}
[1.971389] (turtlesim_msgs) StdoutLine: {'line': b'-- Up-to-date symlink: /home/public/ros2ws/install/turtlesim_msgs/share/turtlesim_msgs/rust/src/action.rs\n'}
[1.972651] (turtlesim_msgs) StdoutLine: {'line': b'-- Up-to-date symlink: /home/public/ros2ws/install/turtlesim_msgs/share/turtlesim_msgs/rust/src/action/rmw.rs\n'}
[1.973799] (turtlesim_msgs) StdoutLine: {'line': b'-- Up-to-date symlink: /home/public/ros2ws/install/turtlesim_msgs/share/turtlesim_msgs/rust/src/lib.rs\n'}
[1.974486] (turtlesim_msgs) StdoutLine: {'line': b'-- Up-to-date symlink: /home/public/ros2ws/install/turtlesim_msgs/share/turtlesim_msgs/rust/src/msg.rs\n'}
[1.976418] (turtlesim_msgs) StdoutLine: {'line': b'-- Up-to-date symlink: /home/public/ros2ws/install/turtlesim_msgs/share/turtlesim_msgs/rust/src/msg/rmw.rs\n'}
[1.977075] (turtlesim_msgs) StdoutLine: {'line': b'-- Up-to-date symlink: /home/public/ros2ws/install/turtlesim_msgs/share/turtlesim_msgs/rust/src/srv.rs\n'}
[1.978763] (turtlesim_msgs) StdoutLine: {'line': b'-- Up-to-date symlink: /home/public/ros2ws/install/turtlesim_msgs/share/turtlesim_msgs/rust/src/srv/rmw.rs\n'}
[1.980196] (turtlesim_msgs) StdoutLine: {'line': b'-- Up-to-date symlink: /home/public/ros2ws/install/turtlesim_msgs/share/turtlesim_msgs/action/RotateAbsolute.idl\n'}
[1.981970] (turtlesim_msgs) StdoutLine: {'line': b'-- Up-to-date symlink: /home/public/ros2ws/install/turtlesim_msgs/share/turtlesim_msgs/msg/Color.idl\n'}
[1.983789] (turtlesim_msgs) StdoutLine: {'line': b'-- Up-to-date symlink: /home/public/ros2ws/install/turtlesim_msgs/share/turtlesim_msgs/msg/Pose.idl\n'}
[1.985685] (turtlesim_msgs) StdoutLine: {'line': b'-- Up-to-date symlink: /home/public/ros2ws/install/turtlesim_msgs/share/turtlesim_msgs/srv/Kill.idl\n'}
[1.987237] (turtlesim_msgs) StdoutLine: {'line': b'-- Up-to-date symlink: /home/public/ros2ws/install/turtlesim_msgs/share/turtlesim_msgs/srv/SetPen.idl\n'}
[1.988693] (turtlesim_msgs) StdoutLine: {'line': b'-- Up-to-date symlink: /home/public/ros2ws/install/turtlesim_msgs/share/turtlesim_msgs/srv/Spawn.idl\n'}
[1.990408] (turtlesim_msgs) StdoutLine: {'line': b'-- Up-to-date symlink: /home/public/ros2ws/install/turtlesim_msgs/share/turtlesim_msgs/srv/TeleportAbsolute.idl\n'}
[1.991916] (turtlesim_msgs) StdoutLine: {'line': b'-- Up-to-date symlink: /home/public/ros2ws/install/turtlesim_msgs/share/turtlesim_msgs/srv/TeleportRelative.idl\n'}
[1.993499] (turtlesim_msgs) StdoutLine: {'line': b'-- Up-to-date symlink: /home/public/ros2ws/install/turtlesim_msgs/share/turtlesim_msgs/action/RotateAbsolute.action\n'}
[1.995690] (turtlesim_msgs) StdoutLine: {'line': b'-- Up-to-date symlink: /home/public/ros2ws/install/turtlesim_msgs/share/turtlesim_msgs/msg/Color.msg\n'}
[1.997907] (turtlesim_msgs) StdoutLine: {'line': b'-- Up-to-date symlink: /home/public/ros2ws/install/turtlesim_msgs/share/turtlesim_msgs/msg/Pose.msg\n'}
[2.000161] (turtlesim_msgs) StdoutLine: {'line': b'-- Up-to-date symlink: /home/public/ros2ws/install/turtlesim_msgs/share/turtlesim_msgs/srv/Kill.srv\n'}
[2.002414] (turtlesim_msgs) StdoutLine: {'line': b'-- Up-to-date symlink: /home/public/ros2ws/install/turtlesim_msgs/share/turtlesim_msgs/srv/SetPen.srv\n'}
[2.004399] (turtlesim_msgs) StdoutLine: {'line': b'-- Up-to-date symlink: /home/public/ros2ws/install/turtlesim_msgs/share/turtlesim_msgs/srv/Spawn.srv\n'}
[2.007111] (turtlesim_msgs) StdoutLine: {'line': b'-- Up-to-date symlink: /home/public/ros2ws/install/turtlesim_msgs/share/turtlesim_msgs/srv/TeleportAbsolute.srv\n'}
[2.008894] (turtlesim_msgs) StdoutLine: {'line': b'-- Up-to-date symlink: /home/public/ros2ws/install/turtlesim_msgs/share/turtlesim_msgs/srv/TeleportRelative.srv\n'}
[2.011850] (turtlesim_msgs) StdoutLine: {'line': b'-- Up-to-date symlink: /home/public/ros2ws/install/turtlesim_msgs/share/ament_index/resource_index/package_run_dependencies/turtlesim_msgs\n'}
[2.015072] (turtlesim_msgs) StdoutLine: {'line': b'-- Up-to-date symlink: /home/public/ros2ws/install/turtlesim_msgs/share/ament_index/resource_index/parent_prefix_path/turtlesim_msgs\n'}
[2.016735] (turtlesim_msgs) StdoutLine: {'line': b'-- Up-to-date symlink: /home/public/ros2ws/install/turtlesim_msgs/share/turtlesim_msgs/environment/ament_prefix_path.sh\n'}
[2.017827] (-) TimerEvent: {}
[2.018923] (turtlesim_msgs) StdoutLine: {'line': b'-- Up-to-date symlink: /home/public/ros2ws/install/turtlesim_msgs/share/turtlesim_msgs/environment/ament_prefix_path.dsv\n'}
[2.022641] (turtlesim_msgs) StdoutLine: {'line': b'-- Up-to-date symlink: /home/public/ros2ws/install/turtlesim_msgs/share/turtlesim_msgs/environment/path.sh\n'}
[2.024362] (turtlesim_msgs) StdoutLine: {'line': b'-- Up-to-date symlink: /home/public/ros2ws/install/turtlesim_msgs/share/turtlesim_msgs/environment/path.dsv\n'}
[2.028198] (turtlesim_msgs) StdoutLine: {'line': b'-- Up-to-date symlink: /home/public/ros2ws/install/turtlesim_msgs/share/turtlesim_msgs/local_setup.bash\n'}
[2.031479] (turtlesim_msgs) StdoutLine: {'line': b'-- Up-to-date symlink: /home/public/ros2ws/install/turtlesim_msgs/share/turtlesim_msgs/local_setup.fish\n'}
[2.033852] (turtlesim_msgs) StdoutLine: {'line': b'-- Up-to-date symlink: /home/public/ros2ws/install/turtlesim_msgs/share/turtlesim_msgs/local_setup.sh\n'}
[2.037384] (turtlesim_msgs) StdoutLine: {'line': b'-- Up-to-date symlink: /home/public/ros2ws/install/turtlesim_msgs/share/turtlesim_msgs/local_setup.zsh\n'}
[2.039840] (turtlesim_msgs) StdoutLine: {'line': b'-- Up-to-date symlink: /home/public/ros2ws/install/turtlesim_msgs/share/turtlesim_msgs/local_setup.dsv\n'}
[2.041034] (turtlesim_msgs) StdoutLine: {'line': b'-- Symlinking: /home/public/ros2ws/install/turtlesim_msgs/share/turtlesim_msgs/package.dsv\n'}
[2.062923] (turtlesim_msgs) StdoutLine: {'line': b'-- Up-to-date symlink: /home/public/ros2ws/install/turtlesim_msgs/share/ament_index/resource_index/packages/turtlesim_msgs\n'}
[2.065220] (turtlesim_msgs) StdoutLine: {'line': b'-- Up-to-date symlink: /home/public/ros2ws/install/turtlesim_msgs/lib/python3.14/site-packages/turtlesim_msgs-1.10.9-py3.14.egg-info/PKG-INFO\n'}
[2.066292] (turtlesim_msgs) StdoutLine: {'line': b'-- Up-to-date symlink: /home/public/ros2ws/install/turtlesim_msgs/lib/python3.14/site-packages/turtlesim_msgs-1.10.9-py3.14.egg-info/SOURCES.txt\n'}
[2.067363] (turtlesim_msgs) StdoutLine: {'line': b'-- Up-to-date symlink: /home/public/ros2ws/install/turtlesim_msgs/lib/python3.14/site-packages/turtlesim_msgs-1.10.9-py3.14.egg-info/dependency_links.txt\n'}
[2.070785] (turtlesim_msgs) StdoutLine: {'line': b'-- Up-to-date symlink: /home/public/ros2ws/install/turtlesim_msgs/lib/python3.14/site-packages/turtlesim_msgs-1.10.9-py3.14.egg-info/top_level.txt\n'}
[2.072865] (turtlesim_msgs) StdoutLine: {'line': b'-- Up-to-date symlink: /home/public/ros2ws/install/turtlesim_msgs/lib/python3.14/site-packages/turtlesim_msgs/__init__.py\n'}
[2.073918] (turtlesim_msgs) StdoutLine: {'line': b'-- Up-to-date symlink: /home/public/ros2ws/install/turtlesim_msgs/lib/python3.14/site-packages/turtlesim_msgs/_turtlesim_msgs_s.ep.rosidl_typesupport_c.c\n'}
[2.075012] (turtlesim_msgs) StdoutLine: {'line': b'-- Up-to-date symlink: /home/public/ros2ws/install/turtlesim_msgs/lib/python3.14/site-packages/turtlesim_msgs/_turtlesim_msgs_s.ep.rosidl_typesupport_fastrtps_c.c\n'}
[2.076137] (turtlesim_msgs) StdoutLine: {'line': b'-- Up-to-date symlink: /home/public/ros2ws/install/turtlesim_msgs/lib/python3.14/site-packages/turtlesim_msgs/_turtlesim_msgs_s.ep.rosidl_typesupport_introspection_c.c\n'}
[2.078363] (turtlesim_msgs) StdoutLine: {'line': b'-- Up-to-date symlink: /home/public/ros2ws/install/turtlesim_msgs/lib/python3.14/site-packages/turtlesim_msgs/action/__init__.py\n'}
[2.079464] (turtlesim_msgs) StdoutLine: {'line': b'-- Up-to-date symlink: /home/public/ros2ws/install/turtlesim_msgs/lib/python3.14/site-packages/turtlesim_msgs/action/_rotate_absolute.py\n'}
[2.080586] (turtlesim_msgs) StdoutLine: {'line': b'-- Up-to-date symlink: /home/public/ros2ws/install/turtlesim_msgs/lib/python3.14/site-packages/turtlesim_msgs/action/_rotate_absolute_s.c\n'}
[2.082795] (turtlesim_msgs) StdoutLine: {'line': b'-- Up-to-date symlink: /home/public/ros2ws/install/turtlesim_msgs/lib/python3.14/site-packages/turtlesim_msgs/msg/__init__.py\n'}
[2.083904] (turtlesim_msgs) StdoutLine: {'line': b'-- Up-to-date symlink: /home/public/ros2ws/install/turtlesim_msgs/lib/python3.14/site-packages/turtlesim_msgs/msg/_color.py\n'}
[2.085033] (turtlesim_msgs) StdoutLine: {'line': b'-- Up-to-date symlink: /home/public/ros2ws/install/turtlesim_msgs/lib/python3.14/site-packages/turtlesim_msgs/msg/_color_s.c\n'}
[2.086183] (turtlesim_msgs) StdoutLine: {'line': b'-- Up-to-date symlink: /home/public/ros2ws/install/turtlesim_msgs/lib/python3.14/site-packages/turtlesim_msgs/msg/_pose.py\n'}
[2.087259] (turtlesim_msgs) StdoutLine: {'line': b'-- Up-to-date symlink: /home/public/ros2ws/install/turtlesim_msgs/lib/python3.14/site-packages/turtlesim_msgs/msg/_pose_s.c\n'}
[2.088367] (turtlesim_msgs) StdoutLine: {'line': b'-- Up-to-date symlink: /home/public/ros2ws/install/turtlesim_msgs/lib/python3.14/site-packages/turtlesim_msgs/py.typed\n'}
[2.090595] (turtlesim_msgs) StdoutLine: {'line': b'-- Up-to-date symlink: /home/public/ros2ws/install/turtlesim_msgs/lib/python3.14/site-packages/turtlesim_msgs/srv/__init__.py\n'}
[2.091694] (turtlesim_msgs) StdoutLine: {'line': b'-- Up-to-date symlink: /home/public/ros2ws/install/turtlesim_msgs/lib/python3.14/site-packages/turtlesim_msgs/srv/_kill.py\n'}
[2.092817] (turtlesim_msgs) StdoutLine: {'line': b'-- Up-to-date symlink: /home/public/ros2ws/install/turtlesim_msgs/lib/python3.14/site-packages/turtlesim_msgs/srv/_kill_s.c\n'}
[2.093912] (turtlesim_msgs) StdoutLine: {'line': b'-- Up-to-date symlink: /home/public/ros2ws/install/turtlesim_msgs/lib/python3.14/site-packages/turtlesim_msgs/srv/_set_pen.py\n'}
[2.095010] (turtlesim_msgs) StdoutLine: {'line': b'-- Up-to-date symlink: /home/public/ros2ws/install/turtlesim_msgs/lib/python3.14/site-packages/turtlesim_msgs/srv/_set_pen_s.c\n'}
[2.096104] (turtlesim_msgs) StdoutLine: {'line': b'-- Up-to-date symlink: /home/public/ros2ws/install/turtlesim_msgs/lib/python3.14/site-packages/turtlesim_msgs/srv/_spawn.py\n'}
[2.097207] (turtlesim_msgs) StdoutLine: {'line': b'-- Up-to-date symlink: /home/public/ros2ws/install/turtlesim_msgs/lib/python3.14/site-packages/turtlesim_msgs/srv/_spawn_s.c\n'}
[2.098308] (turtlesim_msgs) StdoutLine: {'line': b'-- Up-to-date symlink: /home/public/ros2ws/install/turtlesim_msgs/lib/python3.14/site-packages/turtlesim_msgs/srv/_teleport_absolute.py\n'}
[2.099413] (turtlesim_msgs) StdoutLine: {'line': b'-- Up-to-date symlink: /home/public/ros2ws/install/turtlesim_msgs/lib/python3.14/site-packages/turtlesim_msgs/srv/_teleport_absolute_s.c\n'}
[2.100524] (turtlesim_msgs) StdoutLine: {'line': b'-- Up-to-date symlink: /home/public/ros2ws/install/turtlesim_msgs/lib/python3.14/site-packages/turtlesim_msgs/srv/_teleport_relative.py\n'}
[2.101618] (turtlesim_msgs) StdoutLine: {'line': b'-- Up-to-date symlink: /home/public/ros2ws/install/turtlesim_msgs/lib/python3.14/site-packages/turtlesim_msgs/srv/_teleport_relative_s.c\n'}
[2.101788] (turtlesim_msgs) StdoutLine: {'line': b'-- Up-to-date symlink: /home/public/ros2ws/install/turtlesim_msgs/lib/python3.14/site-packages/turtlesim_msgs/turtlesim_msgs_s__rosidl_typesupport_c.so\n'}
[2.101908] (turtlesim_msgs) StdoutLine: {'line': b'-- Up-to-date symlink: /home/public/ros2ws/install/turtlesim_msgs/lib/python3.14/site-packages/turtlesim_msgs/turtlesim_msgs_s__rosidl_typesupport_fastrtps_c.so\n'}
[2.102028] (turtlesim_msgs) StdoutLine: {'line': b'-- Up-to-date symlink: /home/public/ros2ws/install/turtlesim_msgs/lib/python3.14/site-packages/turtlesim_msgs/turtlesim_msgs_s__rosidl_typesupport_introspection_c.so\n'}
[2.104988] (turtlesim_msgs) StdoutLine: {'line': b'-- Up-to-date symlink: /home/public/ros2ws/install/turtlesim_msgs/share/turtlesim_msgs/cmake/rosidl_cmake-extras.cmake\n'}
[2.107155] (turtlesim_msgs) StdoutLine: {'line': b'-- Up-to-date symlink: /home/public/ros2ws/install/turtlesim_msgs/share/turtlesim_msgs/cmake/ament_cmake_export_dependencies-extras.cmake\n'}
[2.109374] (turtlesim_msgs) StdoutLine: {'line': b'-- Up-to-date symlink: /home/public/ros2ws/install/turtlesim_msgs/share/turtlesim_msgs/cmake/ament_cmake_export_include_directories-extras.cmake\n'}
[2.111571] (turtlesim_msgs) StdoutLine: {'line': b'-- Up-to-date symlink: /home/public/ros2ws/install/turtlesim_msgs/share/turtlesim_msgs/cmake/ament_cmake_export_libraries-extras.cmake\n'}
[2.113782] (turtlesim_msgs) StdoutLine: {'line': b'-- Up-to-date symlink: /home/public/ros2ws/install/turtlesim_msgs/share/turtlesim_msgs/cmake/ament_cmake_export_targets-extras.cmake\n'}
[2.116011] (turtlesim_msgs) StdoutLine: {'line': b'-- Up-to-date symlink: /home/public/ros2ws/install/turtlesim_msgs/share/turtlesim_msgs/cmake/rosidl_cmake_export_typesupport_targets-extras.cmake\n'}
[2.117912] (-) TimerEvent: {}
[2.118251] (turtlesim_msgs) StdoutLine: {'line': b'-- Up-to-date symlink: /home/public/ros2ws/install/turtlesim_msgs/share/turtlesim_msgs/cmake/rosidl_cmake_export_typesupport_libraries-extras.cmake\n'}
[2.127543] (turtlesim_msgs) StdoutLine: {'line': b'-- Up-to-date symlink: /home/public/ros2ws/install/turtlesim_msgs/share/turtlesim_msgs/cmake/rosidl_cmake_aggregate_target-extras.cmake\n'}
[2.129657] (turtlesim_msgs) StdoutLine: {'line': b'-- Up-to-date symlink: /home/public/ros2ws/install/turtlesim_msgs/share/turtlesim_msgs/cmake/turtlesim_msgsConfig.cmake\n'}
[2.130752] (turtlesim_msgs) StdoutLine: {'line': b'-- Up-to-date symlink: /home/public/ros2ws/install/turtlesim_msgs/share/turtlesim_msgs/cmake/turtlesim_msgsConfig-version.cmake\n'}
[2.143102] (turtlesim_msgs) StdoutLine: {'line': b'-- Up-to-date symlink: /home/public/ros2ws/install/turtlesim_msgs/share/turtlesim_msgs/package.xml\n'}
[2.146776] (turtlesim_msgs) StdoutLine: {'line': b'-- Up-to-date: /home/public/ros2ws/install/turtlesim_msgs/lib/libturtlesim_msgs__rosidl_generator_c.so\n'}
[2.150308] (turtlesim_msgs) StdoutLine: {'line': b'-- Up-to-date: /home/public/ros2ws/install/turtlesim_msgs/lib/libturtlesim_msgs__rosidl_typesupport_fastrtps_c.so\n'}
[2.153834] (turtlesim_msgs) StdoutLine: {'line': b'-- Up-to-date: /home/public/ros2ws/install/turtlesim_msgs/lib/libturtlesim_msgs__rosidl_typesupport_fastrtps_cpp.so\n'}
[2.157371] (turtlesim_msgs) StdoutLine: {'line': b'-- Up-to-date: /home/public/ros2ws/install/turtlesim_msgs/lib/libturtlesim_msgs__rosidl_typesupport_introspection_c.so\n'}
[2.160934] (turtlesim_msgs) StdoutLine: {'line': b'-- Up-to-date: /home/public/ros2ws/install/turtlesim_msgs/lib/libturtlesim_msgs__rosidl_typesupport_c.so\n'}
[2.164540] (turtlesim_msgs) StdoutLine: {'line': b'-- Up-to-date: /home/public/ros2ws/install/turtlesim_msgs/lib/libturtlesim_msgs__rosidl_typesupport_introspection_cpp.so\n'}
[2.168057] (turtlesim_msgs) StdoutLine: {'line': b'-- Up-to-date: /home/public/ros2ws/install/turtlesim_msgs/lib/libturtlesim_msgs__rosidl_typesupport_cpp.so\n'}
[2.172542] (turtlesim_msgs) StdoutLine: {'line': b'-- Up-to-date: /home/public/ros2ws/install/turtlesim_msgs/lib/libturtlesim_msgs__rosidl_generator_py.so\n'}
[2.177779] (turtlesim_msgs) StdoutLine: {'line': b'-- Up-to-date: /home/public/ros2ws/install/turtlesim_msgs/share/turtlesim_msgs/cmake/export_turtlesim_msgs__rosidl_generator_cExport.cmake\n'}
[2.177963] (turtlesim_msgs) StdoutLine: {'line': b'-- Up-to-date: /home/public/ros2ws/install/turtlesim_msgs/share/turtlesim_msgs/cmake/export_turtlesim_msgs__rosidl_generator_cExport-noconfig.cmake\n'}
[2.180057] (turtlesim_msgs) StdoutLine: {'line': b'-- Up-to-date: /home/public/ros2ws/install/turtlesim_msgs/share/turtlesim_msgs/cmake/export_turtlesim_msgs__rosidl_typesupport_fastrtps_cExport.cmake\n'}
[2.180242] (turtlesim_msgs) StdoutLine: {'line': b'-- Up-to-date: /home/public/ros2ws/install/turtlesim_msgs/share/turtlesim_msgs/cmake/export_turtlesim_msgs__rosidl_typesupport_fastrtps_cExport-noconfig.cmake\n'}
[2.182364] (turtlesim_msgs) StdoutLine: {'line': b'-- Up-to-date: /home/public/ros2ws/install/turtlesim_msgs/share/turtlesim_msgs/cmake/export_turtlesim_msgs__rosidl_generator_cppExport.cmake\n'}
[2.184652] (turtlesim_msgs) StdoutLine: {'line': b'-- Up-to-date: /home/public/ros2ws/install/turtlesim_msgs/share/turtlesim_msgs/cmake/export_turtlesim_msgs__rosidl_typesupport_fastrtps_cppExport.cmake\n'}
[2.184837] (turtlesim_msgs) StdoutLine: {'line': b'-- Up-to-date: /home/public/ros2ws/install/turtlesim_msgs/share/turtlesim_msgs/cmake/export_turtlesim_msgs__rosidl_typesupport_fastrtps_cppExport-noconfig.cmake\n'}
[2.186935] (turtlesim_msgs) StdoutLine: {'line': b'-- Up-to-date: /home/public/ros2ws/install/turtlesim_msgs/share/turtlesim_msgs/cmake/turtlesim_msgs__rosidl_typesupport_introspection_cExport.cmake\n'}
[2.187124] (turtlesim_msgs) StdoutLine: {'line': b'-- Up-to-date: /home/public/ros2ws/install/turtlesim_msgs/share/turtlesim_msgs/cmake/turtlesim_msgs__rosidl_typesupport_introspection_cExport-noconfig.cmake\n'}
[2.189218] (turtlesim_msgs) StdoutLine: {'line': b'-- Up-to-date: /home/public/ros2ws/install/turtlesim_msgs/share/turtlesim_msgs/cmake/turtlesim_msgs__rosidl_typesupport_cExport.cmake\n'}
[2.189387] (turtlesim_msgs) StdoutLine: {'line': b'-- Up-to-date: /home/public/ros2ws/install/turtlesim_msgs/share/turtlesim_msgs/cmake/turtlesim_msgs__rosidl_typesupport_cExport-noconfig.cmake\n'}
[2.191504] (turtlesim_msgs) StdoutLine: {'line': b'-- Up-to-date: /home/public/ros2ws/install/turtlesim_msgs/share/turtlesim_msgs/cmake/turtlesim_msgs__rosidl_typesupport_introspection_cppExport.cmake\n'}
[2.191672] (turtlesim_msgs) StdoutLine: {'line': b'-- Up-to-date: /home/public/ros2ws/install/turtlesim_msgs/share/turtlesim_msgs/cmake/turtlesim_msgs__rosidl_typesupport_introspection_cppExport-noconfig.cmake\n'}
[2.193851] (turtlesim_msgs) StdoutLine: {'line': b'-- Up-to-date: /home/public/ros2ws/install/turtlesim_msgs/share/turtlesim_msgs/cmake/turtlesim_msgs__rosidl_typesupport_cppExport.cmake\n'}
[2.194020] (turtlesim_msgs) StdoutLine: {'line': b'-- Up-to-date: /home/public/ros2ws/install/turtlesim_msgs/share/turtlesim_msgs/cmake/turtlesim_msgs__rosidl_typesupport_cppExport-noconfig.cmake\n'}
[2.196192] (turtlesim_msgs) StdoutLine: {'line': b'-- Up-to-date: /home/public/ros2ws/install/turtlesim_msgs/share/turtlesim_msgs/cmake/export_turtlesim_msgs__rosidl_generator_pyExport.cmake\n'}
[2.196355] (turtlesim_msgs) StdoutLine: {'line': b'-- Up-to-date: /home/public/ros2ws/install/turtlesim_msgs/share/turtlesim_msgs/cmake/export_turtlesim_msgs__rosidl_generator_pyExport-noconfig.cmake\n'}
[2.218014] (-) TimerEvent: {}
[2.289629] (turtlesim_msgs) StdoutLine: {'line': b"Listing '/home/public/ros2ws/install/turtlesim_msgs/lib/python3.14/site-packages/turtlesim_msgs'...\n"}
[2.289969] (turtlesim_msgs) StdoutLine: {'line': b"Listing '/home/public/ros2ws/install/turtlesim_msgs/lib/python3.14/site-packages/turtlesim_msgs/action'...\n"}
[2.290123] (turtlesim_msgs) StdoutLine: {'line': b"Listing '/home/public/ros2ws/install/turtlesim_msgs/lib/python3.14/site-packages/turtlesim_msgs/msg'...\n"}
[2.290230] (turtlesim_msgs) StdoutLine: {'line': b"Listing '/home/public/ros2ws/install/turtlesim_msgs/lib/python3.14/site-packages/turtlesim_msgs/srv'...\n"}
[2.316186] (turtlesim_msgs) CommandEnded: {'returncode': 0}
[2.318066] (-) TimerEvent: {}
[2.399337] (turtlesim_msgs) JobEnded: {'identifier': 'turtlesim_msgs', 'rc': 0}
[2.400810] (turtlesim) JobStarted: {'identifier': 'turtlesim'}
[2.418176] (-) TimerEvent: {}
[2.424821] (turtlesim) JobProgress: {'identifier': 'turtlesim', 'progress': 'cmake'}
[2.430682] (turtlesim) JobProgress: {'identifier': 'turtlesim', 'progress': 'build'}
[2.431829] (turtlesim) Command: {'cmd': ['/usr/bin/cmake', '--build', '/home/public/ros2ws/build/turtlesim', '--', '-j4', '-l4'], 'cwd': '/home/public/ros2ws/build/turtlesim', 'env': OrderedDict({'LESSOPEN': '| /usr/bin/lesspipe %s', 'LANGUAGE': 'en', 'USER': 'admin', 'LC_TIME': 'C.UTF-8', 'XDG_SESSION_TYPE': 'wayland', 'PTYXIS_VERSION': '50.1', 'SHLVL': '1', 'LD_LIBRARY_PATH': '/home/public/ros2ws/install/turtlesim_msgs/lib:/opt/ros/lyrical/opt/gz_math_vendor/lib:/opt/ros/lyrical/opt/gz_utils_vendor/lib:/opt/ros/lyrical/opt/rviz_ogre_vendor/lib:/opt/ros/lyrical/lib/aarch64-linux-gnu:/opt/ros/lyrical/opt/gz_cmake_vendor/lib:/opt/ros/lyrical/lib', 'HOME': '/home/admin', 'OLDPWD': '/home/public/ros2ws/src/controls_core/controls_core', 'DESKTOP_SESSION': 'ubuntu', 'IM_CONFIG_ENTRY': 'profile', 'ROS_PYTHON_VERSION': '3', 'GTK_MODULES': 'gail:atk-bridge', 'LC_MONETARY': 'C.UTF-8', 'MANAGERPID': '3002', 'DBUS_STARTER_BUS_TYPE': 'session', 'SYSTEMD_EXEC_PID': '3029', 'DBUS_SESSION_BUS_ADDRESS': 'unix:path=/run/user/1000/bus,guid=01a12b5d9c6e72b598e357a469dfd9f0', 'COLORTERM': 'truecolor', 'DEBUGINFOD_URLS': 'https://debuginfod.ubuntu.com', 'WAYLAND_DISPLAY': 'wayland-0', 'ROS_DISTRO': 'lyrical', 'LOGNAME': 'admin', 'MANAGERPIDFDID': '533', '_': '/usr/bin/colcon', 'ROS_VERSION': '2', 'MEMORY_PRESSURE_WATCH': '/sys/fs/cgroup/user.slice/user-1000.slice/user@1000.service/session.slice/dbus.service/memory.pressure', 'XDG_SESSION_CLASS': 'user', 'USERNAME': 'admin', 'TERM': 'xterm-256color', 'GNOME_DESKTOP_SESSION_ID': 'this-is-deprecated', 'FLATPAK_TTY_PROGRESS': '1', 'PATH': '/opt/ros/lyrical/bin:/usr/local/sbin:/usr/local/bin:/usr/sbin:/usr/bin:/sbin:/bin:/usr/games:/usr/local/games:/snap/bin:/snap/bin', 'INVOCATION_ID': '922b0636287f40b9bd59f8525fd3668e', 'PAPERSIZE': 'a4', 'XDG_MENU_PREFIX': 'gnome-', 'PTYXIS_PROFILE': '46b325db7867804b9a1cc0046a1f6a7b', 'LC_ADDRESS': 'C.UTF-8', 'GNOME_SETUP_DISPLAY': 'unix:/tmp/.X11-unix/X1', 'XDG_RUNTIME_DIR': '/run/user/1000', 'DISPLAY': ':0', 'LANG': 'en_US.UTF-8', 'XDG_CURRENT_DESKTOP': 'ubuntu:GNOME', 'LC_TELEPHONE': 'C.UTF-8', 'XMODIFIERS': '@im=ibus', 'XDG_SESSION_DESKTOP': 'ubuntu', 'XAUTHORITY': '/run/user/1000/.mutter-Xwaylandauth.YTOCN3', 'LS_COLORS': 'rs=0:di=01;34:ln=01;36:mh=00:pi=40;33:so=01;35:do=01;35:bd=40;33;01:cd=40;33;01:or=40;31;01:mi=00:su=37;41:sg=30;43:ca=00:tw=30;42:ow=34;42:st=37;44:ex=01;32:*.tar=01;31:*.tgz=01;31:*.arc=01;31:*.arj=01;31:*.taz=01;31:*.lha=01;31:*.lz4=01;31:*.lzh=01;31:*.lzma=01;31:*.tlz=01;31:*.txz=01;31:*.tzo=01;31:*.t7z=01;31:*.zip=01;31:*.z=01;31:*.dz=01;31:*.gz=01;31:*.lrz=01;31:*.lz=01;31:*.lzo=01;31:*.xz=01;31:*.zst=01;31:*.tzst=01;31:*.bz2=01;31:*.bz=01;31:*.tbz=01;31:*.tbz2=01;31:*.tz=01;31:*.deb=01;31:*.rpm=01;31:*.jar=01;31:*.war=01;31:*.ear=01;31:*.sar=01;31:*.rar=01;31:*.alz=01;31:*.ace=01;31:*.zoo=01;31:*.cpio=01;31:*.7z=01;31:*.rz=01;31:*.cab=01;31:*.wim=01;31:*.swm=01;31:*.dwm=01;31:*.esd=01;31:*.avif=01;35:*.jpg=01;35:*.jpeg=01;35:*.mjpg=01;35:*.mjpeg=01;35:*.gif=01;35:*.bmp=01;35:*.pbm=01;35:*.pgm=01;35:*.ppm=01;35:*.tga=01;35:*.xbm=01;35:*.xpm=01;35:*.tif=01;35:*.tiff=01;35:*.png=01;35:*.svg=01;35:*.svgz=01;35:*.mng=01;35:*.pcx=01;35:*.mov=01;35:*.mpg=01;35:*.mpeg=01;35:*.m2v=01;35:*.mkv=01;35:*.webm=01;35:*.webp=01;35:*.ogm=01;35:*.mp4=01;35:*.m4v=01;35:*.mp4v=01;35:*.vob=01;35:*.qt=01;35:*.nuv=01;35:*.wmv=01;35:*.asf=01;35:*.rm=01;35:*.rmvb=01;35:*.flc=01;35:*.avi=01;35:*.fli=01;35:*.flv=01;35:*.gl=01;35:*.dl=01;35:*.xcf=01;35:*.xwd=01;35:*.yuv=01;35:*.cgm=01;35:*.emf=01;35:*.ogv=01;35:*.ogx=01;35:*.aac=00;36:*.au=00;36:*.flac=00;36:*.m4a=00;36:*.mid=00;36:*.midi=00;36:*.mka=00;36:*.mp3=00;36:*.mpc=00;36:*.ogg=00;36:*.ra=00;36:*.wav=00;36:*.oga=00;36:*.opus=00;36:*.spx=00;36:*.xspf=00;36:*~=00;90:*#=00;90:*.bak=00;90:*.old=00;90:*.orig=00;90:*.part=00;90:*.rej=00;90:*.swp=00;90:*.tmp=00;90:*.dpkg-dist=00;90:*.dpkg-old=00;90:*.ucf-dist=00;90:*.ucf-new=00;90:*.ucf-old=00;90:*.rpmnew=00;90:*.rpmorig=00;90:*.rpmsave=00;90:', 'SSH_AUTH_SOCK': '/run/user/1000/gcr/ssh', 'AMENT_PREFIX_PATH': '/home/public/ros2ws/install/turtlesim_msgs:/opt/ros/lyrical', 'SHELL': '/bin/bash', 'LC_NAME': 'C.UTF-8', 'QT_ACCESSIBILITY': '1', 'GDMSESSION': 'ubuntu', 'LESSCLOSE': '/usr/bin/lesspipe %s %s', 'LC_MEASUREMENT': 'C.UTF-8', 'GPG_AGENT_INFO': '/run/user/1000/gnupg/S.gpg-agent:0:1', 'LC_IDENTIFICATION': 'C.UTF-8', 'GSK_RENDERER': 'gl', 'ROS_AUTOMATIC_DISCOVERY_RANGE': 'SUBNET', 'QT_IM_MODULE': 'ibus', 'PWD': '/home/public/ros2ws/build/turtlesim', 'XDG_CONFIG_DIRS': '/etc/xdg/xdg-ubuntu:/etc/xdg', 'DBUS_STARTER_ADDRESS': 'unix:path=/run/user/1000/bus,guid=01a12b5d9c6e72b598e357a469dfd9f0', 'XDG_DATA_DIRS': '/usr/share/ubuntu:/usr/share/gnome:/usr/local/share/:/usr/share/:/var/lib/snapd/desktop', 'XDG_SESSION_EXTRA_DEVICE_ACCESS': 'render:accel', 'PYTHONPATH': '/home/public/ros2ws/install/turtlesim_msgs/lib/python3.14/site-packages:/opt/ros/lyrical/opt/gz_math_vendor/lib/python:/opt/ros/lyrical/lib/python3.14/site-packages', 'LC_NUMERIC': 'C.UTF-8', 'LC_PAPER': 'C.UTF-8', 'COLCON': '1', 'QT_IM_MODULES': 'wayland;ibus', 'MEMORY_PRESSURE_WRITE': 'c29tZSAyMDAwMDAgMjAwMDAwMAA=', 'VTE_VERSION': '8400', 'CMAKE_PREFIX_PATH': '/home/public/ros2ws/install/turtlesim_msgs:/opt/ros/lyrical/opt/gz_math_vendor:/opt/ros/lyrical/opt/gz_utils_vendor:/opt/ros/lyrical/opt/gz_cmake_vendor:/opt/ros/lyrical'}), 'shell': False}
[2.454802] (turtlesim) StderrLine: {'line': b"gmake: Warning: File 'Makefile' has modification time 8915392 s in the future\n"}
[2.518287] (-) TimerEvent: {}
[2.611156] (turtlesim) StderrLine: {'line': b"gmake[1]: Warning: File 'CMakeFiles/Makefile2' has modification time 8915392 s in the future\n"}
[2.617835] (turtlesim) StderrLine: {'line': b"gmake[2]: Warning: File 'CMakeFiles/turtlesim_node_autogen_timestamp_deps.dir/build.make' has modification time 7875935 s in the future\n"}
[2.618356] (-) TimerEvent: {}
[2.622755] (turtlesim) StderrLine: {'line': b"gmake[2]: Warning: File 'CMakeFiles/turtle_teleop_key_autogen_timestamp_deps.dir/build.make' has modification time 7875935 s in the future\n"}
[2.623274] (turtlesim) StderrLine: {'line': b"gmake[2]: Warning: File 'CMakeFiles/draw_square_autogen_timestamp_deps.dir/build.make' has modification time 7875935 s in the future\n"}
[2.624704] (turtlesim) StderrLine: {'line': b"gmake[2]: Warning: File 'CMakeFiles/mimic_autogen_timestamp_deps.dir/build.make' has modification time 7875935 s in the future\n"}
[2.646064] (turtlesim) StderrLine: {'line': b'gmake[2]: warning:  Clock skew detected.  Your build may be incomplete.\n'}
[2.647996] (turtlesim) StderrLine: {'line': b"gmake[2]: Warning: File 'CMakeFiles/mimic_autogen_timestamp_deps.dir/build.make' has modification time 7875935 s in the future\n"}
[2.648275] (turtlesim) StderrLine: {'line': b'gmake[2]: warning:  Clock skew detected.  Your build may be incomplete.\n'}
[2.650308] (turtlesim) StderrLine: {'line': b'gmake[2]: warning:  Clock skew detected.  Your build may be incomplete.\n'}
[2.653838] (turtlesim) StderrLine: {'line': b'gmake[2]: warning:  Clock skew detected.  Your build may be incomplete.\n'}
[2.654695] (turtlesim) StderrLine: {'line': b'gmake[2]: warning:  Clock skew detected.  Your build may be incomplete.\n'}
[2.654875] (turtlesim) StderrLine: {'line': b"gmake[2]: Warning: File 'CMakeFiles/draw_square_autogen_timestamp_deps.dir/build.make' has modification time 7875935 s in the future\n"}
[2.654989] (turtlesim) StderrLine: {'line': b'gmake[2]: warning:  Clock skew detected.  Your build may be incomplete.\n'}
[2.658069] (turtlesim) StderrLine: {'line': b"gmake[2]: Warning: File 'CMakeFiles/turtlesim_node_autogen_timestamp_deps.dir/build.make' has modification time 7875935 s in the future\n"}
[2.658401] (turtlesim) StderrLine: {'line': b'gmake[2]: warning:  Clock skew detected.  Your build may be incomplete.\n'}
[2.658516] (turtlesim) StderrLine: {'line': b"gmake[2]: Warning: File 'CMakeFiles/turtle_teleop_key_autogen_timestamp_deps.dir/build.make' has modification time 7875935 s in the future\n"}
[2.658599] (turtlesim) StderrLine: {'line': b'gmake[2]: warning:  Clock skew detected.  Your build may be incomplete.\n'}
[2.669102] (turtlesim) StdoutLine: {'line': b'[  0%] Built target mimic_autogen_timestamp_deps\n'}
[2.673730] (turtlesim) StdoutLine: {'line': b'[  0%] Built target turtle_teleop_key_autogen_timestamp_deps\n'}
[2.677738] (turtlesim) StdoutLine: {'line': b'[  0%] Built target draw_square_autogen_timestamp_deps\n'}
[2.682564] (turtlesim) StdoutLine: {'line': b'[  0%] Built target turtlesim_node_autogen_timestamp_deps\n'}
[2.692301] (turtlesim) StderrLine: {'line': b"gmake[2]: Warning: File 'CMakeFiles/mimic_autogen.dir/build.make' has modification time 7875935 s in the future\n"}
[2.706412] (turtlesim) StderrLine: {'line': b"gmake[2]: Warning: File 'CMakeFiles/draw_square_autogen.dir/build.make' has modification time 7875935 s in the future\n"}
[2.708122] (turtlesim) StderrLine: {'line': b"gmake[2]: Warning: File 'CMakeFiles/turtlesim_node_autogen.dir/build.make' has modification time 7875935 s in the future\n"}
[2.708424] (turtlesim) StderrLine: {'line': b"gmake[2]: Warning: File 'CMakeFiles/turtle_teleop_key_autogen.dir/build.make' has modification time 7875935 s in the future\n"}
[2.718512] (-) TimerEvent: {}
[2.733291] (turtlesim) StderrLine: {'line': b'gmake[2]: warning:  Clock skew detected.  Your build may be incomplete.\n'}
[2.738992] (turtlesim) StderrLine: {'line': b"gmake[2]: Warning: File 'CMakeFiles/mimic_autogen.dir/build.make' has modification time 7875935 s in the future\n"}
[2.758638] (turtlesim) StderrLine: {'line': b'gmake[2]: warning:  Clock skew detected.  Your build may be incomplete.\n'}
[2.766193] (turtlesim) StderrLine: {'line': b"gmake[2]: Warning: File 'CMakeFiles/turtle_teleop_key_autogen.dir/build.make' has modification time 7875935 s in the future\n"}
[2.770639] (turtlesim) StderrLine: {'line': b'gmake[2]: warning:  Clock skew detected.  Your build may be incomplete.\n'}
[2.771395] (turtlesim) StderrLine: {'line': b'gmake[2]: warning:  Clock skew detected.  Your build may be incomplete.\n'}
[2.776852] (turtlesim) StderrLine: {'line': b"gmake[2]: Warning: File 'CMakeFiles/draw_square_autogen.dir/build.make' has modification time 7875935 s in the future\n"}
[2.777700] (turtlesim) StderrLine: {'line': b"gmake[2]: Warning: File 'CMakeFiles/turtlesim_node_autogen.dir/build.make' has modification time 7875935 s in the future\n"}
[2.781641] (turtlesim) StderrLine: {'line': b'gmake[2]: warning:  Clock skew detected.  Your build may be incomplete.\n'}
[2.781889] (turtlesim) StderrLine: {'line': b'gmake[2]: warning:  Clock skew detected.  Your build may be incomplete.\n'}
[2.781975] (turtlesim) StderrLine: {'line': b'gmake[2]: warning:  Clock skew detected.  Your build may be incomplete.\n'}
[2.782102] (turtlesim) StderrLine: {'line': b'gmake[2]: warning:  Clock skew detected.  Your build may be incomplete.\n'}
[2.798619] (turtlesim) StdoutLine: {'line': b'[ 15%] Built target draw_square_autogen\n'}
[2.798863] (turtlesim) StdoutLine: {'line': b'[ 15%] Built target turtlesim_node_autogen\n'}
[2.798937] (turtlesim) StdoutLine: {'line': b'[ 20%] Built target turtle_teleop_key_autogen\n'}
[2.798997] (turtlesim) StdoutLine: {'line': b'[ 20%] Built target mimic_autogen\n'}
[2.818607] (-) TimerEvent: {}
[2.823099] (turtlesim) StderrLine: {'line': b"gmake[2]: Warning: File 'CMakeFiles/draw_square.dir/build.make' has modification time 7875935 s in the future\n"}
[2.827346] (turtlesim) StderrLine: {'line': b"gmake[2]: Warning: File 'CMakeFiles/turtle_teleop_key.dir/build.make' has modification time 7875935 s in the future\n"}
[2.833332] (turtlesim) StderrLine: {'line': b"gmake[2]: Warning: File 'CMakeFiles/turtlesim_node.dir/build.make' has modification time 7875935 s in the future\n"}
[2.852728] (turtlesim) StderrLine: {'line': b'gmake[2]: warning:  Clock skew detected.  Your build may be incomplete.\n'}
[2.854867] (turtlesim) StderrLine: {'line': b'gmake[2]: warning:  Clock skew detected.  Your build may be incomplete.\n'}
[2.859994] (turtlesim) StderrLine: {'line': b"gmake[2]: Warning: File 'CMakeFiles/turtle_teleop_key.dir/build.make' has modification time 7875935 s in the future\n"}
[2.860671] (turtlesim) StderrLine: {'line': b"gmake[2]: Warning: File 'CMakeFiles/draw_square.dir/build.make' has modification time 7875935 s in the future\n"}
[2.869758] (turtlesim) StderrLine: {'line': b'gmake[2]: warning:  Clock skew detected.  Your build may be incomplete.\n'}
[2.880553] (turtlesim) StderrLine: {'line': b"gmake[2]: Warning: File 'CMakeFiles/turtlesim_node.dir/build.make' has modification time 7875935 s in the future\n"}
[2.918728] (-) TimerEvent: {}
[2.955557] (turtlesim) StderrLine: {'line': b'gmake[2]: warning:  Clock skew detected.  Your build may be incomplete.\n'}
[2.955899] (turtlesim) StderrLine: {'line': b'gmake[2]: warning:  Clock skew detected.  Your build may be incomplete.\n'}
[2.969457] (turtlesim) StdoutLine: {'line': b'[ 35%] Built target draw_square\n'}
[2.970868] (turtlesim) StdoutLine: {'line': b'[ 50%] Built target turtle_teleop_key\n'}
[2.982457] (turtlesim) StderrLine: {'line': b'gmake[2]: warning:  Clock skew detected.  Your build may be incomplete.\n'}
[2.988129] (turtlesim) StderrLine: {'line': b"gmake[2]: Warning: File 'CMakeFiles/mimic.dir/build.make' has modification time 7875935 s in the future\n"}
[2.996818] (turtlesim) StdoutLine: {'line': b'[ 85%] Built target turtlesim_node\n'}
[3.010204] (turtlesim) StderrLine: {'line': b'gmake[2]: warning:  Clock skew detected.  Your build may be incomplete.\n'}
[3.014228] (turtlesim) StderrLine: {'line': b"gmake[2]: Warning: File 'CMakeFiles/mimic.dir/build.make' has modification time 7875934 s in the future\n"}
[3.016641] (turtlesim) StderrLine: {'line': b'gmake[2]: warning:  Clock skew detected.  Your build may be incomplete.\n'}
[3.018864] (-) TimerEvent: {}
[3.042485] (turtlesim) StdoutLine: {'line': b'[100%] Built target mimic\n'}
[3.045007] (turtlesim) StderrLine: {'line': b'gmake[1]: warning:  Clock skew detected.  Your build may be incomplete.\n'}
[3.063680] (turtlesim) StderrLine: {'line': b'gmake: warning:  Clock skew detected.  Your build may be incomplete.\n'}
[3.066725] (turtlesim) CommandEnded: {'returncode': 0}
[3.075209] (turtlesim) JobProgress: {'identifier': 'turtlesim', 'progress': 'install'}
[3.075297] (turtlesim) Command: {'cmd': ['/usr/bin/cmake', '--install', '/home/public/ros2ws/build/turtlesim'], 'cwd': '/home/public/ros2ws/build/turtlesim', 'env': OrderedDict({'LESSOPEN': '| /usr/bin/lesspipe %s', 'LANGUAGE': 'en', 'USER': 'admin', 'LC_TIME': 'C.UTF-8', 'XDG_SESSION_TYPE': 'wayland', 'PTYXIS_VERSION': '50.1', 'SHLVL': '1', 'LD_LIBRARY_PATH': '/home/public/ros2ws/install/turtlesim_msgs/lib:/opt/ros/lyrical/opt/gz_math_vendor/lib:/opt/ros/lyrical/opt/gz_utils_vendor/lib:/opt/ros/lyrical/opt/rviz_ogre_vendor/lib:/opt/ros/lyrical/lib/aarch64-linux-gnu:/opt/ros/lyrical/opt/gz_cmake_vendor/lib:/opt/ros/lyrical/lib', 'HOME': '/home/admin', 'OLDPWD': '/home/public/ros2ws/src/controls_core/controls_core', 'DESKTOP_SESSION': 'ubuntu', 'IM_CONFIG_ENTRY': 'profile', 'ROS_PYTHON_VERSION': '3', 'GTK_MODULES': 'gail:atk-bridge', 'LC_MONETARY': 'C.UTF-8', 'MANAGERPID': '3002', 'DBUS_STARTER_BUS_TYPE': 'session', 'SYSTEMD_EXEC_PID': '3029', 'DBUS_SESSION_BUS_ADDRESS': 'unix:path=/run/user/1000/bus,guid=01a12b5d9c6e72b598e357a469dfd9f0', 'COLORTERM': 'truecolor', 'DEBUGINFOD_URLS': 'https://debuginfod.ubuntu.com', 'WAYLAND_DISPLAY': 'wayland-0', 'ROS_DISTRO': 'lyrical', 'LOGNAME': 'admin', 'MANAGERPIDFDID': '533', '_': '/usr/bin/colcon', 'ROS_VERSION': '2', 'MEMORY_PRESSURE_WATCH': '/sys/fs/cgroup/user.slice/user-1000.slice/user@1000.service/session.slice/dbus.service/memory.pressure', 'XDG_SESSION_CLASS': 'user', 'USERNAME': 'admin', 'TERM': 'xterm-256color', 'GNOME_DESKTOP_SESSION_ID': 'this-is-deprecated', 'FLATPAK_TTY_PROGRESS': '1', 'PATH': '/opt/ros/lyrical/bin:/usr/local/sbin:/usr/local/bin:/usr/sbin:/usr/bin:/sbin:/bin:/usr/games:/usr/local/games:/snap/bin:/snap/bin', 'INVOCATION_ID': '922b0636287f40b9bd59f8525fd3668e', 'PAPERSIZE': 'a4', 'XDG_MENU_PREFIX': 'gnome-', 'PTYXIS_PROFILE': '46b325db7867804b9a1cc0046a1f6a7b', 'LC_ADDRESS': 'C.UTF-8', 'GNOME_SETUP_DISPLAY': 'unix:/tmp/.X11-unix/X1', 'XDG_RUNTIME_DIR': '/run/user/1000', 'DISPLAY': ':0', 'LANG': 'en_US.UTF-8', 'XDG_CURRENT_DESKTOP': 'ubuntu:GNOME', 'LC_TELEPHONE': 'C.UTF-8', 'XMODIFIERS': '@im=ibus', 'XDG_SESSION_DESKTOP': 'ubuntu', 'XAUTHORITY': '/run/user/1000/.mutter-Xwaylandauth.YTOCN3', 'LS_COLORS': 'rs=0:di=01;34:ln=01;36:mh=00:pi=40;33:so=01;35:do=01;35:bd=40;33;01:cd=40;33;01:or=40;31;01:mi=00:su=37;41:sg=30;43:ca=00:tw=30;42:ow=34;42:st=37;44:ex=01;32:*.tar=01;31:*.tgz=01;31:*.arc=01;31:*.arj=01;31:*.taz=01;31:*.lha=01;31:*.lz4=01;31:*.lzh=01;31:*.lzma=01;31:*.tlz=01;31:*.txz=01;31:*.tzo=01;31:*.t7z=01;31:*.zip=01;31:*.z=01;31:*.dz=01;31:*.gz=01;31:*.lrz=01;31:*.lz=01;31:*.lzo=01;31:*.xz=01;31:*.zst=01;31:*.tzst=01;31:*.bz2=01;31:*.bz=01;31:*.tbz=01;31:*.tbz2=01;31:*.tz=01;31:*.deb=01;31:*.rpm=01;31:*.jar=01;31:*.war=01;31:*.ear=01;31:*.sar=01;31:*.rar=01;31:*.alz=01;31:*.ace=01;31:*.zoo=01;31:*.cpio=01;31:*.7z=01;31:*.rz=01;31:*.cab=01;31:*.wim=01;31:*.swm=01;31:*.dwm=01;31:*.esd=01;31:*.avif=01;35:*.jpg=01;35:*.jpeg=01;35:*.mjpg=01;35:*.mjpeg=01;35:*.gif=01;35:*.bmp=01;35:*.pbm=01;35:*.pgm=01;35:*.ppm=01;35:*.tga=01;35:*.xbm=01;35:*.xpm=01;35:*.tif=01;35:*.tiff=01;35:*.png=01;35:*.svg=01;35:*.svgz=01;35:*.mng=01;35:*.pcx=01;35:*.mov=01;35:*.mpg=01;35:*.mpeg=01;35:*.m2v=01;35:*.mkv=01;35:*.webm=01;35:*.webp=01;35:*.ogm=01;35:*.mp4=01;35:*.m4v=01;35:*.mp4v=01;35:*.vob=01;35:*.qt=01;35:*.nuv=01;35:*.wmv=01;35:*.asf=01;35:*.rm=01;35:*.rmvb=01;35:*.flc=01;35:*.avi=01;35:*.fli=01;35:*.flv=01;35:*.gl=01;35:*.dl=01;35:*.xcf=01;35:*.xwd=01;35:*.yuv=01;35:*.cgm=01;35:*.emf=01;35:*.ogv=01;35:*.ogx=01;35:*.aac=00;36:*.au=00;36:*.flac=00;36:*.m4a=00;36:*.mid=00;36:*.midi=00;36:*.mka=00;36:*.mp3=00;36:*.mpc=00;36:*.ogg=00;36:*.ra=00;36:*.wav=00;36:*.oga=00;36:*.opus=00;36:*.spx=00;36:*.xspf=00;36:*~=00;90:*#=00;90:*.bak=00;90:*.old=00;90:*.orig=00;90:*.part=00;90:*.rej=00;90:*.swp=00;90:*.tmp=00;90:*.dpkg-dist=00;90:*.dpkg-old=00;90:*.ucf-dist=00;90:*.ucf-new=00;90:*.ucf-old=00;90:*.rpmnew=00;90:*.rpmorig=00;90:*.rpmsave=00;90:', 'SSH_AUTH_SOCK': '/run/user/1000/gcr/ssh', 'AMENT_PREFIX_PATH': '/home/public/ros2ws/install/turtlesim_msgs:/opt/ros/lyrical', 'SHELL': '/bin/bash', 'LC_NAME': 'C.UTF-8', 'QT_ACCESSIBILITY': '1', 'GDMSESSION': 'ubuntu', 'LESSCLOSE': '/usr/bin/lesspipe %s %s', 'LC_MEASUREMENT': 'C.UTF-8', 'GPG_AGENT_INFO': '/run/user/1000/gnupg/S.gpg-agent:0:1', 'LC_IDENTIFICATION': 'C.UTF-8', 'GSK_RENDERER': 'gl', 'ROS_AUTOMATIC_DISCOVERY_RANGE': 'SUBNET', 'QT_IM_MODULE': 'ibus', 'PWD': '/home/public/ros2ws/build/turtlesim', 'XDG_CONFIG_DIRS': '/etc/xdg/xdg-ubuntu:/etc/xdg', 'DBUS_STARTER_ADDRESS': 'unix:path=/run/user/1000/bus,guid=01a12b5d9c6e72b598e357a469dfd9f0', 'XDG_DATA_DIRS': '/usr/share/ubuntu:/usr/share/gnome:/usr/local/share/:/usr/share/:/var/lib/snapd/desktop', 'XDG_SESSION_EXTRA_DEVICE_ACCESS': 'render:accel', 'PYTHONPATH': '/home/public/ros2ws/install/turtlesim_msgs/lib/python3.14/site-packages:/opt/ros/lyrical/opt/gz_math_vendor/lib/python:/opt/ros/lyrical/lib/python3.14/site-packages', 'LC_NUMERIC': 'C.UTF-8', 'LC_PAPER': 'C.UTF-8', 'COLCON': '1', 'QT_IM_MODULES': 'wayland;ibus', 'MEMORY_PRESSURE_WRITE': 'c29tZSAyMDAwMDAgMjAwMDAwMAA=', 'VTE_VERSION': '8400', 'CMAKE_PREFIX_PATH': '/home/public/ros2ws/install/turtlesim_msgs:/opt/ros/lyrical/opt/gz_math_vendor:/opt/ros/lyrical/opt/gz_utils_vendor:/opt/ros/lyrical/opt/gz_cmake_vendor:/opt/ros/lyrical'}), 'shell': False}
[3.088555] (turtlesim) StdoutLine: {'line': b'-- Install configuration: ""\n'}
[3.091120] (turtlesim) StdoutLine: {'line': b'-- Execute custom install script\n'}
[3.093996] (turtlesim) StdoutLine: {'line': b'-- Up-to-date symlink: /home/public/ros2ws/install/turtlesim/lib/turtlesim/turtlesim_node\n'}
[3.094197] (turtlesim) StdoutLine: {'line': b'-- Up-to-date symlink: /home/public/ros2ws/install/turtlesim/lib/turtlesim/turtle_teleop_key\n'}
[3.094749] (turtlesim) StdoutLine: {'line': b'-- Up-to-date symlink: /home/public/ros2ws/install/turtlesim/lib/turtlesim/draw_square\n'}
[3.095102] (turtlesim) StdoutLine: {'line': b'-- Up-to-date symlink: /home/public/ros2ws/install/turtlesim/lib/turtlesim/mimic\n'}
[3.097484] (turtlesim) StdoutLine: {'line': b'-- Up-to-date symlink: /home/public/ros2ws/install/turtlesim/share/turtlesim/launch/multisim.launch.py\n'}
[3.099883] (turtlesim) StdoutLine: {'line': b'-- Up-to-date symlink: /home/public/ros2ws/install/turtlesim/share/ament_index/resource_index/package_run_dependencies/turtlesim\n'}
[3.101503] (turtlesim) StdoutLine: {'line': b'-- Up-to-date symlink: /home/public/ros2ws/install/turtlesim/share/ament_index/resource_index/parent_prefix_path/turtlesim\n'}
[3.102804] (turtlesim) StdoutLine: {'line': b'-- Up-to-date symlink: /home/public/ros2ws/install/turtlesim/share/turtlesim/environment/ament_prefix_path.sh\n'}
[3.103881] (turtlesim) StdoutLine: {'line': b'-- Up-to-date symlink: /home/public/ros2ws/install/turtlesim/share/turtlesim/environment/ament_prefix_path.dsv\n'}
[3.104841] (turtlesim) StdoutLine: {'line': b'-- Up-to-date symlink: /home/public/ros2ws/install/turtlesim/share/turtlesim/environment/path.sh\n'}
[3.105771] (turtlesim) StdoutLine: {'line': b'-- Up-to-date symlink: /home/public/ros2ws/install/turtlesim/share/turtlesim/environment/path.dsv\n'}
[3.106719] (turtlesim) StdoutLine: {'line': b'-- Up-to-date symlink: /home/public/ros2ws/install/turtlesim/share/turtlesim/local_setup.bash\n'}
[3.107659] (turtlesim) StdoutLine: {'line': b'-- Up-to-date symlink: /home/public/ros2ws/install/turtlesim/share/turtlesim/local_setup.fish\n'}
[3.108617] (turtlesim) StdoutLine: {'line': b'-- Up-to-date symlink: /home/public/ros2ws/install/turtlesim/share/turtlesim/local_setup.sh\n'}
[3.109539] (turtlesim) StdoutLine: {'line': b'-- Up-to-date symlink: /home/public/ros2ws/install/turtlesim/share/turtlesim/local_setup.zsh\n'}
[3.110484] (turtlesim) StdoutLine: {'line': b'-- Up-to-date symlink: /home/public/ros2ws/install/turtlesim/share/turtlesim/local_setup.dsv\n'}
[3.113138] (turtlesim) StdoutLine: {'line': b'-- Symlinking: /home/public/ros2ws/install/turtlesim/share/turtlesim/package.dsv\n'}
[3.119025] (-) TimerEvent: {}
[3.132218] (turtlesim) StdoutLine: {'line': b'-- Up-to-date symlink: /home/public/ros2ws/install/turtlesim/share/ament_index/resource_index/packages/turtlesim\n'}
[3.134820] (turtlesim) StdoutLine: {'line': b'-- Up-to-date symlink: /home/public/ros2ws/install/turtlesim/share/turtlesim/cmake/turtlesimConfig.cmake\n'}
[3.135693] (turtlesim) StdoutLine: {'line': b'-- Up-to-date symlink: /home/public/ros2ws/install/turtlesim/share/turtlesim/cmake/turtlesimConfig-version.cmake\n'}
[3.136604] (turtlesim) StdoutLine: {'line': b'-- Up-to-date symlink: /home/public/ros2ws/install/turtlesim/share/turtlesim/package.xml\n'}
[3.137089] (turtlesim) StdoutLine: {'line': b'-- Up-to-date: /home/public/ros2ws/install/turtlesim/share/turtlesim/images\n'}
[3.137989] (turtlesim) StdoutLine: {'line': b'-- Up-to-date: /home/public/ros2ws/install/turtlesim/share/turtlesim/images/kilted.png\n'}
[3.138442] (turtlesim) StdoutLine: {'line': b'-- Up-to-date: /home/public/ros2ws/install/turtlesim/share/turtlesim/images/eloquent.png\n'}
[3.138567] (turtlesim) StdoutLine: {'line': b'-- Up-to-date: /home/public/ros2ws/install/turtlesim/share/turtlesim/images/jazzy.png\n'}
[3.138630] (turtlesim) StdoutLine: {'line': b'-- Up-to-date: /home/public/ros2ws/install/turtlesim/share/turtlesim/images/bouncy.png\n'}
[3.138687] (turtlesim) StdoutLine: {'line': b'-- Up-to-date: /home/public/ros2ws/install/turtlesim/share/turtlesim/images/galactic.png\n'}
[3.139201] (turtlesim) StdoutLine: {'line': b'-- Up-to-date: /home/public/ros2ws/install/turtlesim/share/turtlesim/images/foxy.png\n'}
[3.139335] (turtlesim) StdoutLine: {'line': b'-- Up-to-date: /home/public/ros2ws/install/turtlesim/share/turtlesim/images/humble.png\n'}
[3.139398] (turtlesim) StdoutLine: {'line': b'-- Up-to-date: /home/public/ros2ws/install/turtlesim/share/turtlesim/images/dashing.png\n'}
[3.139454] (turtlesim) StdoutLine: {'line': b'-- Up-to-date: /home/public/ros2ws/install/turtlesim/share/turtlesim/images/crystal.png\n'}
[3.139507] (turtlesim) StdoutLine: {'line': b'-- Up-to-date: /home/public/ros2ws/install/turtlesim/share/turtlesim/images/iron.png\n'}
[3.139561] (turtlesim) StdoutLine: {'line': b'-- Up-to-date: /home/public/ros2ws/install/turtlesim/share/turtlesim/images/lyrical.png\n'}
[3.139615] (turtlesim) StdoutLine: {'line': b'-- Up-to-date: /home/public/ros2ws/install/turtlesim/share/turtlesim/images/ardent.png\n'}
[3.139669] (turtlesim) StdoutLine: {'line': b'-- Up-to-date: /home/public/ros2ws/install/turtlesim/share/turtlesim/images/rolling.png\n'}
[3.144629] (turtlesim) CommandEnded: {'returncode': 0}
[3.177396] (turtlesim) JobEnded: {'identifier': 'turtlesim', 'rc': 0}
[3.219132] (-) TimerEvent: {}
[3.319460] (-) TimerEvent: {}
[3.421287] (-) TimerEvent: {}
[3.522280] (-) TimerEvent: {}
[3.623210] (-) TimerEvent: {}
[3.726159] (-) TimerEvent: {}
[3.826700] (-) TimerEvent: {}
[3.927259] (-) TimerEvent: {}
[4.027714] (-) TimerEvent: {}
[4.128063] (-) TimerEvent: {}
[4.228539] (-) TimerEvent: {}
[4.330306] (-) TimerEvent: {}
[4.412958] (hiwonder_board) Command: {'cmd': ['/usr/bin/python3', '-W', 'ignore:setup.py install is deprecated', '-W', 'ignore:easy_install command is deprecated', 'setup.py', 'develop', '--editable', '--build-directory', '/home/public/ros2ws/build/hiwonder_board/build', '--no-deps', 'symlink_data'], 'cwd': '/home/public/ros2ws/build/hiwonder_board', 'env': {'LESSOPEN': '| /usr/bin/lesspipe %s', 'LANGUAGE': 'en', 'USER': 'admin', 'LC_TIME': 'C.UTF-8', 'XDG_SESSION_TYPE': 'wayland', 'PTYXIS_VERSION': '50.1', 'SHLVL': '1', 'LD_LIBRARY_PATH': '/opt/ros/lyrical/opt/gz_math_vendor/lib:/opt/ros/lyrical/opt/gz_utils_vendor/lib:/opt/ros/lyrical/opt/rviz_ogre_vendor/lib:/opt/ros/lyrical/lib/aarch64-linux-gnu:/opt/ros/lyrical/opt/gz_cmake_vendor/lib:/opt/ros/lyrical/lib', 'HOME': '/home/admin', 'OLDPWD': '/home/public/ros2ws/src/controls_core/controls_core', 'DESKTOP_SESSION': 'ubuntu', 'IM_CONFIG_ENTRY': 'profile', 'ROS_PYTHON_VERSION': '3', 'GTK_MODULES': 'gail:atk-bridge', 'LC_MONETARY': 'C.UTF-8', 'MANAGERPID': '3002', 'DBUS_STARTER_BUS_TYPE': 'session', 'SYSTEMD_EXEC_PID': '3029', 'DBUS_SESSION_BUS_ADDRESS': 'unix:path=/run/user/1000/bus,guid=01a12b5d9c6e72b598e357a469dfd9f0', 'COLORTERM': 'truecolor', 'DEBUGINFOD_URLS': 'https://debuginfod.ubuntu.com', 'WAYLAND_DISPLAY': 'wayland-0', 'ROS_DISTRO': 'lyrical', 'LOGNAME': 'admin', 'MANAGERPIDFDID': '533', '_': '/usr/bin/colcon', 'ROS_VERSION': '2', 'MEMORY_PRESSURE_WATCH': '/sys/fs/cgroup/user.slice/user-1000.slice/user@1000.service/session.slice/dbus.service/memory.pressure', 'XDG_SESSION_CLASS': 'user', 'USERNAME': 'admin', 'TERM': 'xterm-256color', 'GNOME_DESKTOP_SESSION_ID': 'this-is-deprecated', 'FLATPAK_TTY_PROGRESS': '1', 'PATH': '/opt/ros/lyrical/bin:/usr/local/sbin:/usr/local/bin:/usr/sbin:/usr/bin:/sbin:/bin:/usr/games:/usr/local/games:/snap/bin:/snap/bin', 'INVOCATION_ID': '922b0636287f40b9bd59f8525fd3668e', 'PAPERSIZE': 'a4', 'XDG_MENU_PREFIX': 'gnome-', 'PTYXIS_PROFILE': '46b325db7867804b9a1cc0046a1f6a7b', 'LC_ADDRESS': 'C.UTF-8', 'GNOME_SETUP_DISPLAY': 'unix:/tmp/.X11-unix/X1', 'XDG_RUNTIME_DIR': '/run/user/1000', 'DISPLAY': ':0', 'LANG': 'en_US.UTF-8', 'XDG_CURRENT_DESKTOP': 'ubuntu:GNOME', 'LC_TELEPHONE': 'C.UTF-8', 'XMODIFIERS': '@im=ibus', 'XDG_SESSION_DESKTOP': 'ubuntu', 'XAUTHORITY': '/run/user/1000/.mutter-Xwaylandauth.YTOCN3', 'LS_COLORS': 'rs=0:di=01;34:ln=01;36:mh=00:pi=40;33:so=01;35:do=01;35:bd=40;33;01:cd=40;33;01:or=40;31;01:mi=00:su=37;41:sg=30;43:ca=00:tw=30;42:ow=34;42:st=37;44:ex=01;32:*.tar=01;31:*.tgz=01;31:*.arc=01;31:*.arj=01;31:*.taz=01;31:*.lha=01;31:*.lz4=01;31:*.lzh=01;31:*.lzma=01;31:*.tlz=01;31:*.txz=01;31:*.tzo=01;31:*.t7z=01;31:*.zip=01;31:*.z=01;31:*.dz=01;31:*.gz=01;31:*.lrz=01;31:*.lz=01;31:*.lzo=01;31:*.xz=01;31:*.zst=01;31:*.tzst=01;31:*.bz2=01;31:*.bz=01;31:*.tbz=01;31:*.tbz2=01;31:*.tz=01;31:*.deb=01;31:*.rpm=01;31:*.jar=01;31:*.war=01;31:*.ear=01;31:*.sar=01;31:*.rar=01;31:*.alz=01;31:*.ace=01;31:*.zoo=01;31:*.cpio=01;31:*.7z=01;31:*.rz=01;31:*.cab=01;31:*.wim=01;31:*.swm=01;31:*.dwm=01;31:*.esd=01;31:*.avif=01;35:*.jpg=01;35:*.jpeg=01;35:*.mjpg=01;35:*.mjpeg=01;35:*.gif=01;35:*.bmp=01;35:*.pbm=01;35:*.pgm=01;35:*.ppm=01;35:*.tga=01;35:*.xbm=01;35:*.xpm=01;35:*.tif=01;35:*.tiff=01;35:*.png=01;35:*.svg=01;35:*.svgz=01;35:*.mng=01;35:*.pcx=01;35:*.mov=01;35:*.mpg=01;35:*.mpeg=01;35:*.m2v=01;35:*.mkv=01;35:*.webm=01;35:*.webp=01;35:*.ogm=01;35:*.mp4=01;35:*.m4v=01;35:*.mp4v=01;35:*.vob=01;35:*.qt=01;35:*.nuv=01;35:*.wmv=01;35:*.asf=01;35:*.rm=01;35:*.rmvb=01;35:*.flc=01;35:*.avi=01;35:*.fli=01;35:*.flv=01;35:*.gl=01;35:*.dl=01;35:*.xcf=01;35:*.xwd=01;35:*.yuv=01;35:*.cgm=01;35:*.emf=01;35:*.ogv=01;35:*.ogx=01;35:*.aac=00;36:*.au=00;36:*.flac=00;36:*.m4a=00;36:*.mid=00;36:*.midi=00;36:*.mka=00;36:*.mp3=00;36:*.mpc=00;36:*.ogg=00;36:*.ra=00;36:*.wav=00;36:*.oga=00;36:*.opus=00;36:*.spx=00;36:*.xspf=00;36:*~=00;90:*#=00;90:*.bak=00;90:*.old=00;90:*.orig=00;90:*.part=00;90:*.rej=00;90:*.swp=00;90:*.tmp=00;90:*.dpkg-dist=00;90:*.dpkg-old=00;90:*.ucf-dist=00;90:*.ucf-new=00;90:*.ucf-old=00;90:*.rpmnew=00;90:*.rpmorig=00;90:*.rpmsave=00;90:', 'SSH_AUTH_SOCK': '/run/user/1000/gcr/ssh', 'AMENT_PREFIX_PATH': '/opt/ros/lyrical', 'SHELL': '/bin/bash', 'LC_NAME': 'C.UTF-8', 'QT_ACCESSIBILITY': '1', 'GDMSESSION': 'ubuntu', 'LESSCLOSE': '/usr/bin/lesspipe %s %s', 'LC_MEASUREMENT': 'C.UTF-8', 'GPG_AGENT_INFO': '/run/user/1000/gnupg/S.gpg-agent:0:1', 'LC_IDENTIFICATION': 'C.UTF-8', 'GSK_RENDERER': 'gl', 'ROS_AUTOMATIC_DISCOVERY_RANGE': 'SUBNET', 'QT_IM_MODULE': 'ibus', 'PWD': '/home/public/ros2ws/build/hiwonder_board', 'XDG_CONFIG_DIRS': '/etc/xdg/xdg-ubuntu:/etc/xdg', 'DBUS_STARTER_ADDRESS': 'unix:path=/run/user/1000/bus,guid=01a12b5d9c6e72b598e357a469dfd9f0', 'XDG_DATA_DIRS': '/usr/share/ubuntu:/usr/share/gnome:/usr/local/share/:/usr/share/:/var/lib/snapd/desktop', 'XDG_SESSION_EXTRA_DEVICE_ACCESS': 'render:accel', 'PYTHONPATH': '/home/public/ros2ws/build/hiwonder_board/prefix_override:/usr/lib/python3/dist-packages/colcon_core/task/python/colcon_distutils_commands:/home/public/ros2ws/install/hiwonder_board/lib/python3.14/site-packages:/opt/ros/lyrical/opt/gz_math_vendor/lib/python:/opt/ros/lyrical/lib/python3.14/site-packages', 'LC_NUMERIC': 'C.UTF-8', 'LC_PAPER': 'C.UTF-8', 'COLCON': '1', 'QT_IM_MODULES': 'wayland;ibus', 'MEMORY_PRESSURE_WRITE': 'c29tZSAyMDAwMDAgMjAwMDAwMAA=', 'VTE_VERSION': '8400', 'CMAKE_PREFIX_PATH': '/opt/ros/lyrical/opt/gz_math_vendor:/opt/ros/lyrical/opt/gz_utils_vendor:/opt/ros/lyrical/opt/gz_cmake_vendor'}, 'shell': False}
[4.430417] (-) TimerEvent: {}
[4.457720] (controls_core) Command: {'cmd': ['/usr/bin/python3', '-W', 'ignore:setup.py install is deprecated', '-W', 'ignore:easy_install command is deprecated', 'setup.py', 'develop', '--editable', '--build-directory', '/home/public/ros2ws/build/controls_core/build', '--no-deps', 'symlink_data'], 'cwd': '/home/public/ros2ws/build/controls_core', 'env': {'LESSOPEN': '| /usr/bin/lesspipe %s', 'LANGUAGE': 'en', 'USER': 'admin', 'LC_TIME': 'C.UTF-8', 'XDG_SESSION_TYPE': 'wayland', 'PTYXIS_VERSION': '50.1', 'SHLVL': '1', 'LD_LIBRARY_PATH': '/opt/ros/lyrical/opt/gz_math_vendor/lib:/opt/ros/lyrical/opt/gz_utils_vendor/lib:/opt/ros/lyrical/opt/rviz_ogre_vendor/lib:/opt/ros/lyrical/lib/aarch64-linux-gnu:/opt/ros/lyrical/opt/gz_cmake_vendor/lib:/opt/ros/lyrical/lib', 'HOME': '/home/admin', 'OLDPWD': '/home/public/ros2ws/src/controls_core/controls_core', 'DESKTOP_SESSION': 'ubuntu', 'IM_CONFIG_ENTRY': 'profile', 'ROS_PYTHON_VERSION': '3', 'GTK_MODULES': 'gail:atk-bridge', 'LC_MONETARY': 'C.UTF-8', 'MANAGERPID': '3002', 'DBUS_STARTER_BUS_TYPE': 'session', 'SYSTEMD_EXEC_PID': '3029', 'DBUS_SESSION_BUS_ADDRESS': 'unix:path=/run/user/1000/bus,guid=01a12b5d9c6e72b598e357a469dfd9f0', 'COLORTERM': 'truecolor', 'DEBUGINFOD_URLS': 'https://debuginfod.ubuntu.com', 'WAYLAND_DISPLAY': 'wayland-0', 'ROS_DISTRO': 'lyrical', 'LOGNAME': 'admin', 'MANAGERPIDFDID': '533', '_': '/usr/bin/colcon', 'ROS_VERSION': '2', 'MEMORY_PRESSURE_WATCH': '/sys/fs/cgroup/user.slice/user-1000.slice/user@1000.service/session.slice/dbus.service/memory.pressure', 'XDG_SESSION_CLASS': 'user', 'USERNAME': 'admin', 'TERM': 'xterm-256color', 'GNOME_DESKTOP_SESSION_ID': 'this-is-deprecated', 'FLATPAK_TTY_PROGRESS': '1', 'PATH': '/opt/ros/lyrical/bin:/usr/local/sbin:/usr/local/bin:/usr/sbin:/usr/bin:/sbin:/bin:/usr/games:/usr/local/games:/snap/bin:/snap/bin', 'INVOCATION_ID': '922b0636287f40b9bd59f8525fd3668e', 'PAPERSIZE': 'a4', 'XDG_MENU_PREFIX': 'gnome-', 'PTYXIS_PROFILE': '46b325db7867804b9a1cc0046a1f6a7b', 'LC_ADDRESS': 'C.UTF-8', 'GNOME_SETUP_DISPLAY': 'unix:/tmp/.X11-unix/X1', 'XDG_RUNTIME_DIR': '/run/user/1000', 'DISPLAY': ':0', 'LANG': 'en_US.UTF-8', 'XDG_CURRENT_DESKTOP': 'ubuntu:GNOME', 'LC_TELEPHONE': 'C.UTF-8', 'XMODIFIERS': '@im=ibus', 'XDG_SESSION_DESKTOP': 'ubuntu', 'XAUTHORITY': '/run/user/1000/.mutter-Xwaylandauth.YTOCN3', 'LS_COLORS': 'rs=0:di=01;34:ln=01;36:mh=00:pi=40;33:so=01;35:do=01;35:bd=40;33;01:cd=40;33;01:or=40;31;01:mi=00:su=37;41:sg=30;43:ca=00:tw=30;42:ow=34;42:st=37;44:ex=01;32:*.tar=01;31:*.tgz=01;31:*.arc=01;31:*.arj=01;31:*.taz=01;31:*.lha=01;31:*.lz4=01;31:*.lzh=01;31:*.lzma=01;31:*.tlz=01;31:*.txz=01;31:*.tzo=01;31:*.t7z=01;31:*.zip=01;31:*.z=01;31:*.dz=01;31:*.gz=01;31:*.lrz=01;31:*.lz=01;31:*.lzo=01;31:*.xz=01;31:*.zst=01;31:*.tzst=01;31:*.bz2=01;31:*.bz=01;31:*.tbz=01;31:*.tbz2=01;31:*.tz=01;31:*.deb=01;31:*.rpm=01;31:*.jar=01;31:*.war=01;31:*.ear=01;31:*.sar=01;31:*.rar=01;31:*.alz=01;31:*.ace=01;31:*.zoo=01;31:*.cpio=01;31:*.7z=01;31:*.rz=01;31:*.cab=01;31:*.wim=01;31:*.swm=01;31:*.dwm=01;31:*.esd=01;31:*.avif=01;35:*.jpg=01;35:*.jpeg=01;35:*.mjpg=01;35:*.mjpeg=01;35:*.gif=01;35:*.bmp=01;35:*.pbm=01;35:*.pgm=01;35:*.ppm=01;35:*.tga=01;35:*.xbm=01;35:*.xpm=01;35:*.tif=01;35:*.tiff=01;35:*.png=01;35:*.svg=01;35:*.svgz=01;35:*.mng=01;35:*.pcx=01;35:*.mov=01;35:*.mpg=01;35:*.mpeg=01;35:*.m2v=01;35:*.mkv=01;35:*.webm=01;35:*.webp=01;35:*.ogm=01;35:*.mp4=01;35:*.m4v=01;35:*.mp4v=01;35:*.vob=01;35:*.qt=01;35:*.nuv=01;35:*.wmv=01;35:*.asf=01;35:*.rm=01;35:*.rmvb=01;35:*.flc=01;35:*.avi=01;35:*.fli=01;35:*.flv=01;35:*.gl=01;35:*.dl=01;35:*.xcf=01;35:*.xwd=01;35:*.yuv=01;35:*.cgm=01;35:*.emf=01;35:*.ogv=01;35:*.ogx=01;35:*.aac=00;36:*.au=00;36:*.flac=00;36:*.m4a=00;36:*.mid=00;36:*.midi=00;36:*.mka=00;36:*.mp3=00;36:*.mpc=00;36:*.ogg=00;36:*.ra=00;36:*.wav=00;36:*.oga=00;36:*.opus=00;36:*.spx=00;36:*.xspf=00;36:*~=00;90:*#=00;90:*.bak=00;90:*.old=00;90:*.orig=00;90:*.part=00;90:*.rej=00;90:*.swp=00;90:*.tmp=00;90:*.dpkg-dist=00;90:*.dpkg-old=00;90:*.ucf-dist=00;90:*.ucf-new=00;90:*.ucf-old=00;90:*.rpmnew=00;90:*.rpmorig=00;90:*.rpmsave=00;90:', 'SSH_AUTH_SOCK': '/run/user/1000/gcr/ssh', 'AMENT_PREFIX_PATH': '/opt/ros/lyrical', 'SHELL': '/bin/bash', 'LC_NAME': 'C.UTF-8', 'QT_ACCESSIBILITY': '1', 'GDMSESSION': 'ubuntu', 'LESSCLOSE': '/usr/bin/lesspipe %s %s', 'LC_MEASUREMENT': 'C.UTF-8', 'GPG_AGENT_INFO': '/run/user/1000/gnupg/S.gpg-agent:0:1', 'LC_IDENTIFICATION': 'C.UTF-8', 'GSK_RENDERER': 'gl', 'ROS_AUTOMATIC_DISCOVERY_RANGE': 'SUBNET', 'QT_IM_MODULE': 'ibus', 'PWD': '/home/public/ros2ws/build/controls_core', 'XDG_CONFIG_DIRS': '/etc/xdg/xdg-ubuntu:/etc/xdg', 'DBUS_STARTER_ADDRESS': 'unix:path=/run/user/1000/bus,guid=01a12b5d9c6e72b598e357a469dfd9f0', 'XDG_DATA_DIRS': '/usr/share/ubuntu:/usr/share/gnome:/usr/local/share/:/usr/share/:/var/lib/snapd/desktop', 'XDG_SESSION_EXTRA_DEVICE_ACCESS': 'render:accel', 'PYTHONPATH': '/home/public/ros2ws/build/controls_core/prefix_override:/usr/lib/python3/dist-packages/colcon_core/task/python/colcon_distutils_commands:/home/public/ros2ws/install/controls_core/lib/python3.14/site-packages:/opt/ros/lyrical/opt/gz_math_vendor/lib/python:/opt/ros/lyrical/lib/python3.14/site-packages', 'LC_NUMERIC': 'C.UTF-8', 'LC_PAPER': 'C.UTF-8', 'COLCON': '1', 'QT_IM_MODULES': 'wayland;ibus', 'MEMORY_PRESSURE_WRITE': 'c29tZSAyMDAwMDAgMjAwMDAwMAA=', 'VTE_VERSION': '8400', 'CMAKE_PREFIX_PATH': '/opt/ros/lyrical/opt/gz_math_vendor:/opt/ros/lyrical/opt/gz_utils_vendor:/opt/ros/lyrical/opt/gz_cmake_vendor'}, 'shell': False}
[4.463244] (opencv2_nodes) Command: {'cmd': ['/usr/bin/python3', '-W', 'ignore:setup.py install is deprecated', '-W', 'ignore:easy_install command is deprecated', 'setup.py', 'develop', '--editable', '--build-directory', '/home/public/ros2ws/build/opencv2_nodes/build', '--no-deps', 'symlink_data'], 'cwd': '/home/public/ros2ws/build/opencv2_nodes', 'env': {'LESSOPEN': '| /usr/bin/lesspipe %s', 'LANGUAGE': 'en', 'USER': 'admin', 'LC_TIME': 'C.UTF-8', 'XDG_SESSION_TYPE': 'wayland', 'PTYXIS_VERSION': '50.1', 'SHLVL': '1', 'LD_LIBRARY_PATH': '/opt/ros/lyrical/opt/gz_math_vendor/lib:/opt/ros/lyrical/opt/gz_utils_vendor/lib:/opt/ros/lyrical/opt/rviz_ogre_vendor/lib:/opt/ros/lyrical/lib/aarch64-linux-gnu:/opt/ros/lyrical/opt/gz_cmake_vendor/lib:/opt/ros/lyrical/lib', 'HOME': '/home/admin', 'OLDPWD': '/home/public/ros2ws/src/controls_core/controls_core', 'DESKTOP_SESSION': 'ubuntu', 'IM_CONFIG_ENTRY': 'profile', 'ROS_PYTHON_VERSION': '3', 'GTK_MODULES': 'gail:atk-bridge', 'LC_MONETARY': 'C.UTF-8', 'MANAGERPID': '3002', 'DBUS_STARTER_BUS_TYPE': 'session', 'SYSTEMD_EXEC_PID': '3029', 'DBUS_SESSION_BUS_ADDRESS': 'unix:path=/run/user/1000/bus,guid=01a12b5d9c6e72b598e357a469dfd9f0', 'COLORTERM': 'truecolor', 'DEBUGINFOD_URLS': 'https://debuginfod.ubuntu.com', 'WAYLAND_DISPLAY': 'wayland-0', 'ROS_DISTRO': 'lyrical', 'LOGNAME': 'admin', 'MANAGERPIDFDID': '533', '_': '/usr/bin/colcon', 'ROS_VERSION': '2', 'MEMORY_PRESSURE_WATCH': '/sys/fs/cgroup/user.slice/user-1000.slice/user@1000.service/session.slice/dbus.service/memory.pressure', 'XDG_SESSION_CLASS': 'user', 'USERNAME': 'admin', 'TERM': 'xterm-256color', 'GNOME_DESKTOP_SESSION_ID': 'this-is-deprecated', 'FLATPAK_TTY_PROGRESS': '1', 'PATH': '/opt/ros/lyrical/bin:/usr/local/sbin:/usr/local/bin:/usr/sbin:/usr/bin:/sbin:/bin:/usr/games:/usr/local/games:/snap/bin:/snap/bin', 'INVOCATION_ID': '922b0636287f40b9bd59f8525fd3668e', 'PAPERSIZE': 'a4', 'XDG_MENU_PREFIX': 'gnome-', 'PTYXIS_PROFILE': '46b325db7867804b9a1cc0046a1f6a7b', 'LC_ADDRESS': 'C.UTF-8', 'GNOME_SETUP_DISPLAY': 'unix:/tmp/.X11-unix/X1', 'XDG_RUNTIME_DIR': '/run/user/1000', 'DISPLAY': ':0', 'LANG': 'en_US.UTF-8', 'XDG_CURRENT_DESKTOP': 'ubuntu:GNOME', 'LC_TELEPHONE': 'C.UTF-8', 'XMODIFIERS': '@im=ibus', 'XDG_SESSION_DESKTOP': 'ubuntu', 'XAUTHORITY': '/run/user/1000/.mutter-Xwaylandauth.YTOCN3', 'LS_COLORS': 'rs=0:di=01;34:ln=01;36:mh=00:pi=40;33:so=01;35:do=01;35:bd=40;33;01:cd=40;33;01:or=40;31;01:mi=00:su=37;41:sg=30;43:ca=00:tw=30;42:ow=34;42:st=37;44:ex=01;32:*.tar=01;31:*.tgz=01;31:*.arc=01;31:*.arj=01;31:*.taz=01;31:*.lha=01;31:*.lz4=01;31:*.lzh=01;31:*.lzma=01;31:*.tlz=01;31:*.txz=01;31:*.tzo=01;31:*.t7z=01;31:*.zip=01;31:*.z=01;31:*.dz=01;31:*.gz=01;31:*.lrz=01;31:*.lz=01;31:*.lzo=01;31:*.xz=01;31:*.zst=01;31:*.tzst=01;31:*.bz2=01;31:*.bz=01;31:*.tbz=01;31:*.tbz2=01;31:*.tz=01;31:*.deb=01;31:*.rpm=01;31:*.jar=01;31:*.war=01;31:*.ear=01;31:*.sar=01;31:*.rar=01;31:*.alz=01;31:*.ace=01;31:*.zoo=01;31:*.cpio=01;31:*.7z=01;31:*.rz=01;31:*.cab=01;31:*.wim=01;31:*.swm=01;31:*.dwm=01;31:*.esd=01;31:*.avif=01;35:*.jpg=01;35:*.jpeg=01;35:*.mjpg=01;35:*.mjpeg=01;35:*.gif=01;35:*.bmp=01;35:*.pbm=01;35:*.pgm=01;35:*.ppm=01;35:*.tga=01;35:*.xbm=01;35:*.xpm=01;35:*.tif=01;35:*.tiff=01;35:*.png=01;35:*.svg=01;35:*.svgz=01;35:*.mng=01;35:*.pcx=01;35:*.mov=01;35:*.mpg=01;35:*.mpeg=01;35:*.m2v=01;35:*.mkv=01;35:*.webm=01;35:*.webp=01;35:*.ogm=01;35:*.mp4=01;35:*.m4v=01;35:*.mp4v=01;35:*.vob=01;35:*.qt=01;35:*.nuv=01;35:*.wmv=01;35:*.asf=01;35:*.rm=01;35:*.rmvb=01;35:*.flc=01;35:*.avi=01;35:*.fli=01;35:*.flv=01;35:*.gl=01;35:*.dl=01;35:*.xcf=01;35:*.xwd=01;35:*.yuv=01;35:*.cgm=01;35:*.emf=01;35:*.ogv=01;35:*.ogx=01;35:*.aac=00;36:*.au=00;36:*.flac=00;36:*.m4a=00;36:*.mid=00;36:*.midi=00;36:*.mka=00;36:*.mp3=00;36:*.mpc=00;36:*.ogg=00;36:*.ra=00;36:*.wav=00;36:*.oga=00;36:*.opus=00;36:*.spx=00;36:*.xspf=00;36:*~=00;90:*#=00;90:*.bak=00;90:*.old=00;90:*.orig=00;90:*.part=00;90:*.rej=00;90:*.swp=00;90:*.tmp=00;90:*.dpkg-dist=00;90:*.dpkg-old=00;90:*.ucf-dist=00;90:*.ucf-new=00;90:*.ucf-old=00;90:*.rpmnew=00;90:*.rpmorig=00;90:*.rpmsave=00;90:', 'SSH_AUTH_SOCK': '/run/user/1000/gcr/ssh', 'AMENT_PREFIX_PATH': '/opt/ros/lyrical', 'SHELL': '/bin/bash', 'LC_NAME': 'C.UTF-8', 'QT_ACCESSIBILITY': '1', 'GDMSESSION': 'ubuntu', 'LESSCLOSE': '/usr/bin/lesspipe %s %s', 'LC_MEASUREMENT': 'C.UTF-8', 'GPG_AGENT_INFO': '/run/user/1000/gnupg/S.gpg-agent:0:1', 'LC_IDENTIFICATION': 'C.UTF-8', 'GSK_RENDERER': 'gl', 'ROS_AUTOMATIC_DISCOVERY_RANGE': 'SUBNET', 'QT_IM_MODULE': 'ibus', 'PWD': '/home/public/ros2ws/build/opencv2_nodes', 'XDG_CONFIG_DIRS': '/etc/xdg/xdg-ubuntu:/etc/xdg', 'DBUS_STARTER_ADDRESS': 'unix:path=/run/user/1000/bus,guid=01a12b5d9c6e72b598e357a469dfd9f0', 'XDG_DATA_DIRS': '/usr/share/ubuntu:/usr/share/gnome:/usr/local/share/:/usr/share/:/var/lib/snapd/desktop', 'XDG_SESSION_EXTRA_DEVICE_ACCESS': 'render:accel', 'PYTHONPATH': '/home/public/ros2ws/build/opencv2_nodes/prefix_override:/usr/lib/python3/dist-packages/colcon_core/task/python/colcon_distutils_commands:/home/public/ros2ws/install/opencv2_nodes/lib/python3.14/site-packages:/opt/ros/lyrical/opt/gz_math_vendor/lib/python:/opt/ros/lyrical/lib/python3.14/site-packages', 'LC_NUMERIC': 'C.UTF-8', 'LC_PAPER': 'C.UTF-8', 'COLCON': '1', 'QT_IM_MODULES': 'wayland;ibus', 'MEMORY_PRESSURE_WRITE': 'c29tZSAyMDAwMDAgMjAwMDAwMAA=', 'VTE_VERSION': '8400', 'CMAKE_PREFIX_PATH': '/opt/ros/lyrical/opt/gz_math_vendor:/opt/ros/lyrical/opt/gz_utils_vendor:/opt/ros/lyrical/opt/gz_cmake_vendor'}, 'shell': False}
[4.530526] (-) TimerEvent: {}
[4.633346] (-) TimerEvent: {}
[4.733693] (-) TimerEvent: {}
[4.834081] (-) TimerEvent: {}
[4.934488] (-) TimerEvent: {}
[4.948389] (hiwonder_board) StdoutLine: {'line': b'running develop\n'}
[4.959530] (controls_core) StdoutLine: {'line': b'running develop\n'}
[4.988412] (opencv2_nodes) StdoutLine: {'line': b'running develop\n'}
[5.034573] (-) TimerEvent: {}
[5.134878] (-) TimerEvent: {}
[5.181515] (hiwonder_board) StdoutLine: {'line': b'running egg_info\n'}
[5.189769] (controls_core) StdoutLine: {'line': b'running egg_info\n'}
[5.206238] (hiwonder_board) StdoutLine: {'line': b'writing hiwonder_board.egg-info/PKG-INFO\n'}
[5.207254] (hiwonder_board) StdoutLine: {'line': b'writing dependency_links to hiwonder_board.egg-info/dependency_links.txt\n'}
[5.209739] (hiwonder_board) StdoutLine: {'line': b'writing entry points to hiwonder_board.egg-info/entry_points.txt\n'}
[5.210507] (hiwonder_board) StdoutLine: {'line': b'writing requirements to hiwonder_board.egg-info/requires.txt\n'}
[5.210987] (hiwonder_board) StdoutLine: {'line': b'writing top-level names to hiwonder_board.egg-info/top_level.txt\n'}
[5.215201] (controls_core) StdoutLine: {'line': b'writing controls_core.egg-info/PKG-INFO\n'}
[5.216177] (controls_core) StdoutLine: {'line': b'writing dependency_links to controls_core.egg-info/dependency_links.txt\n'}
[5.216880] (controls_core) StdoutLine: {'line': b'writing entry points to controls_core.egg-info/entry_points.txt\n'}
[5.217647] (controls_core) StdoutLine: {'line': b'writing requirements to controls_core.egg-info/requires.txt\n'}
[5.218107] (controls_core) StdoutLine: {'line': b'writing top-level names to controls_core.egg-info/top_level.txt\n'}
[5.221475] (opencv2_nodes) StdoutLine: {'line': b'running egg_info\n'}
[5.234950] (-) TimerEvent: {}
[5.248131] (opencv2_nodes) StdoutLine: {'line': b'writing opencv2_nodes.egg-info/PKG-INFO\n'}
[5.249112] (opencv2_nodes) StdoutLine: {'line': b'writing dependency_links to opencv2_nodes.egg-info/dependency_links.txt\n'}
[5.250031] (opencv2_nodes) StdoutLine: {'line': b'writing entry points to opencv2_nodes.egg-info/entry_points.txt\n'}
[5.250793] (opencv2_nodes) StdoutLine: {'line': b'writing requirements to opencv2_nodes.egg-info/requires.txt\n'}
[5.251274] (opencv2_nodes) StdoutLine: {'line': b'writing top-level names to opencv2_nodes.egg-info/top_level.txt\n'}
[5.266370] (hiwonder_board) StdoutLine: {'line': b"reading manifest file 'hiwonder_board.egg-info/SOURCES.txt'\n"}
[5.268430] (hiwonder_board) StdoutLine: {'line': b"writing manifest file 'hiwonder_board.egg-info/SOURCES.txt'\n"}
[5.271738] (controls_core) StdoutLine: {'line': b"reading manifest file 'controls_core.egg-info/SOURCES.txt'\n"}
[5.273514] (controls_core) StdoutLine: {'line': b"writing manifest file 'controls_core.egg-info/SOURCES.txt'\n"}
[5.294909] (hiwonder_board) StdoutLine: {'line': b'running build_ext\n'}
[5.295157] (hiwonder_board) StdoutLine: {'line': b'Creating /home/public/ros2ws/install/hiwonder_board/lib/python3.14/site-packages/hiwonder-board.egg-link (link to .)\n'}
[5.296250] (hiwonder_board) StdoutLine: {'line': b'Installing hiwonder_board_node script to /home/public/ros2ws/install/hiwonder_board/lib/hiwonder_board\n'}
[5.296625] (hiwonder_board) StdoutLine: {'line': b'Installing test_listener script to /home/public/ros2ws/install/hiwonder_board/lib/hiwonder_board\n'}
[5.296870] (hiwonder_board) StdoutLine: {'line': b'Installing test_talker script to /home/public/ros2ws/install/hiwonder_board/lib/hiwonder_board\n'}
[5.297197] (hiwonder_board) StdoutLine: {'line': b'\n'}
[5.297282] (hiwonder_board) StdoutLine: {'line': b'Installed /home/public/ros2ws/build/hiwonder_board\n'}
[5.297378] (hiwonder_board) StdoutLine: {'line': b'running symlink_data\n'}
[5.299621] (controls_core) StdoutLine: {'line': b'running build_ext\n'}
[5.299894] (controls_core) StdoutLine: {'line': b'Creating /home/public/ros2ws/install/controls_core/lib/python3.14/site-packages/controls-core.egg-link (link to .)\n'}
[5.301417] (controls_core) StdoutLine: {'line': b'Installing main_control_node script to /home/public/ros2ws/install/controls_core/lib/controls_core\n'}
[5.301982] (controls_core) StdoutLine: {'line': b'\n'}
[5.302179] (controls_core) StdoutLine: {'line': b'Installed /home/public/ros2ws/build/controls_core\n'}
[5.302332] (controls_core) StdoutLine: {'line': b'running symlink_data\n'}
[5.307348] (opencv2_nodes) StdoutLine: {'line': b"reading manifest file 'opencv2_nodes.egg-info/SOURCES.txt'\n"}
[5.311498] (opencv2_nodes) StdoutLine: {'line': b"writing manifest file 'opencv2_nodes.egg-info/SOURCES.txt'\n"}
[5.335179] (-) TimerEvent: {}
[5.388198] (opencv2_nodes) StdoutLine: {'line': b'running build_ext\n'}
[5.390488] (opencv2_nodes) StdoutLine: {'line': b'Creating /home/public/ros2ws/install/opencv2_nodes/lib/python3.14/site-packages/opencv2-nodes.egg-link (link to .)\n'}
[5.390724] (opencv2_nodes) StdoutLine: {'line': b'Installing bin_mask script to /home/public/ros2ws/install/opencv2_nodes/lib/opencv2_nodes\n'}
[5.390891] (opencv2_nodes) StdoutLine: {'line': b'Installing edge_recog script to /home/public/ros2ws/install/opencv2_nodes/lib/opencv2_nodes\n'}
[5.391164] (opencv2_nodes) StdoutLine: {'line': b'Installing image_publisher script to /home/public/ros2ws/install/opencv2_nodes/lib/opencv2_nodes\n'}
[5.391589] (opencv2_nodes) StdoutLine: {'line': b'Installing line_recog script to /home/public/ros2ws/install/opencv2_nodes/lib/opencv2_nodes\n'}
[5.391763] (opencv2_nodes) StdoutLine: {'line': b'\n'}
[5.391897] (opencv2_nodes) StdoutLine: {'line': b'Installed /home/public/ros2ws/build/opencv2_nodes\n'}
[5.392012] (opencv2_nodes) StdoutLine: {'line': b'running symlink_data\n'}
[5.435417] (-) TimerEvent: {}
[5.537265] (-) TimerEvent: {}
[5.591891] (hiwonder_board) CommandEnded: {'returncode': 0}
[5.620340] (hiwonder_board) JobEnded: {'identifier': 'hiwonder_board', 'rc': 0}
[5.622155] (controls_core) CommandEnded: {'returncode': 0}
[5.638088] (-) TimerEvent: {}
[5.650967] (controls_core) JobEnded: {'identifier': 'controls_core', 'rc': 0}
[5.663457] (opencv2_nodes) CommandEnded: {'returncode': 0}
[5.687353] (opencv2_nodes) JobEnded: {'identifier': 'opencv2_nodes', 'rc': 0}
[5.688724] (-) EventReactorShutdown: {}
