[0.000000] (-) TimerEvent: {}
[0.000373] (controls_core) JobQueued: {'identifier': 'controls_core', 'dependencies': OrderedDict()}
[0.000492] (hiwonder_board) JobQueued: {'identifier': 'hiwonder_board', 'dependencies': OrderedDict()}
[0.000515] (opencv2_nodes) JobQueued: {'identifier': 'opencv2_nodes', 'dependencies': OrderedDict()}
[0.000533] (turtlesim_msgs) JobQueued: {'identifier': 'turtlesim_msgs', 'dependencies': OrderedDict()}
[0.000548] (turtlesim) JobQueued: {'identifier': 'turtlesim', 'dependencies': OrderedDict({'turtlesim_msgs': '/home/public/MSE112_MPi5_Hiwonder_ROS2/ros2ws/install/turtlesim_msgs'})}
[0.001153] (turtlesim_msgs) JobStarted: {'identifier': 'turtlesim_msgs'}
[0.018158] (controls_core) JobStarted: {'identifier': 'controls_core'}
[0.036002] (hiwonder_board) JobStarted: {'identifier': 'hiwonder_board'}
[0.045661] (opencv2_nodes) JobStarted: {'identifier': 'opencv2_nodes'}
[0.060779] (turtlesim_msgs) JobProgress: {'identifier': 'turtlesim_msgs', 'progress': 'cmake'}
[0.063894] (turtlesim_msgs) JobProgress: {'identifier': 'turtlesim_msgs', 'progress': 'build'}
[0.064596] (turtlesim_msgs) Command: {'cmd': ['/usr/bin/cmake', '--build', '/home/public/MSE112_MPi5_Hiwonder_ROS2/ros2ws/build/turtlesim_msgs', '--', '-j4', '-l4'], 'cwd': '/home/public/MSE112_MPi5_Hiwonder_ROS2/ros2ws/build/turtlesim_msgs', 'env': OrderedDict({'LESSOPEN': '| /usr/bin/lesspipe %s', 'LANGUAGE': 'en', 'USER': 'admin', 'LC_TIME': 'C.UTF-8', 'XDG_SESSION_TYPE': 'wayland', 'PTYXIS_VERSION': '50.1', 'SHLVL': '1', 'LD_LIBRARY_PATH': '/opt/ros/lyrical/opt/gz_math_vendor/lib:/opt/ros/lyrical/opt/gz_utils_vendor/lib:/opt/ros/lyrical/opt/rviz_ogre_vendor/lib:/opt/ros/lyrical/lib/aarch64-linux-gnu:/opt/ros/lyrical/opt/gz_cmake_vendor/lib:/opt/ros/lyrical/lib', 'HOME': '/home/admin', 'DESKTOP_SESSION': 'ubuntu', 'IM_CONFIG_ENTRY': 'profile', 'ROS_PYTHON_VERSION': '3', 'GTK_MODULES': 'gail:atk-bridge', 'LC_MONETARY': 'C.UTF-8', 'MANAGERPID': '3259', 'DBUS_STARTER_BUS_TYPE': 'session', 'SYSTEMD_EXEC_PID': '3283', 'DBUS_SESSION_BUS_ADDRESS': 'unix:path=/run/user/1000/bus,guid=67fdd25c649dd7932a57fd066a6920d0', 'COLORTERM': 'truecolor', 'DEBUGINFOD_URLS': 'https://debuginfod.ubuntu.com', 'WAYLAND_DISPLAY': 'wayland-0', 'ROS_DISTRO': 'lyrical', 'LOGNAME': 'admin', 'MANAGERPIDFDID': '723', '_': '/usr/bin/colcon', 'ROS_VERSION': '2', 'MEMORY_PRESSURE_WATCH': '/sys/fs/cgroup/user.slice/user-1000.slice/user@1000.service/session.slice/dbus.service/memory.pressure', 'XDG_SESSION_CLASS': 'user', 'USERNAME': 'admin', 'TERM': 'xterm-256color', 'GNOME_DESKTOP_SESSION_ID': 'this-is-deprecated', 'FLATPAK_TTY_PROGRESS': '1', 'PATH': '/opt/ros/lyrical/bin:/usr/local/sbin:/usr/local/bin:/usr/sbin:/usr/bin:/sbin:/bin:/usr/games:/usr/local/games:/snap/bin:/snap/bin', 'INVOCATION_ID': '5fd295d1fe9c49d6885439f3c704513f', 'PAPERSIZE': 'a4', 'XDG_MENU_PREFIX': 'gnome-', 'PTYXIS_PROFILE': '46b325db7867804b9a1cc0046a1f6a7b', 'LC_ADDRESS': 'C.UTF-8', 'GNOME_SETUP_DISPLAY': 'unix:/tmp/.X11-unix/X1', 'XDG_RUNTIME_DIR': '/run/user/1000', 'DISPLAY': ':0', 'LANG': 'en_US.UTF-8', 'XDG_CURRENT_DESKTOP': 'ubuntu:GNOME', 'LC_TELEPHONE': 'C.UTF-8', 'XMODIFIERS': '@im=ibus', 'XDG_SESSION_DESKTOP': 'ubuntu', 'XAUTHORITY': '/run/user/1000/.mutter-Xwaylandauth.Y8A8S3', 'LS_COLORS': 'rs=0:di=01;34:ln=01;36:mh=00:pi=40;33:so=01;35:do=01;35:bd=40;33;01:cd=40;33;01:or=40;31;01:mi=00:su=37;41:sg=30;43:ca=00:tw=30;42:ow=34;42:st=37;44:ex=01;32:*.tar=01;31:*.tgz=01;31:*.arc=01;31:*.arj=01;31:*.taz=01;31:*.lha=01;31:*.lz4=01;31:*.lzh=01;31:*.lzma=01;31:*.tlz=01;31:*.txz=01;31:*.tzo=01;31:*.t7z=01;31:*.zip=01;31:*.z=01;31:*.dz=01;31:*.gz=01;31:*.lrz=01;31:*.lz=01;31:*.lzo=01;31:*.xz=01;31:*.zst=01;31:*.tzst=01;31:*.bz2=01;31:*.bz=01;31:*.tbz=01;31:*.tbz2=01;31:*.tz=01;31:*.deb=01;31:*.rpm=01;31:*.jar=01;31:*.war=01;31:*.ear=01;31:*.sar=01;31:*.rar=01;31:*.alz=01;31:*.ace=01;31:*.zoo=01;31:*.cpio=01;31:*.7z=01;31:*.rz=01;31:*.cab=01;31:*.wim=01;31:*.swm=01;31:*.dwm=01;31:*.esd=01;31:*.avif=01;35:*.jpg=01;35:*.jpeg=01;35:*.mjpg=01;35:*.mjpeg=01;35:*.gif=01;35:*.bmp=01;35:*.pbm=01;35:*.pgm=01;35:*.ppm=01;35:*.tga=01;35:*.xbm=01;35:*.xpm=01;35:*.tif=01;35:*.tiff=01;35:*.png=01;35:*.svg=01;35:*.svgz=01;35:*.mng=01;35:*.pcx=01;35:*.mov=01;35:*.mpg=01;35:*.mpeg=01;35:*.m2v=01;35:*.mkv=01;35:*.webm=01;35:*.webp=01;35:*.ogm=01;35:*.mp4=01;35:*.m4v=01;35:*.mp4v=01;35:*.vob=01;35:*.qt=01;35:*.nuv=01;35:*.wmv=01;35:*.asf=01;35:*.rm=01;35:*.rmvb=01;35:*.flc=01;35:*.avi=01;35:*.fli=01;35:*.flv=01;35:*.gl=01;35:*.dl=01;35:*.xcf=01;35:*.xwd=01;35:*.yuv=01;35:*.cgm=01;35:*.emf=01;35:*.ogv=01;35:*.ogx=01;35:*.aac=00;36:*.au=00;36:*.flac=00;36:*.m4a=00;36:*.mid=00;36:*.midi=00;36:*.mka=00;36:*.mp3=00;36:*.mpc=00;36:*.ogg=00;36:*.ra=00;36:*.wav=00;36:*.oga=00;36:*.opus=00;36:*.spx=00;36:*.xspf=00;36:*~=00;90:*#=00;90:*.bak=00;90:*.old=00;90:*.orig=00;90:*.part=00;90:*.rej=00;90:*.swp=00;90:*.tmp=00;90:*.dpkg-dist=00;90:*.dpkg-old=00;90:*.ucf-dist=00;90:*.ucf-new=00;90:*.ucf-old=00;90:*.rpmnew=00;90:*.rpmorig=00;90:*.rpmsave=00;90:', 'SSH_AUTH_SOCK': '/run/user/1000/gcr/ssh', 'AMENT_PREFIX_PATH': '/opt/ros/lyrical', 'SHELL': '/bin/bash', 'LC_NAME': 'C.UTF-8', 'QT_ACCESSIBILITY': '1', 'GDMSESSION': 'ubuntu', 'LESSCLOSE': '/usr/bin/lesspipe %s %s', 'LC_MEASUREMENT': 'C.UTF-8', 'GPG_AGENT_INFO': '/run/user/1000/gnupg/S.gpg-agent:0:1', 'LC_IDENTIFICATION': 'C.UTF-8', 'GSK_RENDERER': 'gl', 'ROS_AUTOMATIC_DISCOVERY_RANGE': 'SUBNET', 'QT_IM_MODULE': 'ibus', 'PWD': '/home/public/MSE112_MPi5_Hiwonder_ROS2/ros2ws/build/turtlesim_msgs', 'XDG_CONFIG_DIRS': '/etc/xdg/xdg-ubuntu:/etc/xdg', 'DBUS_STARTER_ADDRESS': 'unix:path=/run/user/1000/bus,guid=67fdd25c649dd7932a57fd066a6920d0', 'XDG_DATA_DIRS': '/usr/share/ubuntu:/usr/share/gnome:/usr/local/share/:/usr/share/:/var/lib/snapd/desktop', 'XDG_SESSION_EXTRA_DEVICE_ACCESS': 'render:accel', 'PYTHONPATH': '/opt/ros/lyrical/opt/gz_math_vendor/lib/python:/opt/ros/lyrical/lib/python3.14/site-packages', 'LC_NUMERIC': 'C.UTF-8', 'LC_PAPER': 'C.UTF-8', 'COLCON': '1', 'QT_IM_MODULES': 'wayland;ibus', 'MEMORY_PRESSURE_WRITE': 'c29tZSAyMDAwMDAgMjAwMDAwMAA=', 'VTE_VERSION': '8400', 'CMAKE_PREFIX_PATH': '/opt/ros/lyrical/opt/gz_math_vendor:/opt/ros/lyrical/opt/gz_utils_vendor:/opt/ros/lyrical/opt/gz_cmake_vendor:/opt/ros/lyrical'}), 'shell': False}
[0.099327] (-) TimerEvent: {}
[0.199702] (-) TimerEvent: {}
[0.300065] (-) TimerEvent: {}
[0.400426] (-) TimerEvent: {}
[0.500916] (-) TimerEvent: {}
[0.601355] (-) TimerEvent: {}
[0.701734] (-) TimerEvent: {}
[0.802212] (-) TimerEvent: {}
[0.902751] (-) TimerEvent: {}
[0.957082] (turtlesim_msgs) StdoutLine: {'line': b'-- Found ament_cmake: 2.8.7 (/opt/ros/lyrical/share/ament_cmake/cmake)\n'}
[0.958163] (turtlesim_msgs) StdoutLine: {'line': b'-- Override CMake install command with custom implementation using symlinks instead of copying resources\n'}
[0.958508] (turtlesim_msgs) StdoutLine: {'line': b'-- Found builtin_interfaces: 2.4.5 (/opt/ros/lyrical/share/builtin_interfaces/cmake)\n'}
[0.958593] (turtlesim_msgs) StdoutLine: {'line': b'-- Found rosidl_generator_c: 5.2.1 (/opt/ros/lyrical/share/rosidl_generator_c/cmake)\n'}
[0.958663] (turtlesim_msgs) StdoutLine: {'line': b'-- Found rosidl_generator_cpp: 5.2.1 (/opt/ros/lyrical/share/rosidl_generator_cpp/cmake)\n'}
[0.958724] (turtlesim_msgs) StdoutLine: {'line': b'-- Using all available rosidl_typesupport_c: rosidl_typesupport_fastrtps_c;rosidl_typesupport_introspection_c\n'}
[0.958786] (turtlesim_msgs) StdoutLine: {'line': b'-- Using all available rosidl_typesupport_cpp: rosidl_typesupport_fastrtps_cpp;rosidl_typesupport_introspection_cpp\n'}
[0.958855] (turtlesim_msgs) StdoutLine: {'line': b'-- Found rosidl_default_generators: 1.8.1 (/opt/ros/lyrical/share/rosidl_default_generators/cmake)\n'}
[0.959048] (turtlesim_msgs) StdoutLine: {'line': b'-- Found rosidl_adapter: 5.2.1 (/opt/ros/lyrical/share/rosidl_adapter/cmake)\n'}
[1.002820] (-) TimerEvent: {}
[1.103213] (-) TimerEvent: {}
[1.203558] (-) TimerEvent: {}
[1.303973] (-) TimerEvent: {}
[1.404486] (-) TimerEvent: {}
[1.505041] (-) TimerEvent: {}
[1.546088] (turtlesim_msgs) StdoutLine: {'line': b'-- Found ament_cmake_cppcheck: 0.20.6 (/opt/ros/lyrical/share/ament_cmake_cppcheck/cmake)\n'}
[1.552071] (turtlesim_msgs) StdoutLine: {'line': b'-- Found ament_cmake_cpplint: 0.20.6 (/opt/ros/lyrical/share/ament_cmake_cpplint/cmake)\n'}
[1.555501] (turtlesim_msgs) StdoutLine: {'line': b'-- Found ament_cmake_uncrustify: 0.20.6 (/opt/ros/lyrical/share/ament_cmake_uncrustify/cmake)\n'}
[1.605193] (-) TimerEvent: {}
[1.705747] (-) TimerEvent: {}
[1.806429] (-) TimerEvent: {}
[1.909283] (-) TimerEvent: {}
[1.978871] (turtlesim_msgs) StdoutLine: {'line': b'-- Using all available rosidl_typesupport_c: rosidl_typesupport_fastrtps_c;rosidl_typesupport_introspection_c\n'}
[2.009387] (-) TimerEvent: {}
[2.098142] (turtlesim_msgs) StdoutLine: {'line': b'-- Using all available rosidl_typesupport_cpp: rosidl_typesupport_fastrtps_cpp;rosidl_typesupport_introspection_cpp\n'}
[2.109507] (-) TimerEvent: {}
[2.212716] (-) TimerEvent: {}
[2.313293] (-) TimerEvent: {}
[2.418269] (-) TimerEvent: {}
[2.519226] (-) TimerEvent: {}
[2.552432] (turtlesim_msgs) StdoutLine: {'line': b'-- Found Python3: /usr/bin/python3 (found version "3.14.4") found components: Interpreter Development NumPy Development.Module Development.Embed\n'}
[2.583916] (turtlesim_msgs) StdoutLine: {'line': b'-- Found ament_cmake_flake8: 0.20.6 (/opt/ros/lyrical/share/ament_cmake_flake8/cmake)\n'}
[2.586750] (turtlesim_msgs) StdoutLine: {'line': b'-- Found ament_cmake_pep257: 0.20.6 (/opt/ros/lyrical/share/ament_cmake_pep257/cmake)\n'}
[2.589989] (turtlesim_msgs) StdoutLine: {'line': b'-- Found ament_cmake_mypy: 0.20.6 (/opt/ros/lyrical/share/ament_cmake_mypy/cmake)\n'}
[2.620073] (-) TimerEvent: {}
[2.656204] (turtlesim_msgs) StdoutLine: {'line': b'-- Found Python3: /usr/bin/python3 (found version "3.14.4") found components: Interpreter\n'}
[2.711209] (turtlesim_msgs) StdoutLine: {'line': b'-- Configuring done (2.4s)\n'}
[2.720174] (-) TimerEvent: {}
[2.820526] (-) TimerEvent: {}
[2.922706] (-) TimerEvent: {}
[3.024125] (-) TimerEvent: {}
[3.124992] (-) TimerEvent: {}
[3.161293] (turtlesim_msgs) StdoutLine: {'line': b'-- Generating done (0.4s)\n'}
[3.225228] (-) TimerEvent: {}
[3.293381] (turtlesim_msgs) StdoutLine: {'line': b'-- Build files have been written to: /home/public/MSE112_MPi5_Hiwonder_ROS2/ros2ws/build/turtlesim_msgs\n'}
[3.325423] (-) TimerEvent: {}
[3.426228] (-) TimerEvent: {}
[3.449488] (turtlesim_msgs) StdoutLine: {'line': b'[  1%] \x1b[1m\x1b[34mGenerating type hashes for ROS interfaces\x1b[0m\n'}
[3.526383] (-) TimerEvent: {}
[3.628223] (-) TimerEvent: {}
[3.728730] (-) TimerEvent: {}
[3.831024] (-) TimerEvent: {}
[3.931430] (-) TimerEvent: {}
[4.031780] (-) TimerEvent: {}
[4.132276] (-) TimerEvent: {}
[4.233362] (-) TimerEvent: {}
[4.334838] (-) TimerEvent: {}
[4.435733] (-) TimerEvent: {}
[4.523116] (turtlesim_msgs) StdoutLine: {'line': b'[  1%] Built target turtlesim_msgs__rosidl_generator_type_description\n'}
[4.535849] (-) TimerEvent: {}
[4.560012] (turtlesim_msgs) StdoutLine: {'line': b'[  2%] \x1b[1m\x1b[34mGenerating Rust code for ROS interfaces\x1b[0m\n'}
[4.561343] (hiwonder_board) Command: {'cmd': ['/usr/bin/python3', '-W', 'ignore:setup.py install is deprecated', '-W', 'ignore:easy_install command is deprecated', 'setup.py', 'develop', '--editable', '--build-directory', '/home/public/MSE112_MPi5_Hiwonder_ROS2/ros2ws/build/hiwonder_board/build', '--no-deps', 'symlink_data'], 'cwd': '/home/public/MSE112_MPi5_Hiwonder_ROS2/ros2ws/build/hiwonder_board', 'env': {'LESSOPEN': '| /usr/bin/lesspipe %s', 'LANGUAGE': 'en', 'USER': 'admin', 'LC_TIME': 'C.UTF-8', 'XDG_SESSION_TYPE': 'wayland', 'PTYXIS_VERSION': '50.1', 'SHLVL': '1', 'LD_LIBRARY_PATH': '/opt/ros/lyrical/opt/gz_math_vendor/lib:/opt/ros/lyrical/opt/gz_utils_vendor/lib:/opt/ros/lyrical/opt/rviz_ogre_vendor/lib:/opt/ros/lyrical/lib/aarch64-linux-gnu:/opt/ros/lyrical/opt/gz_cmake_vendor/lib:/opt/ros/lyrical/lib', 'HOME': '/home/admin', 'DESKTOP_SESSION': 'ubuntu', 'IM_CONFIG_ENTRY': 'profile', 'ROS_PYTHON_VERSION': '3', 'GTK_MODULES': 'gail:atk-bridge', 'LC_MONETARY': 'C.UTF-8', 'MANAGERPID': '3259', 'DBUS_STARTER_BUS_TYPE': 'session', 'SYSTEMD_EXEC_PID': '3283', 'DBUS_SESSION_BUS_ADDRESS': 'unix:path=/run/user/1000/bus,guid=67fdd25c649dd7932a57fd066a6920d0', 'COLORTERM': 'truecolor', 'DEBUGINFOD_URLS': 'https://debuginfod.ubuntu.com', 'WAYLAND_DISPLAY': 'wayland-0', 'ROS_DISTRO': 'lyrical', 'LOGNAME': 'admin', 'MANAGERPIDFDID': '723', '_': '/usr/bin/colcon', 'ROS_VERSION': '2', 'MEMORY_PRESSURE_WATCH': '/sys/fs/cgroup/user.slice/user-1000.slice/user@1000.service/session.slice/dbus.service/memory.pressure', 'XDG_SESSION_CLASS': 'user', 'USERNAME': 'admin', 'TERM': 'xterm-256color', 'GNOME_DESKTOP_SESSION_ID': 'this-is-deprecated', 'FLATPAK_TTY_PROGRESS': '1', 'PATH': '/opt/ros/lyrical/bin:/usr/local/sbin:/usr/local/bin:/usr/sbin:/usr/bin:/sbin:/bin:/usr/games:/usr/local/games:/snap/bin:/snap/bin', 'INVOCATION_ID': '5fd295d1fe9c49d6885439f3c704513f', 'PAPERSIZE': 'a4', 'XDG_MENU_PREFIX': 'gnome-', 'PTYXIS_PROFILE': '46b325db7867804b9a1cc0046a1f6a7b', 'LC_ADDRESS': 'C.UTF-8', 'GNOME_SETUP_DISPLAY': 'unix:/tmp/.X11-unix/X1', 'XDG_RUNTIME_DIR': '/run/user/1000', 'DISPLAY': ':0', 'LANG': 'en_US.UTF-8', 'XDG_CURRENT_DESKTOP': 'ubuntu:GNOME', 'LC_TELEPHONE': 'C.UTF-8', 'XMODIFIERS': '@im=ibus', 'XDG_SESSION_DESKTOP': 'ubuntu', 'XAUTHORITY': '/run/user/1000/.mutter-Xwaylandauth.Y8A8S3', 'LS_COLORS': 'rs=0:di=01;34:ln=01;36:mh=00:pi=40;33:so=01;35:do=01;35:bd=40;33;01:cd=40;33;01:or=40;31;01:mi=00:su=37;41:sg=30;43:ca=00:tw=30;42:ow=34;42:st=37;44:ex=01;32:*.tar=01;31:*.tgz=01;31:*.arc=01;31:*.arj=01;31:*.taz=01;31:*.lha=01;31:*.lz4=01;31:*.lzh=01;31:*.lzma=01;31:*.tlz=01;31:*.txz=01;31:*.tzo=01;31:*.t7z=01;31:*.zip=01;31:*.z=01;31:*.dz=01;31:*.gz=01;31:*.lrz=01;31:*.lz=01;31:*.lzo=01;31:*.xz=01;31:*.zst=01;31:*.tzst=01;31:*.bz2=01;31:*.bz=01;31:*.tbz=01;31:*.tbz2=01;31:*.tz=01;31:*.deb=01;31:*.rpm=01;31:*.jar=01;31:*.war=01;31:*.ear=01;31:*.sar=01;31:*.rar=01;31:*.alz=01;31:*.ace=01;31:*.zoo=01;31:*.cpio=01;31:*.7z=01;31:*.rz=01;31:*.cab=01;31:*.wim=01;31:*.swm=01;31:*.dwm=01;31:*.esd=01;31:*.avif=01;35:*.jpg=01;35:*.jpeg=01;35:*.mjpg=01;35:*.mjpeg=01;35:*.gif=01;35:*.bmp=01;35:*.pbm=01;35:*.pgm=01;35:*.ppm=01;35:*.tga=01;35:*.xbm=01;35:*.xpm=01;35:*.tif=01;35:*.tiff=01;35:*.png=01;35:*.svg=01;35:*.svgz=01;35:*.mng=01;35:*.pcx=01;35:*.mov=01;35:*.mpg=01;35:*.mpeg=01;35:*.m2v=01;35:*.mkv=01;35:*.webm=01;35:*.webp=01;35:*.ogm=01;35:*.mp4=01;35:*.m4v=01;35:*.mp4v=01;35:*.vob=01;35:*.qt=01;35:*.nuv=01;35:*.wmv=01;35:*.asf=01;35:*.rm=01;35:*.rmvb=01;35:*.flc=01;35:*.avi=01;35:*.fli=01;35:*.flv=01;35:*.gl=01;35:*.dl=01;35:*.xcf=01;35:*.xwd=01;35:*.yuv=01;35:*.cgm=01;35:*.emf=01;35:*.ogv=01;35:*.ogx=01;35:*.aac=00;36:*.au=00;36:*.flac=00;36:*.m4a=00;36:*.mid=00;36:*.midi=00;36:*.mka=00;36:*.mp3=00;36:*.mpc=00;36:*.ogg=00;36:*.ra=00;36:*.wav=00;36:*.oga=00;36:*.opus=00;36:*.spx=00;36:*.xspf=00;36:*~=00;90:*#=00;90:*.bak=00;90:*.old=00;90:*.orig=00;90:*.part=00;90:*.rej=00;90:*.swp=00;90:*.tmp=00;90:*.dpkg-dist=00;90:*.dpkg-old=00;90:*.ucf-dist=00;90:*.ucf-new=00;90:*.ucf-old=00;90:*.rpmnew=00;90:*.rpmorig=00;90:*.rpmsave=00;90:', 'SSH_AUTH_SOCK': '/run/user/1000/gcr/ssh', 'AMENT_PREFIX_PATH': '/opt/ros/lyrical', 'SHELL': '/bin/bash', 'LC_NAME': 'C.UTF-8', 'QT_ACCESSIBILITY': '1', 'GDMSESSION': 'ubuntu', 'LESSCLOSE': '/usr/bin/lesspipe %s %s', 'LC_MEASUREMENT': 'C.UTF-8', 'GPG_AGENT_INFO': '/run/user/1000/gnupg/S.gpg-agent:0:1', 'LC_IDENTIFICATION': 'C.UTF-8', 'GSK_RENDERER': 'gl', 'ROS_AUTOMATIC_DISCOVERY_RANGE': 'SUBNET', 'QT_IM_MODULE': 'ibus', 'PWD': '/home/public/MSE112_MPi5_Hiwonder_ROS2/ros2ws/build/hiwonder_board', 'XDG_CONFIG_DIRS': '/etc/xdg/xdg-ubuntu:/etc/xdg', 'DBUS_STARTER_ADDRESS': 'unix:path=/run/user/1000/bus,guid=67fdd25c649dd7932a57fd066a6920d0', 'XDG_DATA_DIRS': '/usr/share/ubuntu:/usr/share/gnome:/usr/local/share/:/usr/share/:/var/lib/snapd/desktop', 'XDG_SESSION_EXTRA_DEVICE_ACCESS': 'render:accel', 'PYTHONPATH': '/home/public/MSE112_MPi5_Hiwonder_ROS2/ros2ws/build/hiwonder_board/prefix_override:/usr/lib/python3/dist-packages/colcon_core/task/python/colcon_distutils_commands:/home/public/MSE112_MPi5_Hiwonder_ROS2/ros2ws/install/hiwonder_board/lib/python3.14/site-packages:/opt/ros/lyrical/opt/gz_math_vendor/lib/python:/opt/ros/lyrical/lib/python3.14/site-packages', 'LC_NUMERIC': 'C.UTF-8', 'LC_PAPER': 'C.UTF-8', 'COLCON': '1', 'QT_IM_MODULES': 'wayland;ibus', 'MEMORY_PRESSURE_WRITE': 'c29tZSAyMDAwMDAgMjAwMDAwMAA=', 'VTE_VERSION': '8400', 'CMAKE_PREFIX_PATH': '/opt/ros/lyrical/opt/gz_math_vendor:/opt/ros/lyrical/opt/gz_utils_vendor:/opt/ros/lyrical/opt/gz_cmake_vendor'}, 'shell': False}
[4.568241] (turtlesim_msgs) StdoutLine: {'line': b'[  3%] \x1b[1m\x1b[34mGenerating C code for ROS interfaces\x1b[0m\n'}
[4.635979] (-) TimerEvent: {}
[4.736357] (-) TimerEvent: {}
[4.829188] (controls_core) Command: {'cmd': ['/usr/bin/python3', '-W', 'ignore:setup.py install is deprecated', '-W', 'ignore:easy_install command is deprecated', 'setup.py', 'develop', '--editable', '--build-directory', '/home/public/MSE112_MPi5_Hiwonder_ROS2/ros2ws/build/controls_core/build', '--no-deps', 'symlink_data', '--force'], 'cwd': '/home/public/MSE112_MPi5_Hiwonder_ROS2/ros2ws/build/controls_core', 'env': {'LESSOPEN': '| /usr/bin/lesspipe %s', 'LANGUAGE': 'en', 'USER': 'admin', 'LC_TIME': 'C.UTF-8', 'XDG_SESSION_TYPE': 'wayland', 'PTYXIS_VERSION': '50.1', 'SHLVL': '1', 'LD_LIBRARY_PATH': '/opt/ros/lyrical/opt/gz_math_vendor/lib:/opt/ros/lyrical/opt/gz_utils_vendor/lib:/opt/ros/lyrical/opt/rviz_ogre_vendor/lib:/opt/ros/lyrical/lib/aarch64-linux-gnu:/opt/ros/lyrical/opt/gz_cmake_vendor/lib:/opt/ros/lyrical/lib', 'HOME': '/home/admin', 'DESKTOP_SESSION': 'ubuntu', 'IM_CONFIG_ENTRY': 'profile', 'ROS_PYTHON_VERSION': '3', 'GTK_MODULES': 'gail:atk-bridge', 'LC_MONETARY': 'C.UTF-8', 'MANAGERPID': '3259', 'DBUS_STARTER_BUS_TYPE': 'session', 'SYSTEMD_EXEC_PID': '3283', 'DBUS_SESSION_BUS_ADDRESS': 'unix:path=/run/user/1000/bus,guid=67fdd25c649dd7932a57fd066a6920d0', 'COLORTERM': 'truecolor', 'DEBUGINFOD_URLS': 'https://debuginfod.ubuntu.com', 'WAYLAND_DISPLAY': 'wayland-0', 'ROS_DISTRO': 'lyrical', 'LOGNAME': 'admin', 'MANAGERPIDFDID': '723', '_': '/usr/bin/colcon', 'ROS_VERSION': '2', 'MEMORY_PRESSURE_WATCH': '/sys/fs/cgroup/user.slice/user-1000.slice/user@1000.service/session.slice/dbus.service/memory.pressure', 'XDG_SESSION_CLASS': 'user', 'USERNAME': 'admin', 'TERM': 'xterm-256color', 'GNOME_DESKTOP_SESSION_ID': 'this-is-deprecated', 'FLATPAK_TTY_PROGRESS': '1', 'PATH': '/opt/ros/lyrical/bin:/usr/local/sbin:/usr/local/bin:/usr/sbin:/usr/bin:/sbin:/bin:/usr/games:/usr/local/games:/snap/bin:/snap/bin', 'INVOCATION_ID': '5fd295d1fe9c49d6885439f3c704513f', 'PAPERSIZE': 'a4', 'XDG_MENU_PREFIX': 'gnome-', 'PTYXIS_PROFILE': '46b325db7867804b9a1cc0046a1f6a7b', 'LC_ADDRESS': 'C.UTF-8', 'GNOME_SETUP_DISPLAY': 'unix:/tmp/.X11-unix/X1', 'XDG_RUNTIME_DIR': '/run/user/1000', 'DISPLAY': ':0', 'LANG': 'en_US.UTF-8', 'XDG_CURRENT_DESKTOP': 'ubuntu:GNOME', 'LC_TELEPHONE': 'C.UTF-8', 'XMODIFIERS': '@im=ibus', 'XDG_SESSION_DESKTOP': 'ubuntu', 'XAUTHORITY': '/run/user/1000/.mutter-Xwaylandauth.Y8A8S3', 'LS_COLORS': 'rs=0:di=01;34:ln=01;36:mh=00:pi=40;33:so=01;35:do=01;35:bd=40;33;01:cd=40;33;01:or=40;31;01:mi=00:su=37;41:sg=30;43:ca=00:tw=30;42:ow=34;42:st=37;44:ex=01;32:*.tar=01;31:*.tgz=01;31:*.arc=01;31:*.arj=01;31:*.taz=01;31:*.lha=01;31:*.lz4=01;31:*.lzh=01;31:*.lzma=01;31:*.tlz=01;31:*.txz=01;31:*.tzo=01;31:*.t7z=01;31:*.zip=01;31:*.z=01;31:*.dz=01;31:*.gz=01;31:*.lrz=01;31:*.lz=01;31:*.lzo=01;31:*.xz=01;31:*.zst=01;31:*.tzst=01;31:*.bz2=01;31:*.bz=01;31:*.tbz=01;31:*.tbz2=01;31:*.tz=01;31:*.deb=01;31:*.rpm=01;31:*.jar=01;31:*.war=01;31:*.ear=01;31:*.sar=01;31:*.rar=01;31:*.alz=01;31:*.ace=01;31:*.zoo=01;31:*.cpio=01;31:*.7z=01;31:*.rz=01;31:*.cab=01;31:*.wim=01;31:*.swm=01;31:*.dwm=01;31:*.esd=01;31:*.avif=01;35:*.jpg=01;35:*.jpeg=01;35:*.mjpg=01;35:*.mjpeg=01;35:*.gif=01;35:*.bmp=01;35:*.pbm=01;35:*.pgm=01;35:*.ppm=01;35:*.tga=01;35:*.xbm=01;35:*.xpm=01;35:*.tif=01;35:*.tiff=01;35:*.png=01;35:*.svg=01;35:*.svgz=01;35:*.mng=01;35:*.pcx=01;35:*.mov=01;35:*.mpg=01;35:*.mpeg=01;35:*.m2v=01;35:*.mkv=01;35:*.webm=01;35:*.webp=01;35:*.ogm=01;35:*.mp4=01;35:*.m4v=01;35:*.mp4v=01;35:*.vob=01;35:*.qt=01;35:*.nuv=01;35:*.wmv=01;35:*.asf=01;35:*.rm=01;35:*.rmvb=01;35:*.flc=01;35:*.avi=01;35:*.fli=01;35:*.flv=01;35:*.gl=01;35:*.dl=01;35:*.xcf=01;35:*.xwd=01;35:*.yuv=01;35:*.cgm=01;35:*.emf=01;35:*.ogv=01;35:*.ogx=01;35:*.aac=00;36:*.au=00;36:*.flac=00;36:*.m4a=00;36:*.mid=00;36:*.midi=00;36:*.mka=00;36:*.mp3=00;36:*.mpc=00;36:*.ogg=00;36:*.ra=00;36:*.wav=00;36:*.oga=00;36:*.opus=00;36:*.spx=00;36:*.xspf=00;36:*~=00;90:*#=00;90:*.bak=00;90:*.old=00;90:*.orig=00;90:*.part=00;90:*.rej=00;90:*.swp=00;90:*.tmp=00;90:*.dpkg-dist=00;90:*.dpkg-old=00;90:*.ucf-dist=00;90:*.ucf-new=00;90:*.ucf-old=00;90:*.rpmnew=00;90:*.rpmorig=00;90:*.rpmsave=00;90:', 'SSH_AUTH_SOCK': '/run/user/1000/gcr/ssh', 'AMENT_PREFIX_PATH': '/opt/ros/lyrical', 'SHELL': '/bin/bash', 'LC_NAME': 'C.UTF-8', 'QT_ACCESSIBILITY': '1', 'GDMSESSION': 'ubuntu', 'LESSCLOSE': '/usr/bin/lesspipe %s %s', 'LC_MEASUREMENT': 'C.UTF-8', 'GPG_AGENT_INFO': '/run/user/1000/gnupg/S.gpg-agent:0:1', 'LC_IDENTIFICATION': 'C.UTF-8', 'GSK_RENDERER': 'gl', 'ROS_AUTOMATIC_DISCOVERY_RANGE': 'SUBNET', 'QT_IM_MODULE': 'ibus', 'PWD': '/home/public/MSE112_MPi5_Hiwonder_ROS2/ros2ws/build/controls_core', 'XDG_CONFIG_DIRS': '/etc/xdg/xdg-ubuntu:/etc/xdg', 'DBUS_STARTER_ADDRESS': 'unix:path=/run/user/1000/bus,guid=67fdd25c649dd7932a57fd066a6920d0', 'XDG_DATA_DIRS': '/usr/share/ubuntu:/usr/share/gnome:/usr/local/share/:/usr/share/:/var/lib/snapd/desktop', 'XDG_SESSION_EXTRA_DEVICE_ACCESS': 'render:accel', 'PYTHONPATH': '/home/public/MSE112_MPi5_Hiwonder_ROS2/ros2ws/build/controls_core/prefix_override:/usr/lib/python3/dist-packages/colcon_core/task/python/colcon_distutils_commands:/home/public/MSE112_MPi5_Hiwonder_ROS2/ros2ws/install/controls_core/lib/python3.14/site-packages:/opt/ros/lyrical/opt/gz_math_vendor/lib/python:/opt/ros/lyrical/lib/python3.14/site-packages', 'LC_NUMERIC': 'C.UTF-8', 'LC_PAPER': 'C.UTF-8', 'COLCON': '1', 'QT_IM_MODULES': 'wayland;ibus', 'MEMORY_PRESSURE_WRITE': 'c29tZSAyMDAwMDAgMjAwMDAwMAA=', 'VTE_VERSION': '8400', 'CMAKE_PREFIX_PATH': '/opt/ros/lyrical/opt/gz_math_vendor:/opt/ros/lyrical/opt/gz_utils_vendor:/opt/ros/lyrical/opt/gz_cmake_vendor'}, 'shell': False}
[4.836517] (-) TimerEvent: {}
[4.872199] (opencv2_nodes) Command: {'cmd': ['/usr/bin/python3', '-W', 'ignore:setup.py install is deprecated', '-W', 'ignore:easy_install command is deprecated', 'setup.py', 'develop', '--editable', '--build-directory', '/home/public/MSE112_MPi5_Hiwonder_ROS2/ros2ws/build/opencv2_nodes/build', '--no-deps', 'symlink_data'], 'cwd': '/home/public/MSE112_MPi5_Hiwonder_ROS2/ros2ws/build/opencv2_nodes', 'env': {'LESSOPEN': '| /usr/bin/lesspipe %s', 'LANGUAGE': 'en', 'USER': 'admin', 'LC_TIME': 'C.UTF-8', 'XDG_SESSION_TYPE': 'wayland', 'PTYXIS_VERSION': '50.1', 'SHLVL': '1', 'LD_LIBRARY_PATH': '/opt/ros/lyrical/opt/gz_math_vendor/lib:/opt/ros/lyrical/opt/gz_utils_vendor/lib:/opt/ros/lyrical/opt/rviz_ogre_vendor/lib:/opt/ros/lyrical/lib/aarch64-linux-gnu:/opt/ros/lyrical/opt/gz_cmake_vendor/lib:/opt/ros/lyrical/lib', 'HOME': '/home/admin', 'DESKTOP_SESSION': 'ubuntu', 'IM_CONFIG_ENTRY': 'profile', 'ROS_PYTHON_VERSION': '3', 'GTK_MODULES': 'gail:atk-bridge', 'LC_MONETARY': 'C.UTF-8', 'MANAGERPID': '3259', 'DBUS_STARTER_BUS_TYPE': 'session', 'SYSTEMD_EXEC_PID': '3283', 'DBUS_SESSION_BUS_ADDRESS': 'unix:path=/run/user/1000/bus,guid=67fdd25c649dd7932a57fd066a6920d0', 'COLORTERM': 'truecolor', 'DEBUGINFOD_URLS': 'https://debuginfod.ubuntu.com', 'WAYLAND_DISPLAY': 'wayland-0', 'ROS_DISTRO': 'lyrical', 'LOGNAME': 'admin', 'MANAGERPIDFDID': '723', '_': '/usr/bin/colcon', 'ROS_VERSION': '2', 'MEMORY_PRESSURE_WATCH': '/sys/fs/cgroup/user.slice/user-1000.slice/user@1000.service/session.slice/dbus.service/memory.pressure', 'XDG_SESSION_CLASS': 'user', 'USERNAME': 'admin', 'TERM': 'xterm-256color', 'GNOME_DESKTOP_SESSION_ID': 'this-is-deprecated', 'FLATPAK_TTY_PROGRESS': '1', 'PATH': '/opt/ros/lyrical/bin:/usr/local/sbin:/usr/local/bin:/usr/sbin:/usr/bin:/sbin:/bin:/usr/games:/usr/local/games:/snap/bin:/snap/bin', 'INVOCATION_ID': '5fd295d1fe9c49d6885439f3c704513f', 'PAPERSIZE': 'a4', 'XDG_MENU_PREFIX': 'gnome-', 'PTYXIS_PROFILE': '46b325db7867804b9a1cc0046a1f6a7b', 'LC_ADDRESS': 'C.UTF-8', 'GNOME_SETUP_DISPLAY': 'unix:/tmp/.X11-unix/X1', 'XDG_RUNTIME_DIR': '/run/user/1000', 'DISPLAY': ':0', 'LANG': 'en_US.UTF-8', 'XDG_CURRENT_DESKTOP': 'ubuntu:GNOME', 'LC_TELEPHONE': 'C.UTF-8', 'XMODIFIERS': '@im=ibus', 'XDG_SESSION_DESKTOP': 'ubuntu', 'XAUTHORITY': '/run/user/1000/.mutter-Xwaylandauth.Y8A8S3', 'LS_COLORS': 'rs=0:di=01;34:ln=01;36:mh=00:pi=40;33:so=01;35:do=01;35:bd=40;33;01:cd=40;33;01:or=40;31;01:mi=00:su=37;41:sg=30;43:ca=00:tw=30;42:ow=34;42:st=37;44:ex=01;32:*.tar=01;31:*.tgz=01;31:*.arc=01;31:*.arj=01;31:*.taz=01;31:*.lha=01;31:*.lz4=01;31:*.lzh=01;31:*.lzma=01;31:*.tlz=01;31:*.txz=01;31:*.tzo=01;31:*.t7z=01;31:*.zip=01;31:*.z=01;31:*.dz=01;31:*.gz=01;31:*.lrz=01;31:*.lz=01;31:*.lzo=01;31:*.xz=01;31:*.zst=01;31:*.tzst=01;31:*.bz2=01;31:*.bz=01;31:*.tbz=01;31:*.tbz2=01;31:*.tz=01;31:*.deb=01;31:*.rpm=01;31:*.jar=01;31:*.war=01;31:*.ear=01;31:*.sar=01;31:*.rar=01;31:*.alz=01;31:*.ace=01;31:*.zoo=01;31:*.cpio=01;31:*.7z=01;31:*.rz=01;31:*.cab=01;31:*.wim=01;31:*.swm=01;31:*.dwm=01;31:*.esd=01;31:*.avif=01;35:*.jpg=01;35:*.jpeg=01;35:*.mjpg=01;35:*.mjpeg=01;35:*.gif=01;35:*.bmp=01;35:*.pbm=01;35:*.pgm=01;35:*.ppm=01;35:*.tga=01;35:*.xbm=01;35:*.xpm=01;35:*.tif=01;35:*.tiff=01;35:*.png=01;35:*.svg=01;35:*.svgz=01;35:*.mng=01;35:*.pcx=01;35:*.mov=01;35:*.mpg=01;35:*.mpeg=01;35:*.m2v=01;35:*.mkv=01;35:*.webm=01;35:*.webp=01;35:*.ogm=01;35:*.mp4=01;35:*.m4v=01;35:*.mp4v=01;35:*.vob=01;35:*.qt=01;35:*.nuv=01;35:*.wmv=01;35:*.asf=01;35:*.rm=01;35:*.rmvb=01;35:*.flc=01;35:*.avi=01;35:*.fli=01;35:*.flv=01;35:*.gl=01;35:*.dl=01;35:*.xcf=01;35:*.xwd=01;35:*.yuv=01;35:*.cgm=01;35:*.emf=01;35:*.ogv=01;35:*.ogx=01;35:*.aac=00;36:*.au=00;36:*.flac=00;36:*.m4a=00;36:*.mid=00;36:*.midi=00;36:*.mka=00;36:*.mp3=00;36:*.mpc=00;36:*.ogg=00;36:*.ra=00;36:*.wav=00;36:*.oga=00;36:*.opus=00;36:*.spx=00;36:*.xspf=00;36:*~=00;90:*#=00;90:*.bak=00;90:*.old=00;90:*.orig=00;90:*.part=00;90:*.rej=00;90:*.swp=00;90:*.tmp=00;90:*.dpkg-dist=00;90:*.dpkg-old=00;90:*.ucf-dist=00;90:*.ucf-new=00;90:*.ucf-old=00;90:*.rpmnew=00;90:*.rpmorig=00;90:*.rpmsave=00;90:', 'SSH_AUTH_SOCK': '/run/user/1000/gcr/ssh', 'AMENT_PREFIX_PATH': '/opt/ros/lyrical', 'SHELL': '/bin/bash', 'LC_NAME': 'C.UTF-8', 'QT_ACCESSIBILITY': '1', 'GDMSESSION': 'ubuntu', 'LESSCLOSE': '/usr/bin/lesspipe %s %s', 'LC_MEASUREMENT': 'C.UTF-8', 'GPG_AGENT_INFO': '/run/user/1000/gnupg/S.gpg-agent:0:1', 'LC_IDENTIFICATION': 'C.UTF-8', 'GSK_RENDERER': 'gl', 'ROS_AUTOMATIC_DISCOVERY_RANGE': 'SUBNET', 'QT_IM_MODULE': 'ibus', 'PWD': '/home/public/MSE112_MPi5_Hiwonder_ROS2/ros2ws/build/opencv2_nodes', 'XDG_CONFIG_DIRS': '/etc/xdg/xdg-ubuntu:/etc/xdg', 'DBUS_STARTER_ADDRESS': 'unix:path=/run/user/1000/bus,guid=67fdd25c649dd7932a57fd066a6920d0', 'XDG_DATA_DIRS': '/usr/share/ubuntu:/usr/share/gnome:/usr/local/share/:/usr/share/:/var/lib/snapd/desktop', 'XDG_SESSION_EXTRA_DEVICE_ACCESS': 'render:accel', 'PYTHONPATH': '/home/public/MSE112_MPi5_Hiwonder_ROS2/ros2ws/build/opencv2_nodes/prefix_override:/usr/lib/python3/dist-packages/colcon_core/task/python/colcon_distutils_commands:/home/public/MSE112_MPi5_Hiwonder_ROS2/ros2ws/install/opencv2_nodes/lib/python3.14/site-packages:/opt/ros/lyrical/opt/gz_math_vendor/lib/python:/opt/ros/lyrical/lib/python3.14/site-packages', 'LC_NUMERIC': 'C.UTF-8', 'LC_PAPER': 'C.UTF-8', 'COLCON': '1', 'QT_IM_MODULES': 'wayland;ibus', 'MEMORY_PRESSURE_WRITE': 'c29tZSAyMDAwMDAgMjAwMDAwMAA=', 'VTE_VERSION': '8400', 'CMAKE_PREFIX_PATH': '/opt/ros/lyrical/opt/gz_math_vendor:/opt/ros/lyrical/opt/gz_utils_vendor:/opt/ros/lyrical/opt/gz_cmake_vendor'}, 'shell': False}
[4.937008] (-) TimerEvent: {}
[5.045028] (-) TimerEvent: {}
[5.147384] (-) TimerEvent: {}
[5.250996] (-) TimerEvent: {}
[5.308120] (hiwonder_board) StdoutLine: {'line': b'running develop\n'}
[5.351991] (-) TimerEvent: {}
[5.452328] (-) TimerEvent: {}
[5.536411] (opencv2_nodes) StdoutLine: {'line': b'running develop\n'}
[5.552453] (-) TimerEvent: {}
[5.577881] (controls_core) StdoutLine: {'line': b'running develop\n'}
[5.606047] (hiwonder_board) StdoutLine: {'line': b'running egg_info\n'}
[5.650603] (hiwonder_board) StdoutLine: {'line': b'writing hiwonder_board.egg-info/PKG-INFO\n'}
[5.652588] (-) TimerEvent: {}
[5.656699] (hiwonder_board) StdoutLine: {'line': b'writing dependency_links to hiwonder_board.egg-info/dependency_links.txt\n'}
[5.662340] (hiwonder_board) StdoutLine: {'line': b'writing entry points to hiwonder_board.egg-info/entry_points.txt\n'}
[5.665322] (hiwonder_board) StdoutLine: {'line': b'writing requirements to hiwonder_board.egg-info/requires.txt\n'}
[5.667744] (hiwonder_board) StdoutLine: {'line': b'writing top-level names to hiwonder_board.egg-info/top_level.txt\n'}
[5.752783] (-) TimerEvent: {}
[5.765764] (hiwonder_board) StdoutLine: {'line': b"reading manifest file 'hiwonder_board.egg-info/SOURCES.txt'\n"}
[5.771894] (hiwonder_board) StdoutLine: {'line': b"writing manifest file 'hiwonder_board.egg-info/SOURCES.txt'\n"}
[5.809321] (hiwonder_board) StdoutLine: {'line': b'running build_ext\n'}
[5.809949] (hiwonder_board) StdoutLine: {'line': b'Creating /home/public/MSE112_MPi5_Hiwonder_ROS2/ros2ws/install/hiwonder_board/lib/python3.14/site-packages/hiwonder-board.egg-link (link to .)\n'}
[5.812046] (hiwonder_board) StdoutLine: {'line': b'Installing hiwonder_board_node script to /home/public/MSE112_MPi5_Hiwonder_ROS2/ros2ws/install/hiwonder_board/lib/hiwonder_board\n'}
[5.813027] (hiwonder_board) StdoutLine: {'line': b'Installing test_listener script to /home/public/MSE112_MPi5_Hiwonder_ROS2/ros2ws/install/hiwonder_board/lib/hiwonder_board\n'}
[5.813690] (hiwonder_board) StdoutLine: {'line': b'Installing test_talker script to /home/public/MSE112_MPi5_Hiwonder_ROS2/ros2ws/install/hiwonder_board/lib/hiwonder_board\n'}
[5.814503] (hiwonder_board) StdoutLine: {'line': b'\n'}
[5.814685] (hiwonder_board) StdoutLine: {'line': b'Installed /home/public/MSE112_MPi5_Hiwonder_ROS2/ros2ws/build/hiwonder_board\n'}
[5.815089] (hiwonder_board) StdoutLine: {'line': b'running symlink_data\n'}
[5.827241] (turtlesim_msgs) StdoutLine: {'line': b'[  3%] Built target turtlesim_msgs__rs\n'}
[5.853027] (-) TimerEvent: {}
[5.954175] (-) TimerEvent: {}
[5.986257] (controls_core) StdoutLine: {'line': b'running egg_info\n'}
[6.030067] (controls_core) StdoutLine: {'line': b'writing controls_core.egg-info/PKG-INFO\n'}
[6.030489] (controls_core) StdoutLine: {'line': b'writing dependency_links to controls_core.egg-info/dependency_links.txt\n'}
[6.033769] (controls_core) StdoutLine: {'line': b'writing entry points to controls_core.egg-info/entry_points.txt\n'}
[6.034425] (controls_core) StdoutLine: {'line': b'writing requirements to controls_core.egg-info/requires.txt\n'}
[6.036079] (controls_core) StdoutLine: {'line': b'writing top-level names to controls_core.egg-info/top_level.txt\n'}
[6.047395] (hiwonder_board) CommandEnded: {'returncode': 0}
[6.054248] (-) TimerEvent: {}
[6.063274] (opencv2_nodes) StdoutLine: {'line': b'running egg_info\n'}
[6.093187] (opencv2_nodes) StdoutLine: {'line': b'writing opencv2_nodes.egg-info/PKG-INFO\n'}
[6.093686] (opencv2_nodes) StdoutLine: {'line': b'writing dependency_links to opencv2_nodes.egg-info/dependency_links.txt\n'}
[6.094013] (opencv2_nodes) StdoutLine: {'line': b'writing entry points to opencv2_nodes.egg-info/entry_points.txt\n'}
[6.094439] (opencv2_nodes) StdoutLine: {'line': b'writing requirements to opencv2_nodes.egg-info/requires.txt\n'}
[6.094612] (opencv2_nodes) StdoutLine: {'line': b'writing top-level names to opencv2_nodes.egg-info/top_level.txt\n'}
[6.105490] (controls_core) StdoutLine: {'line': b"reading manifest file 'controls_core.egg-info/SOURCES.txt'\n"}
[6.109185] (controls_core) StdoutLine: {'line': b"writing manifest file 'controls_core.egg-info/SOURCES.txt'\n"}
[6.114407] (hiwonder_board) JobEnded: {'identifier': 'hiwonder_board', 'rc': 0}
[6.140908] (controls_core) StdoutLine: {'line': b'running build_ext\n'}
[6.141214] (controls_core) StdoutLine: {'line': b'Creating /home/public/MSE112_MPi5_Hiwonder_ROS2/ros2ws/install/controls_core/lib/python3.14/site-packages/controls-core.egg-link (link to .)\n'}
[6.142105] (controls_core) StdoutLine: {'line': b'Installing main_control_node script to /home/public/MSE112_MPi5_Hiwonder_ROS2/ros2ws/install/controls_core/lib/controls_core\n'}
[6.142552] (controls_core) StdoutLine: {'line': b'\n'}
[6.142649] (controls_core) StdoutLine: {'line': b'Installed /home/public/MSE112_MPi5_Hiwonder_ROS2/ros2ws/build/controls_core\n'}
[6.142765] (controls_core) StdoutLine: {'line': b'running symlink_data\n'}
[6.143118] (controls_core) StdoutLine: {'line': b'symbolically linking /home/public/MSE112_MPi5_Hiwonder_ROS2/ros2ws/build/controls_core/resource/controls_core -> /home/public/MSE112_MPi5_Hiwonder_ROS2/ros2ws/install/controls_core/share/ament_index/resource_index/packages\n'}
[6.143455] (controls_core) StdoutLine: {'line': b'symbolically linking /home/public/MSE112_MPi5_Hiwonder_ROS2/ros2ws/build/controls_core/package.xml -> /home/public/MSE112_MPi5_Hiwonder_ROS2/ros2ws/install/controls_core/share/controls_core\n'}
[6.154454] (-) TimerEvent: {}
[6.162001] (opencv2_nodes) StdoutLine: {'line': b"reading manifest file 'opencv2_nodes.egg-info/SOURCES.txt'\n"}
[6.167494] (opencv2_nodes) StdoutLine: {'line': b"writing manifest file 'opencv2_nodes.egg-info/SOURCES.txt'\n"}
[6.205335] (opencv2_nodes) StdoutLine: {'line': b'running build_ext\n'}
[6.205716] (opencv2_nodes) StdoutLine: {'line': b'Creating /home/public/MSE112_MPi5_Hiwonder_ROS2/ros2ws/install/opencv2_nodes/lib/python3.14/site-packages/opencv2-nodes.egg-link (link to .)\n'}
[6.208308] (opencv2_nodes) StdoutLine: {'line': b'Installing bin_mask script to /home/public/MSE112_MPi5_Hiwonder_ROS2/ros2ws/install/opencv2_nodes/lib/opencv2_nodes\n'}
[6.208690] (opencv2_nodes) StdoutLine: {'line': b'Installing edge_recog script to /home/public/MSE112_MPi5_Hiwonder_ROS2/ros2ws/install/opencv2_nodes/lib/opencv2_nodes\n'}
[6.208969] (opencv2_nodes) StdoutLine: {'line': b'Installing image_publisher script to /home/public/MSE112_MPi5_Hiwonder_ROS2/ros2ws/install/opencv2_nodes/lib/opencv2_nodes\n'}
[6.209271] (opencv2_nodes) StdoutLine: {'line': b'Installing line_recog script to /home/public/MSE112_MPi5_Hiwonder_ROS2/ros2ws/install/opencv2_nodes/lib/opencv2_nodes\n'}
[6.209867] (opencv2_nodes) StdoutLine: {'line': b'\n'}
[6.210041] (opencv2_nodes) StdoutLine: {'line': b'Installed /home/public/MSE112_MPi5_Hiwonder_ROS2/ros2ws/build/opencv2_nodes\n'}
[6.210157] (opencv2_nodes) StdoutLine: {'line': b'running symlink_data\n'}
[6.254641] (-) TimerEvent: {}
[6.358551] (-) TimerEvent: {}
[6.389849] (controls_core) CommandEnded: {'returncode': 0}
[6.416415] (controls_core) JobEnded: {'identifier': 'controls_core', 'rc': 0}
[6.444289] (opencv2_nodes) CommandEnded: {'returncode': 0}
[6.458628] (-) TimerEvent: {}
[6.463092] (opencv2_nodes) JobEnded: {'identifier': 'opencv2_nodes', 'rc': 0}
[6.558745] (-) TimerEvent: {}
[6.659036] (-) TimerEvent: {}
[6.759335] (-) TimerEvent: {}
[6.859618] (-) TimerEvent: {}
[6.959907] (-) TimerEvent: {}
[7.060196] (-) TimerEvent: {}
[7.160512] (-) TimerEvent: {}
[7.260883] (-) TimerEvent: {}
[7.363466] (-) TimerEvent: {}
[7.465902] (-) TimerEvent: {}
[7.523957] (turtlesim_msgs) StdoutLine: {'line': b'[  6%] \x1b[32mBuilding C object CMakeFiles/turtlesim_msgs__rosidl_generator_c.dir/rosidl_generator_c/turtlesim_msgs/action/detail/rotate_absolute__type_support.c.o\x1b[0m\n'}
[7.524355] (turtlesim_msgs) StdoutLine: {'line': b'[  6%] \x1b[32mBuilding C object CMakeFiles/turtlesim_msgs__rosidl_generator_c.dir/rosidl_generator_c/turtlesim_msgs/action/detail/rotate_absolute__description.c.o\x1b[0m\n'}
[7.524466] (turtlesim_msgs) StdoutLine: {'line': b'[  6%] \x1b[32mBuilding C object CMakeFiles/turtlesim_msgs__rosidl_generator_c.dir/rosidl_generator_c/turtlesim_msgs/action/detail/rotate_absolute__functions.c.o\x1b[0m\n'}
[7.566146] (-) TimerEvent: {}
[7.667183] (-) TimerEvent: {}
[7.767616] (-) TimerEvent: {}
[7.845498] (turtlesim_msgs) StdoutLine: {'line': b'[  7%] \x1b[32mBuilding C object CMakeFiles/turtlesim_msgs__rosidl_generator_c.dir/rosidl_generator_c/turtlesim_msgs/msg/detail/color__description.c.o\x1b[0m\n'}
[7.852236] (turtlesim_msgs) StdoutLine: {'line': b'[  8%] \x1b[32mBuilding C object CMakeFiles/turtlesim_msgs__rosidl_generator_c.dir/rosidl_generator_c/turtlesim_msgs/msg/detail/color__functions.c.o\x1b[0m\n'}
[7.867809] (-) TimerEvent: {}
[7.925676] (turtlesim_msgs) StdoutLine: {'line': b'[  9%] \x1b[32mBuilding C object CMakeFiles/turtlesim_msgs__rosidl_generator_c.dir/rosidl_generator_c/turtlesim_msgs/msg/detail/color__type_support.c.o\x1b[0m\n'}
[7.952345] (turtlesim_msgs) StdoutLine: {'line': b'[ 10%] \x1b[32mBuilding C object CMakeFiles/turtlesim_msgs__rosidl_generator_c.dir/rosidl_generator_c/turtlesim_msgs/msg/detail/pose__description.c.o\x1b[0m\n'}
[7.968063] (-) TimerEvent: {}
[7.993137] (turtlesim_msgs) StdoutLine: {'line': b'[ 11%] \x1b[32mBuilding C object CMakeFiles/turtlesim_msgs__rosidl_generator_c.dir/rosidl_generator_c/turtlesim_msgs/msg/detail/pose__functions.c.o\x1b[0m\n'}
[8.031848] (turtlesim_msgs) StdoutLine: {'line': b'[ 12%] \x1b[32mBuilding C object CMakeFiles/turtlesim_msgs__rosidl_generator_c.dir/rosidl_generator_c/turtlesim_msgs/msg/detail/pose__type_support.c.o\x1b[0m\n'}
[8.062750] (turtlesim_msgs) StdoutLine: {'line': b'[ 13%] \x1b[32mBuilding C object CMakeFiles/turtlesim_msgs__rosidl_generator_c.dir/rosidl_generator_c/turtlesim_msgs/srv/detail/kill__description.c.o\x1b[0m\n'}
[8.068177] (-) TimerEvent: {}
[8.099294] (turtlesim_msgs) StdoutLine: {'line': b'[ 15%] \x1b[32mBuilding C object CMakeFiles/turtlesim_msgs__rosidl_generator_c.dir/rosidl_generator_c/turtlesim_msgs/srv/detail/kill__type_support.c.o\x1b[0m\n'}
[8.099652] (turtlesim_msgs) StdoutLine: {'line': b'[ 15%] \x1b[32mBuilding C object CMakeFiles/turtlesim_msgs__rosidl_generator_c.dir/rosidl_generator_c/turtlesim_msgs/srv/detail/kill__functions.c.o\x1b[0m\n'}
[8.168322] (-) TimerEvent: {}
[8.173302] (turtlesim_msgs) StdoutLine: {'line': b'[ 16%] \x1b[32mBuilding C object CMakeFiles/turtlesim_msgs__rosidl_generator_c.dir/rosidl_generator_c/turtlesim_msgs/srv/detail/set_pen__description.c.o\x1b[0m\n'}
[8.183047] (turtlesim_msgs) StdoutLine: {'line': b'[ 17%] \x1b[32mBuilding C object CMakeFiles/turtlesim_msgs__rosidl_generator_c.dir/rosidl_generator_c/turtlesim_msgs/srv/detail/set_pen__functions.c.o\x1b[0m\n'}
[8.268392] (turtlesim_msgs) StdoutLine: {'line': b'[ 18%] \x1b[32mBuilding C object CMakeFiles/turtlesim_msgs__rosidl_generator_c.dir/rosidl_generator_c/turtlesim_msgs/srv/detail/set_pen__type_support.c.o\x1b[0m\n'}
[8.268834] (-) TimerEvent: {}
[8.276068] (turtlesim_msgs) StdoutLine: {'line': b'[ 19%] \x1b[32mBuilding C object CMakeFiles/turtlesim_msgs__rosidl_generator_c.dir/rosidl_generator_c/turtlesim_msgs/srv/detail/spawn__description.c.o\x1b[0m\n'}
[8.348133] (turtlesim_msgs) StdoutLine: {'line': b'[ 20%] \x1b[32mBuilding C object CMakeFiles/turtlesim_msgs__rosidl_generator_c.dir/rosidl_generator_c/turtlesim_msgs/srv/detail/spawn__functions.c.o\x1b[0m\n'}
[8.359027] (turtlesim_msgs) StdoutLine: {'line': b'[ 21%] \x1b[32mBuilding C object CMakeFiles/turtlesim_msgs__rosidl_generator_c.dir/rosidl_generator_c/turtlesim_msgs/srv/detail/spawn__type_support.c.o\x1b[0m\n'}
[8.369032] (-) TimerEvent: {}
[8.385381] (turtlesim_msgs) StdoutLine: {'line': b'[ 21%] \x1b[32mBuilding C object CMakeFiles/turtlesim_msgs__rosidl_generator_c.dir/rosidl_generator_c/turtlesim_msgs/srv/detail/teleport_absolute__description.c.o\x1b[0m\n'}
[8.445137] (turtlesim_msgs) StdoutLine: {'line': b'[ 22%] \x1b[32mBuilding C object CMakeFiles/turtlesim_msgs__rosidl_generator_c.dir/rosidl_generator_c/turtlesim_msgs/srv/detail/teleport_absolute__functions.c.o\x1b[0m\n'}
[8.470033] (-) TimerEvent: {}
[8.490924] (turtlesim_msgs) StdoutLine: {'line': b'[ 23%] \x1b[32mBuilding C object CMakeFiles/turtlesim_msgs__rosidl_generator_c.dir/rosidl_generator_c/turtlesim_msgs/srv/detail/teleport_absolute__type_support.c.o\x1b[0m\n'}
[8.520050] (turtlesim_msgs) StdoutLine: {'line': b'[ 24%] \x1b[32mBuilding C object CMakeFiles/turtlesim_msgs__rosidl_generator_c.dir/rosidl_generator_c/turtlesim_msgs/srv/detail/teleport_relative__description.c.o\x1b[0m\n'}
[8.570189] (-) TimerEvent: {}
[8.575048] (turtlesim_msgs) StdoutLine: {'line': b'[ 25%] \x1b[32mBuilding C object CMakeFiles/turtlesim_msgs__rosidl_generator_c.dir/rosidl_generator_c/turtlesim_msgs/srv/detail/teleport_relative__functions.c.o\x1b[0m\n'}
[8.610389] (turtlesim_msgs) StdoutLine: {'line': b'[ 26%] \x1b[32mBuilding C object CMakeFiles/turtlesim_msgs__rosidl_generator_c.dir/rosidl_generator_c/turtlesim_msgs/srv/detail/teleport_relative__type_support.c.o\x1b[0m\n'}
[8.670297] (-) TimerEvent: {}
[8.703321] (turtlesim_msgs) StdoutLine: {'line': b'[ 27%] \x1b[1m\x1b[32mLinking C shared library libturtlesim_msgs__rosidl_generator_c.so\x1b[0m\n'}
[8.770426] (-) TimerEvent: {}
[8.850328] (turtlesim_msgs) StdoutLine: {'line': b'[ 27%] Built target turtlesim_msgs__rosidl_generator_c\n'}
[8.869206] (turtlesim_msgs) StdoutLine: {'line': b'[ 29%] \x1b[1m\x1b[34mGenerating C introspection for ROS interfaces\x1b[0m\n'}
[8.869525] (turtlesim_msgs) StdoutLine: {'line': b'[ 29%] \x1b[1m\x1b[34mGenerating C type support for eProsima Fast-RTPS\x1b[0m\n'}
[8.870538] (-) TimerEvent: {}
[8.899106] (turtlesim_msgs) StdoutLine: {'line': b'[ 29%] \x1b[1m\x1b[34mGenerating C++ code for ROS interfaces\x1b[0m\n'}
[8.970828] (-) TimerEvent: {}
[9.073316] (-) TimerEvent: {}
[9.173710] (-) TimerEvent: {}
[9.274139] (-) TimerEvent: {}
[9.374491] (-) TimerEvent: {}
[9.474927] (-) TimerEvent: {}
[9.575380] (-) TimerEvent: {}
[9.675818] (-) TimerEvent: {}
[9.776199] (-) TimerEvent: {}
[9.876519] (-) TimerEvent: {}
[9.976865] (-) TimerEvent: {}
[10.077492] (-) TimerEvent: {}
[10.181314] (-) TimerEvent: {}
[10.282364] (-) TimerEvent: {}
[10.382784] (-) TimerEvent: {}
[10.483272] (-) TimerEvent: {}
[10.573797] (turtlesim_msgs) StdoutLine: {'line': b'[ 30%] \x1b[32mBuilding C object CMakeFiles/turtlesim_msgs__rosidl_typesupport_introspection_c.dir/rosidl_typesupport_introspection_c/turtlesim_msgs/action/detail/rotate_absolute__type_support.c.o\x1b[0m\n'}
[10.583400] (-) TimerEvent: {}
[10.683819] (-) TimerEvent: {}
[10.704107] (turtlesim_msgs) StdoutLine: {'line': b'[ 31%] \x1b[32mBuilding C object CMakeFiles/turtlesim_msgs__rosidl_typesupport_introspection_c.dir/rosidl_typesupport_introspection_c/turtlesim_msgs/msg/detail/color__type_support.c.o\x1b[0m\n'}
[10.770552] (turtlesim_msgs) StdoutLine: {'line': b'[ 32%] \x1b[32mBuilding C object CMakeFiles/turtlesim_msgs__rosidl_typesupport_introspection_c.dir/rosidl_typesupport_introspection_c/turtlesim_msgs/msg/detail/pose__type_support.c.o\x1b[0m\n'}
[10.784146] (-) TimerEvent: {}
[10.837556] (turtlesim_msgs) StdoutLine: {'line': b'[ 33%] \x1b[32mBuilding C object CMakeFiles/turtlesim_msgs__rosidl_typesupport_introspection_c.dir/rosidl_typesupport_introspection_c/turtlesim_msgs/srv/detail/kill__type_support.c.o\x1b[0m\n'}
[10.886059] (-) TimerEvent: {}
[10.923455] (turtlesim_msgs) StdoutLine: {'line': b'[ 34%] \x1b[32mBuilding C object CMakeFiles/turtlesim_msgs__rosidl_typesupport_introspection_c.dir/rosidl_typesupport_introspection_c/turtlesim_msgs/srv/detail/set_pen__type_support.c.o\x1b[0m\n'}
[10.986187] (-) TimerEvent: {}
[11.012458] (turtlesim_msgs) StdoutLine: {'line': b'[ 34%] \x1b[32mBuilding C object CMakeFiles/turtlesim_msgs__rosidl_typesupport_introspection_c.dir/rosidl_typesupport_introspection_c/turtlesim_msgs/srv/detail/spawn__type_support.c.o\x1b[0m\n'}
[11.086791] (-) TimerEvent: {}
[11.103333] (turtlesim_msgs) StdoutLine: {'line': b'[ 35%] \x1b[32mBuilding C object CMakeFiles/turtlesim_msgs__rosidl_typesupport_introspection_c.dir/rosidl_typesupport_introspection_c/turtlesim_msgs/srv/detail/teleport_absolute__type_support.c.o\x1b[0m\n'}
[11.128282] (turtlesim_msgs) StdoutLine: {'line': b'[ 35%] Built target turtlesim_msgs__cpp\n'}
[11.148503] (turtlesim_msgs) StdoutLine: {'line': b'[ 36%] \x1b[32mBuilding C object CMakeFiles/turtlesim_msgs__rosidl_typesupport_introspection_c.dir/rosidl_typesupport_introspection_c/turtlesim_msgs/srv/detail/teleport_relative__type_support.c.o\x1b[0m\n'}
[11.153173] (turtlesim_msgs) StdoutLine: {'line': b'[ 37%] \x1b[1m\x1b[34mGenerating C type support dispatch for ROS interfaces\x1b[0m\n'}
[11.186995] (-) TimerEvent: {}
[11.253808] (turtlesim_msgs) StdoutLine: {'line': b'[ 38%] \x1b[1m\x1b[32mLinking C shared library libturtlesim_msgs__rosidl_typesupport_introspection_c.so\x1b[0m\n'}
[11.287165] (-) TimerEvent: {}
[11.352847] (turtlesim_msgs) StdoutLine: {'line': b'[ 39%] \x1b[1m\x1b[34mGenerating C++ type support for eProsima Fast-RTPS\x1b[0m\n'}
[11.362313] (turtlesim_msgs) StdoutLine: {'line': b'[ 39%] Built target turtlesim_msgs__rosidl_typesupport_introspection_c\n'}
[11.387650] (-) TimerEvent: {}
[11.429119] (turtlesim_msgs) StdoutLine: {'line': b'[ 40%] \x1b[1m\x1b[34mGenerating C++ introspection for ROS interfaces\x1b[0m\n'}
[11.487836] (-) TimerEvent: {}
[11.591391] (-) TimerEvent: {}
[11.695208] (-) TimerEvent: {}
[11.774929] (turtlesim_msgs) StdoutLine: {'line': b'[ 41%] \x1b[32mBuilding CXX object CMakeFiles/turtlesim_msgs__rosidl_typesupport_fastrtps_c.dir/rosidl_typesupport_fastrtps_c/turtlesim_msgs/action/detail/rotate_absolute__type_support_c.cpp.o\x1b[0m\n'}
[11.795317] (-) TimerEvent: {}
[11.896107] (-) TimerEvent: {}
[11.999709] (-) TimerEvent: {}
[12.100173] (-) TimerEvent: {}
[12.202660] (-) TimerEvent: {}
[12.307733] (-) TimerEvent: {}
[12.408010] (-) TimerEvent: {}
[12.446663] (turtlesim_msgs) StdoutLine: {'line': b'[ 42%] \x1b[32mBuilding CXX object CMakeFiles/turtlesim_msgs__rosidl_typesupport_c.dir/rosidl_typesupport_c/turtlesim_msgs/action/rotate_absolute__type_support.cpp.o\x1b[0m\n'}
[12.508112] (-) TimerEvent: {}
[12.611300] (-) TimerEvent: {}
[12.652133] (turtlesim_msgs) StdoutLine: {'line': b'[ 43%] \x1b[32mBuilding CXX object CMakeFiles/turtlesim_msgs__rosidl_typesupport_c.dir/rosidl_typesupport_c/turtlesim_msgs/msg/color__type_support.cpp.o\x1b[0m\n'}
[12.711522] (-) TimerEvent: {}
[12.745853] (turtlesim_msgs) StdoutLine: {'line': b'[ 44%] \x1b[32mBuilding CXX object CMakeFiles/turtlesim_msgs__rosidl_typesupport_c.dir/rosidl_typesupport_c/turtlesim_msgs/msg/pose__type_support.cpp.o\x1b[0m\n'}
[12.811657] (-) TimerEvent: {}
[12.873110] (turtlesim_msgs) StdoutLine: {'line': b'[ 44%] \x1b[32mBuilding CXX object CMakeFiles/turtlesim_msgs__rosidl_typesupport_c.dir/rosidl_typesupport_c/turtlesim_msgs/srv/kill__type_support.cpp.o\x1b[0m\n'}
[12.911830] (-) TimerEvent: {}
[13.000058] (turtlesim_msgs) StdoutLine: {'line': b'[ 45%] \x1b[32mBuilding CXX object CMakeFiles/turtlesim_msgs__rosidl_typesupport_c.dir/rosidl_typesupport_c/turtlesim_msgs/srv/set_pen__type_support.cpp.o\x1b[0m\n'}
[13.012046] (-) TimerEvent: {}
[13.109841] (turtlesim_msgs) StdoutLine: {'line': b'[ 46%] \x1b[32mBuilding CXX object CMakeFiles/turtlesim_msgs__rosidl_typesupport_c.dir/rosidl_typesupport_c/turtlesim_msgs/srv/spawn__type_support.cpp.o\x1b[0m\n'}
[13.112198] (-) TimerEvent: {}
[13.214219] (-) TimerEvent: {}
[13.219113] (turtlesim_msgs) StdoutLine: {'line': b'[ 47%] \x1b[32mBuilding CXX object CMakeFiles/turtlesim_msgs__rosidl_typesupport_c.dir/rosidl_typesupport_c/turtlesim_msgs/srv/teleport_absolute__type_support.cpp.o\x1b[0m\n'}
[13.282120] (turtlesim_msgs) StdoutLine: {'line': b'[ 48%] \x1b[32mBuilding CXX object CMakeFiles/turtlesim_msgs__rosidl_typesupport_introspection_cpp.dir/rosidl_typesupport_introspection_cpp/turtlesim_msgs/action/detail/rotate_absolute__type_support.cpp.o\x1b[0m\n'}
[13.314355] (-) TimerEvent: {}
[13.335039] (turtlesim_msgs) StdoutLine: {'line': b'[ 49%] \x1b[32mBuilding CXX object CMakeFiles/turtlesim_msgs__rosidl_typesupport_c.dir/rosidl_typesupport_c/turtlesim_msgs/srv/teleport_relative__type_support.cpp.o\x1b[0m\n'}
[13.414739] (-) TimerEvent: {}
[13.449338] (turtlesim_msgs) StdoutLine: {'line': b'[ 50%] \x1b[1m\x1b[32mLinking CXX shared library libturtlesim_msgs__rosidl_typesupport_c.so\x1b[0m\n'}
[13.515070] (-) TimerEvent: {}
[13.581899] (turtlesim_msgs) StdoutLine: {'line': b'[ 50%] Built target turtlesim_msgs__rosidl_typesupport_c\n'}
[13.598548] (turtlesim_msgs) StdoutLine: {'line': b'[ 51%] \x1b[32mBuilding CXX object CMakeFiles/turtlesim_msgs__rosidl_typesupport_introspection_cpp.dir/rosidl_typesupport_introspection_cpp/turtlesim_msgs/msg/detail/color__type_support.cpp.o\x1b[0m\n'}
[13.615236] (-) TimerEvent: {}
[13.715871] (-) TimerEvent: {}
[13.816447] (-) TimerEvent: {}
[13.916975] (-) TimerEvent: {}
[14.018113] (-) TimerEvent: {}
[14.120304] (-) TimerEvent: {}
[14.225006] (-) TimerEvent: {}
[14.329103] (-) TimerEvent: {}
[14.368372] (turtlesim_msgs) StdoutLine: {'line': b'[ 52%] \x1b[32mBuilding CXX object CMakeFiles/turtlesim_msgs__rosidl_typesupport_fastrtps_c.dir/rosidl_typesupport_fastrtps_c/turtlesim_msgs/msg/detail/color__type_support_c.cpp.o\x1b[0m\n'}
[14.429230] (-) TimerEvent: {}
[14.531306] (-) TimerEvent: {}
[14.543768] (turtlesim_msgs) StdoutLine: {'line': b'[ 53%] \x1b[32mBuilding CXX object CMakeFiles/turtlesim_msgs__rosidl_typesupport_fastrtps_cpp.dir/rosidl_typesupport_fastrtps_cpp/turtlesim_msgs/action/detail/dds_fastrtps/rotate_absolute__type_support.cpp.o\x1b[0m\n'}
[14.632132] (-) TimerEvent: {}
[14.732845] (-) TimerEvent: {}
[14.834068] (-) TimerEvent: {}
[14.934638] (-) TimerEvent: {}
[14.976166] (turtlesim_msgs) StdoutLine: {'line': b'[ 54%] \x1b[32mBuilding CXX object CMakeFiles/turtlesim_msgs__rosidl_typesupport_fastrtps_cpp.dir/rosidl_typesupport_fastrtps_cpp/turtlesim_msgs/msg/detail/dds_fastrtps/color__type_support.cpp.o\x1b[0m\n'}
[15.035511] (-) TimerEvent: {}
[15.136040] (-) TimerEvent: {}
[15.237389] (-) TimerEvent: {}
[15.337913] (-) TimerEvent: {}
[15.438719] (-) TimerEvent: {}
[15.540085] (-) TimerEvent: {}
[15.640622] (-) TimerEvent: {}
[15.744005] (-) TimerEvent: {}
[15.812577] (turtlesim_msgs) StdoutLine: {'line': b'[ 55%] \x1b[32mBuilding CXX object CMakeFiles/turtlesim_msgs__rosidl_typesupport_fastrtps_c.dir/rosidl_typesupport_fastrtps_c/turtlesim_msgs/msg/detail/pose__type_support_c.cpp.o\x1b[0m\n'}
[15.844192] (-) TimerEvent: {}
[15.944750] (-) TimerEvent: {}
[16.047306] (-) TimerEvent: {}
[16.084228] (turtlesim_msgs) StdoutLine: {'line': b'[ 56%] \x1b[32mBuilding CXX object CMakeFiles/turtlesim_msgs__rosidl_typesupport_introspection_cpp.dir/rosidl_typesupport_introspection_cpp/turtlesim_msgs/msg/detail/pose__type_support.cpp.o\x1b[0m\n'}
[16.148050] (-) TimerEvent: {}
[16.248612] (-) TimerEvent: {}
[16.351082] (-) TimerEvent: {}
[16.451633] (-) TimerEvent: {}
[16.552243] (-) TimerEvent: {}
[16.652909] (-) TimerEvent: {}
[16.755057] (-) TimerEvent: {}
[16.855537] (-) TimerEvent: {}
[16.956041] (-) TimerEvent: {}
[17.056629] (-) TimerEvent: {}
[17.157080] (-) TimerEvent: {}
[17.186135] (turtlesim_msgs) StdoutLine: {'line': b'[ 57%] \x1b[32mBuilding CXX object CMakeFiles/turtlesim_msgs__rosidl_typesupport_fastrtps_c.dir/rosidl_typesupport_fastrtps_c/turtlesim_msgs/srv/detail/kill__type_support_c.cpp.o\x1b[0m\n'}
[17.202045] (turtlesim_msgs) StdoutLine: {'line': b'[ 58%] \x1b[32mBuilding CXX object CMakeFiles/turtlesim_msgs__rosidl_typesupport_introspection_cpp.dir/rosidl_typesupport_introspection_cpp/turtlesim_msgs/srv/detail/kill__type_support.cpp.o\x1b[0m\n'}
[17.257200] (-) TimerEvent: {}
[17.359925] (-) TimerEvent: {}
[17.460396] (-) TimerEvent: {}
[17.561290] (-) TimerEvent: {}
[17.653232] (turtlesim_msgs) StdoutLine: {'line': b'[ 59%] \x1b[32mBuilding CXX object CMakeFiles/turtlesim_msgs__rosidl_typesupport_fastrtps_cpp.dir/rosidl_typesupport_fastrtps_cpp/turtlesim_msgs/msg/detail/dds_fastrtps/pose__type_support.cpp.o\x1b[0m\n'}
[17.661455] (-) TimerEvent: {}
[17.761912] (-) TimerEvent: {}
[17.862469] (-) TimerEvent: {}
[17.963040] (-) TimerEvent: {}
[18.063522] (-) TimerEvent: {}
[18.164068] (-) TimerEvent: {}
[18.264583] (-) TimerEvent: {}
[18.365157] (-) TimerEvent: {}
[18.465670] (-) TimerEvent: {}
[18.533758] (turtlesim_msgs) StdoutLine: {'line': b'[ 60%] \x1b[32mBuilding CXX object CMakeFiles/turtlesim_msgs__rosidl_typesupport_introspection_cpp.dir/rosidl_typesupport_introspection_cpp/turtlesim_msgs/srv/detail/set_pen__type_support.cpp.o\x1b[0m\n'}
[18.542913] (turtlesim_msgs) StdoutLine: {'line': b'[ 60%] \x1b[32mBuilding CXX object CMakeFiles/turtlesim_msgs__rosidl_typesupport_fastrtps_c.dir/rosidl_typesupport_fastrtps_c/turtlesim_msgs/srv/detail/set_pen__type_support_c.cpp.o\x1b[0m\n'}
[18.565914] (-) TimerEvent: {}
[18.669381] (-) TimerEvent: {}
[18.772284] (-) TimerEvent: {}
[18.872782] (-) TimerEvent: {}
[18.909647] (turtlesim_msgs) StdoutLine: {'line': b'[ 61%] \x1b[32mBuilding CXX object CMakeFiles/turtlesim_msgs__rosidl_typesupport_fastrtps_cpp.dir/rosidl_typesupport_fastrtps_cpp/turtlesim_msgs/srv/detail/dds_fastrtps/kill__type_support.cpp.o\x1b[0m\n'}
[18.972919] (-) TimerEvent: {}
[19.075965] (-) TimerEvent: {}
[19.176493] (-) TimerEvent: {}
[19.277053] (-) TimerEvent: {}
[19.377546] (-) TimerEvent: {}
[19.478136] (-) TimerEvent: {}
[19.578656] (-) TimerEvent: {}
[19.679191] (-) TimerEvent: {}
[19.729174] (turtlesim_msgs) StdoutLine: {'line': b'[ 62%] \x1b[32mBuilding CXX object CMakeFiles/turtlesim_msgs__rosidl_typesupport_introspection_cpp.dir/rosidl_typesupport_introspection_cpp/turtlesim_msgs/srv/detail/spawn__type_support.cpp.o\x1b[0m\n'}
[19.779369] (-) TimerEvent: {}
[19.851748] (turtlesim_msgs) StdoutLine: {'line': b'[ 63%] \x1b[32mBuilding CXX object CMakeFiles/turtlesim_msgs__rosidl_typesupport_fastrtps_c.dir/rosidl_typesupport_fastrtps_c/turtlesim_msgs/srv/detail/spawn__type_support_c.cpp.o\x1b[0m\n'}
[19.879501] (-) TimerEvent: {}
[19.980282] (-) TimerEvent: {}
[20.081684] (-) TimerEvent: {}
[20.182238] (-) TimerEvent: {}
[20.282780] (-) TimerEvent: {}
[20.383349] (-) TimerEvent: {}
[20.483904] (-) TimerEvent: {}
[20.555636] (turtlesim_msgs) StdoutLine: {'line': b'[ 64%] \x1b[32mBuilding CXX object CMakeFiles/turtlesim_msgs__rosidl_typesupport_fastrtps_cpp.dir/rosidl_typesupport_fastrtps_cpp/turtlesim_msgs/srv/detail/dds_fastrtps/set_pen__type_support.cpp.o\x1b[0m\n'}
[20.584082] (-) TimerEvent: {}
[20.684665] (-) TimerEvent: {}
[20.785272] (-) TimerEvent: {}
[20.885965] (-) TimerEvent: {}
[20.989015] (-) TimerEvent: {}
[21.089516] (-) TimerEvent: {}
[21.119464] (turtlesim_msgs) StdoutLine: {'line': b'[ 65%] \x1b[32mBuilding CXX object CMakeFiles/turtlesim_msgs__rosidl_typesupport_introspection_cpp.dir/rosidl_typesupport_introspection_cpp/turtlesim_msgs/srv/detail/teleport_absolute__type_support.cpp.o\x1b[0m\n'}
[21.189722] (-) TimerEvent: {}
[21.290270] (-) TimerEvent: {}
[21.308958] (turtlesim_msgs) StdoutLine: {'line': b'[ 66%] \x1b[32mBuilding CXX object CMakeFiles/turtlesim_msgs__rosidl_typesupport_fastrtps_c.dir/rosidl_typesupport_fastrtps_c/turtlesim_msgs/srv/detail/teleport_absolute__type_support_c.cpp.o\x1b[0m\n'}
[21.390415] (-) TimerEvent: {}
[21.490987] (-) TimerEvent: {}
[21.591483] (-) TimerEvent: {}
[21.692134] (-) TimerEvent: {}
[21.792775] (-) TimerEvent: {}
[21.893470] (-) TimerEvent: {}
[21.994036] (-) TimerEvent: {}
[22.094540] (-) TimerEvent: {}
[22.148401] (turtlesim_msgs) StdoutLine: {'line': b'[ 67%] \x1b[32mBuilding CXX object CMakeFiles/turtlesim_msgs__rosidl_typesupport_fastrtps_cpp.dir/rosidl_typesupport_fastrtps_cpp/turtlesim_msgs/srv/detail/dds_fastrtps/spawn__type_support.cpp.o\x1b[0m\n'}
[22.194693] (-) TimerEvent: {}
[22.295278] (-) TimerEvent: {}
[22.326371] (turtlesim_msgs) StdoutLine: {'line': b'[ 68%] \x1b[32mBuilding CXX object CMakeFiles/turtlesim_msgs__rosidl_typesupport_introspection_cpp.dir/rosidl_typesupport_introspection_cpp/turtlesim_msgs/srv/detail/teleport_relative__type_support.cpp.o\x1b[0m\n'}
[22.395718] (-) TimerEvent: {}
[22.497135] (-) TimerEvent: {}
[22.597621] (-) TimerEvent: {}
[22.660925] (turtlesim_msgs) StdoutLine: {'line': b'[ 69%] \x1b[32mBuilding CXX object CMakeFiles/turtlesim_msgs__rosidl_typesupport_fastrtps_c.dir/rosidl_typesupport_fastrtps_c/turtlesim_msgs/srv/detail/teleport_relative__type_support_c.cpp.o\x1b[0m\n'}
[22.697767] (-) TimerEvent: {}
[22.798298] (-) TimerEvent: {}
[22.901652] (-) TimerEvent: {}
[23.002187] (-) TimerEvent: {}
[23.102717] (-) TimerEvent: {}
[23.203276] (-) TimerEvent: {}
[23.303780] (-) TimerEvent: {}
[23.404338] (-) TimerEvent: {}
[23.504924] (-) TimerEvent: {}
[23.527694] (turtlesim_msgs) StdoutLine: {'line': b'[ 70%] \x1b[1m\x1b[32mLinking CXX shared library libturtlesim_msgs__rosidl_typesupport_introspection_cpp.so\x1b[0m\n'}
[23.605117] (-) TimerEvent: {}
[23.705894] (-) TimerEvent: {}
[23.806781] (-) TimerEvent: {}
[23.829680] (turtlesim_msgs) StdoutLine: {'line': b'[ 70%] Built target turtlesim_msgs__rosidl_typesupport_introspection_cpp\n'}
[23.845963] (turtlesim_msgs) StdoutLine: {'line': b'[ 71%] \x1b[32mBuilding CXX object CMakeFiles/turtlesim_msgs__rosidl_typesupport_fastrtps_cpp.dir/rosidl_typesupport_fastrtps_cpp/turtlesim_msgs/srv/detail/dds_fastrtps/teleport_absolute__type_support.cpp.o\x1b[0m\n'}
[23.906925] (-) TimerEvent: {}
[23.911059] (turtlesim_msgs) StdoutLine: {'line': b'[ 72%] \x1b[32mBuilding CXX object CMakeFiles/turtlesim_msgs__rosidl_typesupport_fastrtps_cpp.dir/rosidl_typesupport_fastrtps_cpp/turtlesim_msgs/srv/detail/dds_fastrtps/teleport_relative__type_support.cpp.o\x1b[0m\n'}
[24.007043] (-) TimerEvent: {}
[24.108063] (-) TimerEvent: {}
[24.141112] (turtlesim_msgs) StdoutLine: {'line': b'[ 73%] \x1b[1m\x1b[32mLinking CXX shared library libturtlesim_msgs__rosidl_typesupport_fastrtps_c.so\x1b[0m\n'}
[24.208251] (-) TimerEvent: {}
[24.308999] (-) TimerEvent: {}
[24.408023] (turtlesim_msgs) StdoutLine: {'line': b'[ 73%] Built target turtlesim_msgs__rosidl_typesupport_fastrtps_c\n'}
[24.409096] (-) TimerEvent: {}
[24.430987] (turtlesim_msgs) StdoutLine: {'line': b'[ 74%] \x1b[1m\x1b[34mGenerating C++ type support dispatch for ROS interfaces\x1b[0m\n'}
[24.509226] (-) TimerEvent: {}
[24.615256] (-) TimerEvent: {}
[24.715659] (-) TimerEvent: {}
[24.816077] (-) TimerEvent: {}
[24.916447] (-) TimerEvent: {}
[25.016865] (-) TimerEvent: {}
[25.117295] (-) TimerEvent: {}
[25.217735] (-) TimerEvent: {}
[25.318188] (-) TimerEvent: {}
[25.421305] (-) TimerEvent: {}
[25.523104] (-) TimerEvent: {}
[25.547965] (turtlesim_msgs) StdoutLine: {'line': b'[ 75%] \x1b[1m\x1b[32mLinking CXX shared library libturtlesim_msgs__rosidl_typesupport_fastrtps_cpp.so\x1b[0m\n'}
[25.615524] (turtlesim_msgs) StdoutLine: {'line': b'[ 76%] \x1b[32mBuilding CXX object CMakeFiles/turtlesim_msgs__rosidl_typesupport_cpp.dir/rosidl_typesupport_cpp/turtlesim_msgs/action/rotate_absolute__type_support.cpp.o\x1b[0m\n'}
[25.616004] (turtlesim_msgs) StdoutLine: {'line': b'[ 77%] \x1b[32mBuilding CXX object CMakeFiles/turtlesim_msgs__rosidl_typesupport_cpp.dir/rosidl_typesupport_cpp/turtlesim_msgs/msg/color__type_support.cpp.o\x1b[0m\n'}
[25.623403] (-) TimerEvent: {}
[25.726338] (-) TimerEvent: {}
[25.827027] (-) TimerEvent: {}
[25.870499] (turtlesim_msgs) StdoutLine: {'line': b'[ 77%] Built target turtlesim_msgs__rosidl_typesupport_fastrtps_cpp\n'}
[25.927153] (-) TimerEvent: {}
[26.027577] (-) TimerEvent: {}
[26.128026] (-) TimerEvent: {}
[26.228454] (-) TimerEvent: {}
[26.328842] (-) TimerEvent: {}
[26.429253] (-) TimerEvent: {}
[26.488892] (turtlesim_msgs) StdoutLine: {'line': b'[ 80%] \x1b[32mBuilding CXX object CMakeFiles/turtlesim_msgs__rosidl_typesupport_cpp.dir/rosidl_typesupport_cpp/turtlesim_msgs/srv/kill__type_support.cpp.o\x1b[0m\n'}
[26.489269] (turtlesim_msgs) StdoutLine: {'line': b'[ 80%] \x1b[32mBuilding CXX object CMakeFiles/turtlesim_msgs__rosidl_typesupport_cpp.dir/rosidl_typesupport_cpp/turtlesim_msgs/msg/pose__type_support.cpp.o\x1b[0m\n'}
[26.489399] (turtlesim_msgs) StdoutLine: {'line': b'[ 80%] \x1b[32mBuilding CXX object CMakeFiles/turtlesim_msgs__rosidl_typesupport_cpp.dir/rosidl_typesupport_cpp/turtlesim_msgs/srv/set_pen__type_support.cpp.o\x1b[0m\n'}
[26.530041] (-) TimerEvent: {}
[26.631048] (-) TimerEvent: {}
[26.740771] (-) TimerEvent: {}
[26.841399] (-) TimerEvent: {}
[26.942020] (-) TimerEvent: {}
[27.042814] (-) TimerEvent: {}
[27.144093] (-) TimerEvent: {}
[27.244744] (-) TimerEvent: {}
[27.348487] (-) TimerEvent: {}
[27.427205] (turtlesim_msgs) StdoutLine: {'line': b'[ 81%] \x1b[32mBuilding CXX object CMakeFiles/turtlesim_msgs__rosidl_typesupport_cpp.dir/rosidl_typesupport_cpp/turtlesim_msgs/srv/spawn__type_support.cpp.o\x1b[0m\n'}
[27.448667] (-) TimerEvent: {}
[27.549317] (-) TimerEvent: {}
[27.651270] (-) TimerEvent: {}
[27.751894] (-) TimerEvent: {}
[27.829714] (turtlesim_msgs) StdoutLine: {'line': b'[ 82%] \x1b[32mBuilding CXX object CMakeFiles/turtlesim_msgs__rosidl_typesupport_cpp.dir/rosidl_typesupport_cpp/turtlesim_msgs/srv/teleport_absolute__type_support.cpp.o\x1b[0m\n'}
[27.852069] (-) TimerEvent: {}
[27.961592] (-) TimerEvent: {}
[28.004034] (turtlesim_msgs) StdoutLine: {'line': b'[ 83%] \x1b[32mBuilding CXX object CMakeFiles/turtlesim_msgs__rosidl_typesupport_cpp.dir/rosidl_typesupport_cpp/turtlesim_msgs/srv/teleport_relative__type_support.cpp.o\x1b[0m\n'}
[28.061774] (-) TimerEvent: {}
[28.165485] (-) TimerEvent: {}
[28.265984] (-) TimerEvent: {}
[28.366419] (-) TimerEvent: {}
[28.466847] (-) TimerEvent: {}
[28.567269] (-) TimerEvent: {}
[28.667683] (-) TimerEvent: {}
[28.769032] (-) TimerEvent: {}
[28.869449] (-) TimerEvent: {}
[28.969830] (-) TimerEvent: {}
[29.056833] (turtlesim_msgs) StdoutLine: {'line': b'[ 84%] \x1b[1m\x1b[32mLinking CXX shared library libturtlesim_msgs__rosidl_typesupport_cpp.so\x1b[0m\n'}
[29.069964] (-) TimerEvent: {}
[29.170281] (-) TimerEvent: {}
[29.238404] (turtlesim_msgs) StdoutLine: {'line': b'[ 84%] Built target turtlesim_msgs__rosidl_typesupport_cpp\n'}
[29.267735] (turtlesim_msgs) StdoutLine: {'line': b'[ 84%] Built target turtlesim_msgs\n'}
[29.270372] (-) TimerEvent: {}
[29.298422] (turtlesim_msgs) StdoutLine: {'line': b'[ 85%] \x1b[1m\x1b[34mGenerating Python code for ROS interfaces\x1b[0m\n'}
[29.370510] (-) TimerEvent: {}
[29.470942] (-) TimerEvent: {}
[29.571237] (-) TimerEvent: {}
[29.671522] (-) TimerEvent: {}
[29.771804] (-) TimerEvent: {}
[29.872090] (-) TimerEvent: {}
[29.972387] (-) TimerEvent: {}
[30.072665] (-) TimerEvent: {}
[30.172957] (-) TimerEvent: {}
[30.273243] (-) TimerEvent: {}
[30.373535] (-) TimerEvent: {}
[30.473821] (-) TimerEvent: {}
[30.574119] (-) TimerEvent: {}
[30.674389] (-) TimerEvent: {}
[30.774680] (-) TimerEvent: {}
[30.874973] (-) TimerEvent: {}
[30.975327] (-) TimerEvent: {}
[31.075622] (-) TimerEvent: {}
[31.175906] (-) TimerEvent: {}
[31.276197] (-) TimerEvent: {}
[31.376491] (-) TimerEvent: {}
[31.476792] (-) TimerEvent: {}
[31.577102] (-) TimerEvent: {}
[31.677385] (-) TimerEvent: {}
[31.777669] (-) TimerEvent: {}
[31.877960] (-) TimerEvent: {}
[31.978248] (-) TimerEvent: {}
[32.078525] (-) TimerEvent: {}
[32.178799] (-) TimerEvent: {}
[32.279086] (-) TimerEvent: {}
[32.379364] (-) TimerEvent: {}
[32.481291] (-) TimerEvent: {}
[32.564696] (turtlesim_msgs) StdoutLine: {'line': b'[ 85%] Built target turtlesim_msgs__py\n'}
[32.581399] (-) TimerEvent: {}
[32.634701] (turtlesim_msgs) StdoutLine: {'line': b'[ 87%] \x1b[32mBuilding C object CMakeFiles/turtlesim_msgs__rosidl_generator_py.dir/rosidl_generator_py/turtlesim_msgs/action/_rotate_absolute_s.c.o\x1b[0m\n'}
[32.635110] (turtlesim_msgs) StdoutLine: {'line': b'[ 87%] \x1b[32mBuilding C object CMakeFiles/turtlesim_msgs__rosidl_generator_py.dir/rosidl_generator_py/turtlesim_msgs/msg/_pose_s.c.o\x1b[0m\n'}
[32.635272] (turtlesim_msgs) StdoutLine: {'line': b'[ 88%] \x1b[32mBuilding C object CMakeFiles/turtlesim_msgs__rosidl_generator_py.dir/rosidl_generator_py/turtlesim_msgs/msg/_color_s.c.o\x1b[0m\n'}
[32.645249] (turtlesim_msgs) StdoutLine: {'line': b'[ 88%] Built target ament_cmake_python_sync_turtlesim_msgs\n'}
[32.681780] (-) TimerEvent: {}
[32.782355] (-) TimerEvent: {}
[32.882788] (-) TimerEvent: {}
[32.983274] (-) TimerEvent: {}
[32.997248] (turtlesim_msgs) StdoutLine: {'line': b'[ 89%] \x1b[32mBuilding C object CMakeFiles/turtlesim_msgs__rosidl_generator_py.dir/rosidl_generator_py/turtlesim_msgs/srv/_kill_s.c.o\x1b[0m\n'}
[33.019413] (turtlesim_msgs) StdoutLine: {'line': b'[ 90%] \x1b[32mBuilding C object CMakeFiles/turtlesim_msgs__rosidl_generator_py.dir/rosidl_generator_py/turtlesim_msgs/srv/_set_pen_s.c.o\x1b[0m\n'}
[33.083624] (-) TimerEvent: {}
[33.189480] (-) TimerEvent: {}
[33.248607] (turtlesim_msgs) StdoutLine: {'line': b'[ 91%] \x1b[32mBuilding C object CMakeFiles/turtlesim_msgs__rosidl_generator_py.dir/rosidl_generator_py/turtlesim_msgs/srv/_spawn_s.c.o\x1b[0m\n'}
[33.290048] (-) TimerEvent: {}
[33.391467] (-) TimerEvent: {}
[33.474230] (turtlesim_msgs) StdoutLine: {'line': b'[ 92%] \x1b[32mBuilding C object CMakeFiles/turtlesim_msgs__rosidl_generator_py.dir/rosidl_generator_py/turtlesim_msgs/srv/_teleport_absolute_s.c.o\x1b[0m\n'}
[33.475749] (turtlesim_msgs) StdoutLine: {'line': b'[ 93%] \x1b[32mBuilding C object CMakeFiles/turtlesim_msgs__rosidl_generator_py.dir/rosidl_generator_py/turtlesim_msgs/srv/_teleport_relative_s.c.o\x1b[0m\n'}
[33.491710] (-) TimerEvent: {}
[33.597613] (-) TimerEvent: {}
[33.699045] (-) TimerEvent: {}
[33.773385] (turtlesim_msgs) StdoutLine: {'line': b'running egg_info\n'}
[33.799151] (-) TimerEvent: {}
[33.817604] (turtlesim_msgs) StdoutLine: {'line': b'writing turtlesim_msgs.egg-info/PKG-INFO\n'}
[33.818361] (turtlesim_msgs) StdoutLine: {'line': b'writing dependency_links to turtlesim_msgs.egg-info/dependency_links.txt\n'}
[33.819602] (turtlesim_msgs) StdoutLine: {'line': b'writing top-level names to turtlesim_msgs.egg-info/top_level.txt\n'}
[33.842625] (turtlesim_msgs) StdoutLine: {'line': b'[ 94%] \x1b[1m\x1b[32mLinking C shared library libturtlesim_msgs__rosidl_generator_py.so\x1b[0m\n'}
[33.899322] (-) TimerEvent: {}
[33.923815] (turtlesim_msgs) StdoutLine: {'line': b"reading manifest file 'turtlesim_msgs.egg-info/SOURCES.txt'\n"}
[33.926106] (turtlesim_msgs) StdoutLine: {'line': b"writing manifest file 'turtlesim_msgs.egg-info/SOURCES.txt'\n"}
[33.960061] (turtlesim_msgs) StdoutLine: {'line': b'[ 94%] Built target turtlesim_msgs__rosidl_generator_py\n'}
[33.999510] (-) TimerEvent: {}
[34.023661] (turtlesim_msgs) StdoutLine: {'line': b'[ 95%] \x1b[32mBuilding C object CMakeFiles/turtlesim_msgs_s__rosidl_typesupport_introspection_c.dir/rosidl_generator_py/turtlesim_msgs/_turtlesim_msgs_s.ep.rosidl_typesupport_introspection_c.c.o\x1b[0m\n'}
[34.027917] (turtlesim_msgs) StdoutLine: {'line': b'[ 96%] \x1b[32mBuilding C object CMakeFiles/turtlesim_msgs_s__rosidl_typesupport_c.dir/rosidl_generator_py/turtlesim_msgs/_turtlesim_msgs_s.ep.rosidl_typesupport_c.c.o\x1b[0m\n'}
[34.029147] (turtlesim_msgs) StdoutLine: {'line': b'[ 97%] \x1b[32mBuilding C object CMakeFiles/turtlesim_msgs_s__rosidl_typesupport_fastrtps_c.dir/rosidl_generator_py/turtlesim_msgs/_turtlesim_msgs_s.ep.rosidl_typesupport_fastrtps_c.c.o\x1b[0m\n'}
[34.099736] (-) TimerEvent: {}
[34.149800] (turtlesim_msgs) StdoutLine: {'line': b'[ 97%] Built target ament_cmake_python_build_turtlesim_msgs_egg\n'}
[34.200067] (-) TimerEvent: {}
[34.301050] (-) TimerEvent: {}
[34.401562] (-) TimerEvent: {}
[34.442078] (turtlesim_msgs) StdoutLine: {'line': b'[ 98%] \x1b[1m\x1b[32mLinking C shared module rosidl_generator_py/turtlesim_msgs/turtlesim_msgs_s__rosidl_typesupport_introspection_c.so\x1b[0m\n'}
[34.449874] (turtlesim_msgs) StdoutLine: {'line': b'[ 99%] \x1b[1m\x1b[32mLinking C shared module rosidl_generator_py/turtlesim_msgs/turtlesim_msgs_s__rosidl_typesupport_c.so\x1b[0m\n'}
[34.472241] (turtlesim_msgs) StdoutLine: {'line': b'[100%] \x1b[1m\x1b[32mLinking C shared module rosidl_generator_py/turtlesim_msgs/turtlesim_msgs_s__rosidl_typesupport_fastrtps_c.so\x1b[0m\n'}
[34.503083] (-) TimerEvent: {}
[34.513179] (turtlesim_msgs) StdoutLine: {'line': b'[100%] Built target turtlesim_msgs_s__rosidl_typesupport_introspection_c\n'}
[34.521253] (turtlesim_msgs) StdoutLine: {'line': b'[100%] Built target turtlesim_msgs_s__rosidl_typesupport_c\n'}
[34.539189] (turtlesim_msgs) StdoutLine: {'line': b'[100%] Built target turtlesim_msgs_s__rosidl_typesupport_fastrtps_c\n'}
[34.556520] (turtlesim_msgs) CommandEnded: {'returncode': 0}
[34.557608] (turtlesim_msgs) JobProgress: {'identifier': 'turtlesim_msgs', 'progress': 'install'}
[34.569075] (turtlesim_msgs) Command: {'cmd': ['/usr/bin/cmake', '--install', '/home/public/MSE112_MPi5_Hiwonder_ROS2/ros2ws/build/turtlesim_msgs'], 'cwd': '/home/public/MSE112_MPi5_Hiwonder_ROS2/ros2ws/build/turtlesim_msgs', 'env': OrderedDict({'LESSOPEN': '| /usr/bin/lesspipe %s', 'LANGUAGE': 'en', 'USER': 'admin', 'LC_TIME': 'C.UTF-8', 'XDG_SESSION_TYPE': 'wayland', 'PTYXIS_VERSION': '50.1', 'SHLVL': '1', 'LD_LIBRARY_PATH': '/opt/ros/lyrical/opt/gz_math_vendor/lib:/opt/ros/lyrical/opt/gz_utils_vendor/lib:/opt/ros/lyrical/opt/rviz_ogre_vendor/lib:/opt/ros/lyrical/lib/aarch64-linux-gnu:/opt/ros/lyrical/opt/gz_cmake_vendor/lib:/opt/ros/lyrical/lib', 'HOME': '/home/admin', 'DESKTOP_SESSION': 'ubuntu', 'IM_CONFIG_ENTRY': 'profile', 'ROS_PYTHON_VERSION': '3', 'GTK_MODULES': 'gail:atk-bridge', 'LC_MONETARY': 'C.UTF-8', 'MANAGERPID': '3259', 'DBUS_STARTER_BUS_TYPE': 'session', 'SYSTEMD_EXEC_PID': '3283', 'DBUS_SESSION_BUS_ADDRESS': 'unix:path=/run/user/1000/bus,guid=67fdd25c649dd7932a57fd066a6920d0', 'COLORTERM': 'truecolor', 'DEBUGINFOD_URLS': 'https://debuginfod.ubuntu.com', 'WAYLAND_DISPLAY': 'wayland-0', 'ROS_DISTRO': 'lyrical', 'LOGNAME': 'admin', 'MANAGERPIDFDID': '723', '_': '/usr/bin/colcon', 'ROS_VERSION': '2', 'MEMORY_PRESSURE_WATCH': '/sys/fs/cgroup/user.slice/user-1000.slice/user@1000.service/session.slice/dbus.service/memory.pressure', 'XDG_SESSION_CLASS': 'user', 'USERNAME': 'admin', 'TERM': 'xterm-256color', 'GNOME_DESKTOP_SESSION_ID': 'this-is-deprecated', 'FLATPAK_TTY_PROGRESS': '1', 'PATH': '/opt/ros/lyrical/bin:/usr/local/sbin:/usr/local/bin:/usr/sbin:/usr/bin:/sbin:/bin:/usr/games:/usr/local/games:/snap/bin:/snap/bin', 'INVOCATION_ID': '5fd295d1fe9c49d6885439f3c704513f', 'PAPERSIZE': 'a4', 'XDG_MENU_PREFIX': 'gnome-', 'PTYXIS_PROFILE': '46b325db7867804b9a1cc0046a1f6a7b', 'LC_ADDRESS': 'C.UTF-8', 'GNOME_SETUP_DISPLAY': 'unix:/tmp/.X11-unix/X1', 'XDG_RUNTIME_DIR': '/run/user/1000', 'DISPLAY': ':0', 'LANG': 'en_US.UTF-8', 'XDG_CURRENT_DESKTOP': 'ubuntu:GNOME', 'LC_TELEPHONE': 'C.UTF-8', 'XMODIFIERS': '@im=ibus', 'XDG_SESSION_DESKTOP': 'ubuntu', 'XAUTHORITY': '/run/user/1000/.mutter-Xwaylandauth.Y8A8S3', 'LS_COLORS': 'rs=0:di=01;34:ln=01;36:mh=00:pi=40;33:so=01;35:do=01;35:bd=40;33;01:cd=40;33;01:or=40;31;01:mi=00:su=37;41:sg=30;43:ca=00:tw=30;42:ow=34;42:st=37;44:ex=01;32:*.tar=01;31:*.tgz=01;31:*.arc=01;31:*.arj=01;31:*.taz=01;31:*.lha=01;31:*.lz4=01;31:*.lzh=01;31:*.lzma=01;31:*.tlz=01;31:*.txz=01;31:*.tzo=01;31:*.t7z=01;31:*.zip=01;31:*.z=01;31:*.dz=01;31:*.gz=01;31:*.lrz=01;31:*.lz=01;31:*.lzo=01;31:*.xz=01;31:*.zst=01;31:*.tzst=01;31:*.bz2=01;31:*.bz=01;31:*.tbz=01;31:*.tbz2=01;31:*.tz=01;31:*.deb=01;31:*.rpm=01;31:*.jar=01;31:*.war=01;31:*.ear=01;31:*.sar=01;31:*.rar=01;31:*.alz=01;31:*.ace=01;31:*.zoo=01;31:*.cpio=01;31:*.7z=01;31:*.rz=01;31:*.cab=01;31:*.wim=01;31:*.swm=01;31:*.dwm=01;31:*.esd=01;31:*.avif=01;35:*.jpg=01;35:*.jpeg=01;35:*.mjpg=01;35:*.mjpeg=01;35:*.gif=01;35:*.bmp=01;35:*.pbm=01;35:*.pgm=01;35:*.ppm=01;35:*.tga=01;35:*.xbm=01;35:*.xpm=01;35:*.tif=01;35:*.tiff=01;35:*.png=01;35:*.svg=01;35:*.svgz=01;35:*.mng=01;35:*.pcx=01;35:*.mov=01;35:*.mpg=01;35:*.mpeg=01;35:*.m2v=01;35:*.mkv=01;35:*.webm=01;35:*.webp=01;35:*.ogm=01;35:*.mp4=01;35:*.m4v=01;35:*.mp4v=01;35:*.vob=01;35:*.qt=01;35:*.nuv=01;35:*.wmv=01;35:*.asf=01;35:*.rm=01;35:*.rmvb=01;35:*.flc=01;35:*.avi=01;35:*.fli=01;35:*.flv=01;35:*.gl=01;35:*.dl=01;35:*.xcf=01;35:*.xwd=01;35:*.yuv=01;35:*.cgm=01;35:*.emf=01;35:*.ogv=01;35:*.ogx=01;35:*.aac=00;36:*.au=00;36:*.flac=00;36:*.m4a=00;36:*.mid=00;36:*.midi=00;36:*.mka=00;36:*.mp3=00;36:*.mpc=00;36:*.ogg=00;36:*.ra=00;36:*.wav=00;36:*.oga=00;36:*.opus=00;36:*.spx=00;36:*.xspf=00;36:*~=00;90:*#=00;90:*.bak=00;90:*.old=00;90:*.orig=00;90:*.part=00;90:*.rej=00;90:*.swp=00;90:*.tmp=00;90:*.dpkg-dist=00;90:*.dpkg-old=00;90:*.ucf-dist=00;90:*.ucf-new=00;90:*.ucf-old=00;90:*.rpmnew=00;90:*.rpmorig=00;90:*.rpmsave=00;90:', 'SSH_AUTH_SOCK': '/run/user/1000/gcr/ssh', 'AMENT_PREFIX_PATH': '/opt/ros/lyrical', 'SHELL': '/bin/bash', 'LC_NAME': 'C.UTF-8', 'QT_ACCESSIBILITY': '1', 'GDMSESSION': 'ubuntu', 'LESSCLOSE': '/usr/bin/lesspipe %s %s', 'LC_MEASUREMENT': 'C.UTF-8', 'GPG_AGENT_INFO': '/run/user/1000/gnupg/S.gpg-agent:0:1', 'LC_IDENTIFICATION': 'C.UTF-8', 'GSK_RENDERER': 'gl', 'ROS_AUTOMATIC_DISCOVERY_RANGE': 'SUBNET', 'QT_IM_MODULE': 'ibus', 'PWD': '/home/public/MSE112_MPi5_Hiwonder_ROS2/ros2ws/build/turtlesim_msgs', 'XDG_CONFIG_DIRS': '/etc/xdg/xdg-ubuntu:/etc/xdg', 'DBUS_STARTER_ADDRESS': 'unix:path=/run/user/1000/bus,guid=67fdd25c649dd7932a57fd066a6920d0', 'XDG_DATA_DIRS': '/usr/share/ubuntu:/usr/share/gnome:/usr/local/share/:/usr/share/:/var/lib/snapd/desktop', 'XDG_SESSION_EXTRA_DEVICE_ACCESS': 'render:accel', 'PYTHONPATH': '/opt/ros/lyrical/opt/gz_math_vendor/lib/python:/opt/ros/lyrical/lib/python3.14/site-packages', 'LC_NUMERIC': 'C.UTF-8', 'LC_PAPER': 'C.UTF-8', 'COLCON': '1', 'QT_IM_MODULES': 'wayland;ibus', 'MEMORY_PRESSURE_WRITE': 'c29tZSAyMDAwMDAgMjAwMDAwMAA=', 'VTE_VERSION': '8400', 'CMAKE_PREFIX_PATH': '/opt/ros/lyrical/opt/gz_math_vendor:/opt/ros/lyrical/opt/gz_utils_vendor:/opt/ros/lyrical/opt/gz_cmake_vendor:/opt/ros/lyrical'}), 'shell': False}
[34.580266] (turtlesim_msgs) StdoutLine: {'line': b'-- Install configuration: ""\n'}
[34.581017] (turtlesim_msgs) StdoutLine: {'line': b'-- Execute custom install script\n'}
[34.582209] (turtlesim_msgs) StdoutLine: {'line': b'-- Up-to-date symlink: /home/public/MSE112_MPi5_Hiwonder_ROS2/ros2ws/install/turtlesim_msgs/share/ament_index/resource_index/rosidl_interfaces/turtlesim_msgs\n'}
[34.583323] (turtlesim_msgs) StdoutLine: {'line': b'-- Up-to-date symlink: /home/public/MSE112_MPi5_Hiwonder_ROS2/ros2ws/install/turtlesim_msgs/share/turtlesim_msgs/action/RotateAbsolute.json\n'}
[34.584103] (turtlesim_msgs) StdoutLine: {'line': b'-- Up-to-date symlink: /home/public/MSE112_MPi5_Hiwonder_ROS2/ros2ws/install/turtlesim_msgs/share/turtlesim_msgs/msg/Color.json\n'}
[34.584612] (turtlesim_msgs) StdoutLine: {'line': b'-- Up-to-date symlink: /home/public/MSE112_MPi5_Hiwonder_ROS2/ros2ws/install/turtlesim_msgs/share/turtlesim_msgs/msg/Pose.json\n'}
[34.585433] (turtlesim_msgs) StdoutLine: {'line': b'-- Up-to-date symlink: /home/public/MSE112_MPi5_Hiwonder_ROS2/ros2ws/install/turtlesim_msgs/share/turtlesim_msgs/srv/Kill.json\n'}
[34.586028] (turtlesim_msgs) StdoutLine: {'line': b'-- Up-to-date symlink: /home/public/MSE112_MPi5_Hiwonder_ROS2/ros2ws/install/turtlesim_msgs/share/turtlesim_msgs/srv/SetPen.json\n'}
[34.586610] (turtlesim_msgs) StdoutLine: {'line': b'-- Up-to-date symlink: /home/public/MSE112_MPi5_Hiwonder_ROS2/ros2ws/install/turtlesim_msgs/share/turtlesim_msgs/srv/Spawn.json\n'}
[34.587179] (turtlesim_msgs) StdoutLine: {'line': b'-- Up-to-date symlink: /home/public/MSE112_MPi5_Hiwonder_ROS2/ros2ws/install/turtlesim_msgs/share/turtlesim_msgs/srv/TeleportAbsolute.json\n'}
[34.587731] (turtlesim_msgs) StdoutLine: {'line': b'-- Up-to-date symlink: /home/public/MSE112_MPi5_Hiwonder_ROS2/ros2ws/install/turtlesim_msgs/share/turtlesim_msgs/srv/TeleportRelative.json\n'}
[34.590511] (turtlesim_msgs) StdoutLine: {'line': b'-- Up-to-date symlink: /home/public/MSE112_MPi5_Hiwonder_ROS2/ros2ws/install/turtlesim_msgs/include/turtlesim_msgs/turtlesim_msgs/action/detail/rotate_absolute__functions.h\n'}
[34.590946] (turtlesim_msgs) StdoutLine: {'line': b'-- Up-to-date symlink: /home/public/MSE112_MPi5_Hiwonder_ROS2/ros2ws/install/turtlesim_msgs/include/turtlesim_msgs/turtlesim_msgs/action/detail/rotate_absolute__struct.h\n'}
[34.591402] (turtlesim_msgs) StdoutLine: {'line': b'-- Up-to-date symlink: /home/public/MSE112_MPi5_Hiwonder_ROS2/ros2ws/install/turtlesim_msgs/include/turtlesim_msgs/turtlesim_msgs/action/detail/rotate_absolute__type_support.h\n'}
[34.591845] (turtlesim_msgs) StdoutLine: {'line': b'-- Up-to-date symlink: /home/public/MSE112_MPi5_Hiwonder_ROS2/ros2ws/install/turtlesim_msgs/include/turtlesim_msgs/turtlesim_msgs/action/rotate_absolute.h\n'}
[34.592583] (turtlesim_msgs) StdoutLine: {'line': b'-- Up-to-date symlink: /home/public/MSE112_MPi5_Hiwonder_ROS2/ros2ws/install/turtlesim_msgs/include/turtlesim_msgs/turtlesim_msgs/msg/color.h\n'}
[34.593302] (turtlesim_msgs) StdoutLine: {'line': b'-- Up-to-date symlink: /home/public/MSE112_MPi5_Hiwonder_ROS2/ros2ws/install/turtlesim_msgs/include/turtlesim_msgs/turtlesim_msgs/msg/detail/color__functions.h\n'}
[34.593739] (turtlesim_msgs) StdoutLine: {'line': b'-- Up-to-date symlink: /home/public/MSE112_MPi5_Hiwonder_ROS2/ros2ws/install/turtlesim_msgs/include/turtlesim_msgs/turtlesim_msgs/msg/detail/color__struct.h\n'}
[34.594183] (turtlesim_msgs) StdoutLine: {'line': b'-- Up-to-date symlink: /home/public/MSE112_MPi5_Hiwonder_ROS2/ros2ws/install/turtlesim_msgs/include/turtlesim_msgs/turtlesim_msgs/msg/detail/color__type_support.h\n'}
[34.594630] (turtlesim_msgs) StdoutLine: {'line': b'-- Up-to-date symlink: /home/public/MSE112_MPi5_Hiwonder_ROS2/ros2ws/install/turtlesim_msgs/include/turtlesim_msgs/turtlesim_msgs/msg/detail/pose__functions.h\n'}
[34.595059] (turtlesim_msgs) StdoutLine: {'line': b'-- Up-to-date symlink: /home/public/MSE112_MPi5_Hiwonder_ROS2/ros2ws/install/turtlesim_msgs/include/turtlesim_msgs/turtlesim_msgs/msg/detail/pose__struct.h\n'}
[34.595503] (turtlesim_msgs) StdoutLine: {'line': b'-- Up-to-date symlink: /home/public/MSE112_MPi5_Hiwonder_ROS2/ros2ws/install/turtlesim_msgs/include/turtlesim_msgs/turtlesim_msgs/msg/detail/pose__type_support.h\n'}
[34.595971] (turtlesim_msgs) StdoutLine: {'line': b'-- Up-to-date symlink: /home/public/MSE112_MPi5_Hiwonder_ROS2/ros2ws/install/turtlesim_msgs/include/turtlesim_msgs/turtlesim_msgs/msg/pose.h\n'}
[34.596426] (turtlesim_msgs) StdoutLine: {'line': b'-- Up-to-date symlink: /home/public/MSE112_MPi5_Hiwonder_ROS2/ros2ws/install/turtlesim_msgs/include/turtlesim_msgs/turtlesim_msgs/msg/rosidl_generator_c__visibility_control.h\n'}
[34.597454] (turtlesim_msgs) StdoutLine: {'line': b'-- Up-to-date symlink: /home/public/MSE112_MPi5_Hiwonder_ROS2/ros2ws/install/turtlesim_msgs/include/turtlesim_msgs/turtlesim_msgs/srv/detail/kill__functions.h\n'}
[34.597890] (turtlesim_msgs) StdoutLine: {'line': b'-- Up-to-date symlink: /home/public/MSE112_MPi5_Hiwonder_ROS2/ros2ws/install/turtlesim_msgs/include/turtlesim_msgs/turtlesim_msgs/srv/detail/kill__struct.h\n'}
[34.598360] (turtlesim_msgs) StdoutLine: {'line': b'-- Up-to-date symlink: /home/public/MSE112_MPi5_Hiwonder_ROS2/ros2ws/install/turtlesim_msgs/include/turtlesim_msgs/turtlesim_msgs/srv/detail/kill__type_support.h\n'}
[34.598801] (turtlesim_msgs) StdoutLine: {'line': b'-- Up-to-date symlink: /home/public/MSE112_MPi5_Hiwonder_ROS2/ros2ws/install/turtlesim_msgs/include/turtlesim_msgs/turtlesim_msgs/srv/detail/set_pen__functions.h\n'}
[34.599253] (turtlesim_msgs) StdoutLine: {'line': b'-- Up-to-date symlink: /home/public/MSE112_MPi5_Hiwonder_ROS2/ros2ws/install/turtlesim_msgs/include/turtlesim_msgs/turtlesim_msgs/srv/detail/set_pen__struct.h\n'}
[34.599700] (turtlesim_msgs) StdoutLine: {'line': b'-- Up-to-date symlink: /home/public/MSE112_MPi5_Hiwonder_ROS2/ros2ws/install/turtlesim_msgs/include/turtlesim_msgs/turtlesim_msgs/srv/detail/set_pen__type_support.h\n'}
[34.600138] (turtlesim_msgs) StdoutLine: {'line': b'-- Up-to-date symlink: /home/public/MSE112_MPi5_Hiwonder_ROS2/ros2ws/install/turtlesim_msgs/include/turtlesim_msgs/turtlesim_msgs/srv/detail/spawn__functions.h\n'}
[34.600584] (turtlesim_msgs) StdoutLine: {'line': b'-- Up-to-date symlink: /home/public/MSE112_MPi5_Hiwonder_ROS2/ros2ws/install/turtlesim_msgs/include/turtlesim_msgs/turtlesim_msgs/srv/detail/spawn__struct.h\n'}
[34.601033] (turtlesim_msgs) StdoutLine: {'line': b'-- Up-to-date symlink: /home/public/MSE112_MPi5_Hiwonder_ROS2/ros2ws/install/turtlesim_msgs/include/turtlesim_msgs/turtlesim_msgs/srv/detail/spawn__type_support.h\n'}
[34.601491] (turtlesim_msgs) StdoutLine: {'line': b'-- Up-to-date symlink: /home/public/MSE112_MPi5_Hiwonder_ROS2/ros2ws/install/turtlesim_msgs/include/turtlesim_msgs/turtlesim_msgs/srv/detail/teleport_absolute__functions.h\n'}
[34.601950] (turtlesim_msgs) StdoutLine: {'line': b'-- Up-to-date symlink: /home/public/MSE112_MPi5_Hiwonder_ROS2/ros2ws/install/turtlesim_msgs/include/turtlesim_msgs/turtlesim_msgs/srv/detail/teleport_absolute__struct.h\n'}
[34.602415] (turtlesim_msgs) StdoutLine: {'line': b'-- Up-to-date symlink: /home/public/MSE112_MPi5_Hiwonder_ROS2/ros2ws/install/turtlesim_msgs/include/turtlesim_msgs/turtlesim_msgs/srv/detail/teleport_absolute__type_support.h\n'}
[34.602876] (turtlesim_msgs) StdoutLine: {'line': b'-- Up-to-date symlink: /home/public/MSE112_MPi5_Hiwonder_ROS2/ros2ws/install/turtlesim_msgs/include/turtlesim_msgs/turtlesim_msgs/srv/detail/teleport_relative__functions.h\n'}
[34.603121] (-) TimerEvent: {}
[34.603394] (turtlesim_msgs) StdoutLine: {'line': b'-- Up-to-date symlink: /home/public/MSE112_MPi5_Hiwonder_ROS2/ros2ws/install/turtlesim_msgs/include/turtlesim_msgs/turtlesim_msgs/srv/detail/teleport_relative__struct.h\n'}
[34.603892] (turtlesim_msgs) StdoutLine: {'line': b'-- Up-to-date symlink: /home/public/MSE112_MPi5_Hiwonder_ROS2/ros2ws/install/turtlesim_msgs/include/turtlesim_msgs/turtlesim_msgs/srv/detail/teleport_relative__type_support.h\n'}
[34.604388] (turtlesim_msgs) StdoutLine: {'line': b'-- Up-to-date symlink: /home/public/MSE112_MPi5_Hiwonder_ROS2/ros2ws/install/turtlesim_msgs/include/turtlesim_msgs/turtlesim_msgs/srv/kill.h\n'}
[34.604869] (turtlesim_msgs) StdoutLine: {'line': b'-- Up-to-date symlink: /home/public/MSE112_MPi5_Hiwonder_ROS2/ros2ws/install/turtlesim_msgs/include/turtlesim_msgs/turtlesim_msgs/srv/set_pen.h\n'}
[34.605674] (turtlesim_msgs) StdoutLine: {'line': b'-- Up-to-date symlink: /home/public/MSE112_MPi5_Hiwonder_ROS2/ros2ws/install/turtlesim_msgs/include/turtlesim_msgs/turtlesim_msgs/srv/spawn.h\n'}
[34.606115] (turtlesim_msgs) StdoutLine: {'line': b'-- Up-to-date symlink: /home/public/MSE112_MPi5_Hiwonder_ROS2/ros2ws/install/turtlesim_msgs/include/turtlesim_msgs/turtlesim_msgs/srv/teleport_absolute.h\n'}
[34.607609] (turtlesim_msgs) StdoutLine: {'line': b'-- Up-to-date symlink: /home/public/MSE112_MPi5_Hiwonder_ROS2/ros2ws/install/turtlesim_msgs/include/turtlesim_msgs/turtlesim_msgs/srv/teleport_relative.h\n'}
[34.608629] (turtlesim_msgs) StdoutLine: {'line': b'-- Up-to-date symlink: /home/public/MSE112_MPi5_Hiwonder_ROS2/ros2ws/install/turtlesim_msgs/share/turtlesim_msgs/environment/library_path.sh\n'}
[34.609183] (turtlesim_msgs) StdoutLine: {'line': b'-- Up-to-date symlink: /home/public/MSE112_MPi5_Hiwonder_ROS2/ros2ws/install/turtlesim_msgs/share/turtlesim_msgs/environment/library_path.dsv\n'}
[34.610382] (turtlesim_msgs) StdoutLine: {'line': b'-- Up-to-date symlink: /home/public/MSE112_MPi5_Hiwonder_ROS2/ros2ws/install/turtlesim_msgs/include/turtlesim_msgs/turtlesim_msgs/action/detail/rotate_absolute__rosidl_typesupport_fastrtps_c.h\n'}
[34.610814] (turtlesim_msgs) StdoutLine: {'line': b'-- Up-to-date symlink: /home/public/MSE112_MPi5_Hiwonder_ROS2/ros2ws/install/turtlesim_msgs/include/turtlesim_msgs/turtlesim_msgs/msg/detail/color__rosidl_typesupport_fastrtps_c.h\n'}
[34.611309] (turtlesim_msgs) StdoutLine: {'line': b'-- Up-to-date symlink: /home/public/MSE112_MPi5_Hiwonder_ROS2/ros2ws/install/turtlesim_msgs/include/turtlesim_msgs/turtlesim_msgs/msg/detail/pose__rosidl_typesupport_fastrtps_c.h\n'}
[34.611749] (turtlesim_msgs) StdoutLine: {'line': b'-- Up-to-date symlink: /home/public/MSE112_MPi5_Hiwonder_ROS2/ros2ws/install/turtlesim_msgs/include/turtlesim_msgs/turtlesim_msgs/msg/rosidl_typesupport_fastrtps_c__visibility_control.h\n'}
[34.612194] (turtlesim_msgs) StdoutLine: {'line': b'-- Up-to-date symlink: /home/public/MSE112_MPi5_Hiwonder_ROS2/ros2ws/install/turtlesim_msgs/include/turtlesim_msgs/turtlesim_msgs/srv/detail/kill__rosidl_typesupport_fastrtps_c.h\n'}
[34.612634] (turtlesim_msgs) StdoutLine: {'line': b'-- Up-to-date symlink: /home/public/MSE112_MPi5_Hiwonder_ROS2/ros2ws/install/turtlesim_msgs/include/turtlesim_msgs/turtlesim_msgs/srv/detail/set_pen__rosidl_typesupport_fastrtps_c.h\n'}
[34.613088] (turtlesim_msgs) StdoutLine: {'line': b'-- Up-to-date symlink: /home/public/MSE112_MPi5_Hiwonder_ROS2/ros2ws/install/turtlesim_msgs/include/turtlesim_msgs/turtlesim_msgs/srv/detail/spawn__rosidl_typesupport_fastrtps_c.h\n'}
[34.613525] (turtlesim_msgs) StdoutLine: {'line': b'-- Up-to-date symlink: /home/public/MSE112_MPi5_Hiwonder_ROS2/ros2ws/install/turtlesim_msgs/include/turtlesim_msgs/turtlesim_msgs/srv/detail/teleport_absolute__rosidl_typesupport_fastrtps_c.h\n'}
[34.613968] (turtlesim_msgs) StdoutLine: {'line': b'-- Up-to-date symlink: /home/public/MSE112_MPi5_Hiwonder_ROS2/ros2ws/install/turtlesim_msgs/include/turtlesim_msgs/turtlesim_msgs/srv/detail/teleport_relative__rosidl_typesupport_fastrtps_c.h\n'}
[34.615221] (turtlesim_msgs) StdoutLine: {'line': b'-- Up-to-date symlink: /home/public/MSE112_MPi5_Hiwonder_ROS2/ros2ws/install/turtlesim_msgs/include/turtlesim_msgs/turtlesim_msgs/action/detail/rotate_absolute__builder.hpp\n'}
[34.615663] (turtlesim_msgs) StdoutLine: {'line': b'-- Up-to-date symlink: /home/public/MSE112_MPi5_Hiwonder_ROS2/ros2ws/install/turtlesim_msgs/include/turtlesim_msgs/turtlesim_msgs/action/detail/rotate_absolute__struct.hpp\n'}
[34.616106] (turtlesim_msgs) StdoutLine: {'line': b'-- Up-to-date symlink: /home/public/MSE112_MPi5_Hiwonder_ROS2/ros2ws/install/turtlesim_msgs/include/turtlesim_msgs/turtlesim_msgs/action/detail/rotate_absolute__traits.hpp\n'}
[34.616558] (turtlesim_msgs) StdoutLine: {'line': b'-- Up-to-date symlink: /home/public/MSE112_MPi5_Hiwonder_ROS2/ros2ws/install/turtlesim_msgs/include/turtlesim_msgs/turtlesim_msgs/action/detail/rotate_absolute__type_support.hpp\n'}
[34.617148] (turtlesim_msgs) StdoutLine: {'line': b'-- Up-to-date symlink: /home/public/MSE112_MPi5_Hiwonder_ROS2/ros2ws/install/turtlesim_msgs/include/turtlesim_msgs/turtlesim_msgs/action/rotate_absolute.hpp\n'}
[34.617586] (turtlesim_msgs) StdoutLine: {'line': b'-- Up-to-date symlink: /home/public/MSE112_MPi5_Hiwonder_ROS2/ros2ws/install/turtlesim_msgs/include/turtlesim_msgs/turtlesim_msgs/msg/color.hpp\n'}
[34.618042] (turtlesim_msgs) StdoutLine: {'line': b'-- Up-to-date symlink: /home/public/MSE112_MPi5_Hiwonder_ROS2/ros2ws/install/turtlesim_msgs/include/turtlesim_msgs/turtlesim_msgs/msg/detail/color__builder.hpp\n'}
[34.618475] (turtlesim_msgs) StdoutLine: {'line': b'-- Up-to-date symlink: /home/public/MSE112_MPi5_Hiwonder_ROS2/ros2ws/install/turtlesim_msgs/include/turtlesim_msgs/turtlesim_msgs/msg/detail/color__struct.hpp\n'}
[34.618902] (turtlesim_msgs) StdoutLine: {'line': b'-- Up-to-date symlink: /home/public/MSE112_MPi5_Hiwonder_ROS2/ros2ws/install/turtlesim_msgs/include/turtlesim_msgs/turtlesim_msgs/msg/detail/color__traits.hpp\n'}
[34.619343] (turtlesim_msgs) StdoutLine: {'line': b'-- Up-to-date symlink: /home/public/MSE112_MPi5_Hiwonder_ROS2/ros2ws/install/turtlesim_msgs/include/turtlesim_msgs/turtlesim_msgs/msg/detail/color__type_support.hpp\n'}
[34.619784] (turtlesim_msgs) StdoutLine: {'line': b'-- Up-to-date symlink: /home/public/MSE112_MPi5_Hiwonder_ROS2/ros2ws/install/turtlesim_msgs/include/turtlesim_msgs/turtlesim_msgs/msg/detail/pose__builder.hpp\n'}
[34.620229] (turtlesim_msgs) StdoutLine: {'line': b'-- Up-to-date symlink: /home/public/MSE112_MPi5_Hiwonder_ROS2/ros2ws/install/turtlesim_msgs/include/turtlesim_msgs/turtlesim_msgs/msg/detail/pose__struct.hpp\n'}
[34.620666] (turtlesim_msgs) StdoutLine: {'line': b'-- Up-to-date symlink: /home/public/MSE112_MPi5_Hiwonder_ROS2/ros2ws/install/turtlesim_msgs/include/turtlesim_msgs/turtlesim_msgs/msg/detail/pose__traits.hpp\n'}
[34.621117] (turtlesim_msgs) StdoutLine: {'line': b'-- Up-to-date symlink: /home/public/MSE112_MPi5_Hiwonder_ROS2/ros2ws/install/turtlesim_msgs/include/turtlesim_msgs/turtlesim_msgs/msg/detail/pose__type_support.hpp\n'}
[34.621552] (turtlesim_msgs) StdoutLine: {'line': b'-- Up-to-date symlink: /home/public/MSE112_MPi5_Hiwonder_ROS2/ros2ws/install/turtlesim_msgs/include/turtlesim_msgs/turtlesim_msgs/msg/pose.hpp\n'}
[34.622004] (turtlesim_msgs) StdoutLine: {'line': b'-- Up-to-date symlink: /home/public/MSE112_MPi5_Hiwonder_ROS2/ros2ws/install/turtlesim_msgs/include/turtlesim_msgs/turtlesim_msgs/msg/rosidl_generator_cpp__visibility_control.hpp\n'}
[34.622464] (turtlesim_msgs) StdoutLine: {'line': b'-- Up-to-date symlink: /home/public/MSE112_MPi5_Hiwonder_ROS2/ros2ws/install/turtlesim_msgs/include/turtlesim_msgs/turtlesim_msgs/srv/detail/kill__builder.hpp\n'}
[34.622917] (turtlesim_msgs) StdoutLine: {'line': b'-- Up-to-date symlink: /home/public/MSE112_MPi5_Hiwonder_ROS2/ros2ws/install/turtlesim_msgs/include/turtlesim_msgs/turtlesim_msgs/srv/detail/kill__struct.hpp\n'}
[34.623364] (turtlesim_msgs) StdoutLine: {'line': b'-- Up-to-date symlink: /home/public/MSE112_MPi5_Hiwonder_ROS2/ros2ws/install/turtlesim_msgs/include/turtlesim_msgs/turtlesim_msgs/srv/detail/kill__traits.hpp\n'}
[34.623804] (turtlesim_msgs) StdoutLine: {'line': b'-- Up-to-date symlink: /home/public/MSE112_MPi5_Hiwonder_ROS2/ros2ws/install/turtlesim_msgs/include/turtlesim_msgs/turtlesim_msgs/srv/detail/kill__type_support.hpp\n'}
[34.624295] (turtlesim_msgs) StdoutLine: {'line': b'-- Up-to-date symlink: /home/public/MSE112_MPi5_Hiwonder_ROS2/ros2ws/install/turtlesim_msgs/include/turtlesim_msgs/turtlesim_msgs/srv/detail/set_pen__builder.hpp\n'}
[34.624750] (turtlesim_msgs) StdoutLine: {'line': b'-- Up-to-date symlink: /home/public/MSE112_MPi5_Hiwonder_ROS2/ros2ws/install/turtlesim_msgs/include/turtlesim_msgs/turtlesim_msgs/srv/detail/set_pen__struct.hpp\n'}
[34.625219] (turtlesim_msgs) StdoutLine: {'line': b'-- Up-to-date symlink: /home/public/MSE112_MPi5_Hiwonder_ROS2/ros2ws/install/turtlesim_msgs/include/turtlesim_msgs/turtlesim_msgs/srv/detail/set_pen__traits.hpp\n'}
[34.625673] (turtlesim_msgs) StdoutLine: {'line': b'-- Up-to-date symlink: /home/public/MSE112_MPi5_Hiwonder_ROS2/ros2ws/install/turtlesim_msgs/include/turtlesim_msgs/turtlesim_msgs/srv/detail/set_pen__type_support.hpp\n'}
[34.626128] (turtlesim_msgs) StdoutLine: {'line': b'-- Up-to-date symlink: /home/public/MSE112_MPi5_Hiwonder_ROS2/ros2ws/install/turtlesim_msgs/include/turtlesim_msgs/turtlesim_msgs/srv/detail/spawn__builder.hpp\n'}
[34.626591] (turtlesim_msgs) StdoutLine: {'line': b'-- Up-to-date symlink: /home/public/MSE112_MPi5_Hiwonder_ROS2/ros2ws/install/turtlesim_msgs/include/turtlesim_msgs/turtlesim_msgs/srv/detail/spawn__struct.hpp\n'}
[34.627055] (turtlesim_msgs) StdoutLine: {'line': b'-- Up-to-date symlink: /home/public/MSE112_MPi5_Hiwonder_ROS2/ros2ws/install/turtlesim_msgs/include/turtlesim_msgs/turtlesim_msgs/srv/detail/spawn__traits.hpp\n'}
[34.627483] (turtlesim_msgs) StdoutLine: {'line': b'-- Up-to-date symlink: /home/public/MSE112_MPi5_Hiwonder_ROS2/ros2ws/install/turtlesim_msgs/include/turtlesim_msgs/turtlesim_msgs/srv/detail/spawn__type_support.hpp\n'}
[34.627919] (turtlesim_msgs) StdoutLine: {'line': b'-- Up-to-date symlink: /home/public/MSE112_MPi5_Hiwonder_ROS2/ros2ws/install/turtlesim_msgs/include/turtlesim_msgs/turtlesim_msgs/srv/detail/teleport_absolute__builder.hpp\n'}
[34.628390] (turtlesim_msgs) StdoutLine: {'line': b'-- Up-to-date symlink: /home/public/MSE112_MPi5_Hiwonder_ROS2/ros2ws/install/turtlesim_msgs/include/turtlesim_msgs/turtlesim_msgs/srv/detail/teleport_absolute__struct.hpp\n'}
[34.628839] (turtlesim_msgs) StdoutLine: {'line': b'-- Up-to-date symlink: /home/public/MSE112_MPi5_Hiwonder_ROS2/ros2ws/install/turtlesim_msgs/include/turtlesim_msgs/turtlesim_msgs/srv/detail/teleport_absolute__traits.hpp\n'}
[34.629291] (turtlesim_msgs) StdoutLine: {'line': b'-- Up-to-date symlink: /home/public/MSE112_MPi5_Hiwonder_ROS2/ros2ws/install/turtlesim_msgs/include/turtlesim_msgs/turtlesim_msgs/srv/detail/teleport_absolute__type_support.hpp\n'}
[34.629722] (turtlesim_msgs) StdoutLine: {'line': b'-- Up-to-date symlink: /home/public/MSE112_MPi5_Hiwonder_ROS2/ros2ws/install/turtlesim_msgs/include/turtlesim_msgs/turtlesim_msgs/srv/detail/teleport_relative__builder.hpp\n'}
[34.630155] (turtlesim_msgs) StdoutLine: {'line': b'-- Up-to-date symlink: /home/public/MSE112_MPi5_Hiwonder_ROS2/ros2ws/install/turtlesim_msgs/include/turtlesim_msgs/turtlesim_msgs/srv/detail/teleport_relative__struct.hpp\n'}
[34.630590] (turtlesim_msgs) StdoutLine: {'line': b'-- Up-to-date symlink: /home/public/MSE112_MPi5_Hiwonder_ROS2/ros2ws/install/turtlesim_msgs/include/turtlesim_msgs/turtlesim_msgs/srv/detail/teleport_relative__traits.hpp\n'}
[34.631044] (turtlesim_msgs) StdoutLine: {'line': b'-- Up-to-date symlink: /home/public/MSE112_MPi5_Hiwonder_ROS2/ros2ws/install/turtlesim_msgs/include/turtlesim_msgs/turtlesim_msgs/srv/detail/teleport_relative__type_support.hpp\n'}
[34.631476] (turtlesim_msgs) StdoutLine: {'line': b'-- Up-to-date symlink: /home/public/MSE112_MPi5_Hiwonder_ROS2/ros2ws/install/turtlesim_msgs/include/turtlesim_msgs/turtlesim_msgs/srv/kill.hpp\n'}
[34.631907] (turtlesim_msgs) StdoutLine: {'line': b'-- Up-to-date symlink: /home/public/MSE112_MPi5_Hiwonder_ROS2/ros2ws/install/turtlesim_msgs/include/turtlesim_msgs/turtlesim_msgs/srv/set_pen.hpp\n'}
[34.632337] (turtlesim_msgs) StdoutLine: {'line': b'-- Up-to-date symlink: /home/public/MSE112_MPi5_Hiwonder_ROS2/ros2ws/install/turtlesim_msgs/include/turtlesim_msgs/turtlesim_msgs/srv/spawn.hpp\n'}
[34.632762] (turtlesim_msgs) StdoutLine: {'line': b'-- Up-to-date symlink: /home/public/MSE112_MPi5_Hiwonder_ROS2/ros2ws/install/turtlesim_msgs/include/turtlesim_msgs/turtlesim_msgs/srv/teleport_absolute.hpp\n'}
[34.633202] (turtlesim_msgs) StdoutLine: {'line': b'-- Up-to-date symlink: /home/public/MSE112_MPi5_Hiwonder_ROS2/ros2ws/install/turtlesim_msgs/include/turtlesim_msgs/turtlesim_msgs/srv/teleport_relative.hpp\n'}
[34.634524] (turtlesim_msgs) StdoutLine: {'line': b'-- Up-to-date symlink: /home/public/MSE112_MPi5_Hiwonder_ROS2/ros2ws/install/turtlesim_msgs/include/turtlesim_msgs/turtlesim_msgs/action/detail/rotate_absolute__rosidl_typesupport_fastrtps_cpp.hpp\n'}
[34.634967] (turtlesim_msgs) StdoutLine: {'line': b'-- Up-to-date symlink: /home/public/MSE112_MPi5_Hiwonder_ROS2/ros2ws/install/turtlesim_msgs/include/turtlesim_msgs/turtlesim_msgs/msg/detail/color__rosidl_typesupport_fastrtps_cpp.hpp\n'}
[34.635427] (turtlesim_msgs) StdoutLine: {'line': b'-- Up-to-date symlink: /home/public/MSE112_MPi5_Hiwonder_ROS2/ros2ws/install/turtlesim_msgs/include/turtlesim_msgs/turtlesim_msgs/msg/detail/pose__rosidl_typesupport_fastrtps_cpp.hpp\n'}
[34.635858] (turtlesim_msgs) StdoutLine: {'line': b'-- Up-to-date symlink: /home/public/MSE112_MPi5_Hiwonder_ROS2/ros2ws/install/turtlesim_msgs/include/turtlesim_msgs/turtlesim_msgs/msg/rosidl_typesupport_fastrtps_cpp__visibility_control.h\n'}
[34.636301] (turtlesim_msgs) StdoutLine: {'line': b'-- Up-to-date symlink: /home/public/MSE112_MPi5_Hiwonder_ROS2/ros2ws/install/turtlesim_msgs/include/turtlesim_msgs/turtlesim_msgs/srv/detail/kill__rosidl_typesupport_fastrtps_cpp.hpp\n'}
[34.636734] (turtlesim_msgs) StdoutLine: {'line': b'-- Up-to-date symlink: /home/public/MSE112_MPi5_Hiwonder_ROS2/ros2ws/install/turtlesim_msgs/include/turtlesim_msgs/turtlesim_msgs/srv/detail/set_pen__rosidl_typesupport_fastrtps_cpp.hpp\n'}
[34.637170] (turtlesim_msgs) StdoutLine: {'line': b'-- Up-to-date symlink: /home/public/MSE112_MPi5_Hiwonder_ROS2/ros2ws/install/turtlesim_msgs/include/turtlesim_msgs/turtlesim_msgs/srv/detail/spawn__rosidl_typesupport_fastrtps_cpp.hpp\n'}
[34.637628] (turtlesim_msgs) StdoutLine: {'line': b'-- Up-to-date symlink: /home/public/MSE112_MPi5_Hiwonder_ROS2/ros2ws/install/turtlesim_msgs/include/turtlesim_msgs/turtlesim_msgs/srv/detail/teleport_absolute__rosidl_typesupport_fastrtps_cpp.hpp\n'}
[34.638098] (turtlesim_msgs) StdoutLine: {'line': b'-- Up-to-date symlink: /home/public/MSE112_MPi5_Hiwonder_ROS2/ros2ws/install/turtlesim_msgs/include/turtlesim_msgs/turtlesim_msgs/srv/detail/teleport_relative__rosidl_typesupport_fastrtps_cpp.hpp\n'}
[34.639017] (turtlesim_msgs) StdoutLine: {'line': b'-- Up-to-date symlink: /home/public/MSE112_MPi5_Hiwonder_ROS2/ros2ws/install/turtlesim_msgs/include/turtlesim_msgs/turtlesim_msgs/action/detail/rotate_absolute__rosidl_typesupport_introspection_c.h\n'}
[34.639436] (turtlesim_msgs) StdoutLine: {'line': b'-- Up-to-date symlink: /home/public/MSE112_MPi5_Hiwonder_ROS2/ros2ws/install/turtlesim_msgs/include/turtlesim_msgs/turtlesim_msgs/msg/detail/color__rosidl_typesupport_introspection_c.h\n'}
[34.639856] (turtlesim_msgs) StdoutLine: {'line': b'-- Up-to-date symlink: /home/public/MSE112_MPi5_Hiwonder_ROS2/ros2ws/install/turtlesim_msgs/include/turtlesim_msgs/turtlesim_msgs/msg/detail/pose__rosidl_typesupport_introspection_c.h\n'}
[34.640425] (turtlesim_msgs) StdoutLine: {'line': b'-- Up-to-date symlink: /home/public/MSE112_MPi5_Hiwonder_ROS2/ros2ws/install/turtlesim_msgs/include/turtlesim_msgs/turtlesim_msgs/msg/rosidl_typesupport_introspection_c__visibility_control.h\n'}
[34.640862] (turtlesim_msgs) StdoutLine: {'line': b'-- Up-to-date symlink: /home/public/MSE112_MPi5_Hiwonder_ROS2/ros2ws/install/turtlesim_msgs/include/turtlesim_msgs/turtlesim_msgs/srv/detail/kill__rosidl_typesupport_introspection_c.h\n'}
[34.641337] (turtlesim_msgs) StdoutLine: {'line': b'-- Up-to-date symlink: /home/public/MSE112_MPi5_Hiwonder_ROS2/ros2ws/install/turtlesim_msgs/include/turtlesim_msgs/turtlesim_msgs/srv/detail/set_pen__rosidl_typesupport_introspection_c.h\n'}
[34.641803] (turtlesim_msgs) StdoutLine: {'line': b'-- Up-to-date symlink: /home/public/MSE112_MPi5_Hiwonder_ROS2/ros2ws/install/turtlesim_msgs/include/turtlesim_msgs/turtlesim_msgs/srv/detail/spawn__rosidl_typesupport_introspection_c.h\n'}
[34.642293] (turtlesim_msgs) StdoutLine: {'line': b'-- Up-to-date symlink: /home/public/MSE112_MPi5_Hiwonder_ROS2/ros2ws/install/turtlesim_msgs/include/turtlesim_msgs/turtlesim_msgs/srv/detail/teleport_absolute__rosidl_typesupport_introspection_c.h\n'}
[34.642763] (turtlesim_msgs) StdoutLine: {'line': b'-- Up-to-date symlink: /home/public/MSE112_MPi5_Hiwonder_ROS2/ros2ws/install/turtlesim_msgs/include/turtlesim_msgs/turtlesim_msgs/srv/detail/teleport_relative__rosidl_typesupport_introspection_c.h\n'}
[34.643754] (turtlesim_msgs) StdoutLine: {'line': b'-- Up-to-date symlink: /home/public/MSE112_MPi5_Hiwonder_ROS2/ros2ws/install/turtlesim_msgs/include/turtlesim_msgs/turtlesim_msgs/action/detail/rotate_absolute__rosidl_typesupport_introspection_cpp.hpp\n'}
[34.644230] (turtlesim_msgs) StdoutLine: {'line': b'-- Up-to-date symlink: /home/public/MSE112_MPi5_Hiwonder_ROS2/ros2ws/install/turtlesim_msgs/include/turtlesim_msgs/turtlesim_msgs/msg/detail/color__rosidl_typesupport_introspection_cpp.hpp\n'}
[34.644699] (turtlesim_msgs) StdoutLine: {'line': b'-- Up-to-date symlink: /home/public/MSE112_MPi5_Hiwonder_ROS2/ros2ws/install/turtlesim_msgs/include/turtlesim_msgs/turtlesim_msgs/msg/detail/pose__rosidl_typesupport_introspection_cpp.hpp\n'}
[34.645155] (turtlesim_msgs) StdoutLine: {'line': b'-- Up-to-date symlink: /home/public/MSE112_MPi5_Hiwonder_ROS2/ros2ws/install/turtlesim_msgs/include/turtlesim_msgs/turtlesim_msgs/srv/detail/kill__rosidl_typesupport_introspection_cpp.hpp\n'}
[34.645603] (turtlesim_msgs) StdoutLine: {'line': b'-- Up-to-date symlink: /home/public/MSE112_MPi5_Hiwonder_ROS2/ros2ws/install/turtlesim_msgs/include/turtlesim_msgs/turtlesim_msgs/srv/detail/set_pen__rosidl_typesupport_introspection_cpp.hpp\n'}
[34.646054] (turtlesim_msgs) StdoutLine: {'line': b'-- Up-to-date symlink: /home/public/MSE112_MPi5_Hiwonder_ROS2/ros2ws/install/turtlesim_msgs/include/turtlesim_msgs/turtlesim_msgs/srv/detail/spawn__rosidl_typesupport_introspection_cpp.hpp\n'}
[34.646504] (turtlesim_msgs) StdoutLine: {'line': b'-- Up-to-date symlink: /home/public/MSE112_MPi5_Hiwonder_ROS2/ros2ws/install/turtlesim_msgs/include/turtlesim_msgs/turtlesim_msgs/srv/detail/teleport_absolute__rosidl_typesupport_introspection_cpp.hpp\n'}
[34.646976] (turtlesim_msgs) StdoutLine: {'line': b'-- Up-to-date symlink: /home/public/MSE112_MPi5_Hiwonder_ROS2/ros2ws/install/turtlesim_msgs/include/turtlesim_msgs/turtlesim_msgs/srv/detail/teleport_relative__rosidl_typesupport_introspection_cpp.hpp\n'}
[34.647578] (turtlesim_msgs) StdoutLine: {'line': b'-- Up-to-date symlink: /home/public/MSE112_MPi5_Hiwonder_ROS2/ros2ws/install/turtlesim_msgs/share/turtlesim_msgs/environment/pythonpath.sh\n'}
[34.651055] (turtlesim_msgs) StdoutLine: {'line': b'-- Up-to-date symlink: /home/public/MSE112_MPi5_Hiwonder_ROS2/ros2ws/install/turtlesim_msgs/share/turtlesim_msgs/environment/pythonpath.dsv\n'}
[34.652853] (turtlesim_msgs) StdoutLine: {'line': b'-- Up-to-date symlink: /home/public/MSE112_MPi5_Hiwonder_ROS2/ros2ws/install/turtlesim_msgs/lib/python3.14/site-packages/turtlesim_msgs/turtlesim_msgs_s__rosidl_typesupport_fastrtps_c.so\n'}
[34.653467] (turtlesim_msgs) StdoutLine: {'line': b'-- Up-to-date symlink: /home/public/MSE112_MPi5_Hiwonder_ROS2/ros2ws/install/turtlesim_msgs/lib/python3.14/site-packages/turtlesim_msgs/turtlesim_msgs_s__rosidl_typesupport_introspection_c.so\n'}
[34.654067] (turtlesim_msgs) StdoutLine: {'line': b'-- Up-to-date symlink: /home/public/MSE112_MPi5_Hiwonder_ROS2/ros2ws/install/turtlesim_msgs/lib/python3.14/site-packages/turtlesim_msgs/turtlesim_msgs_s__rosidl_typesupport_c.so\n'}
[34.654945] (turtlesim_msgs) StdoutLine: {'line': b'-- Up-to-date symlink: /home/public/MSE112_MPi5_Hiwonder_ROS2/ros2ws/install/turtlesim_msgs/share/ament_index/resource_index/rust_packages/turtlesim_msgs\n'}
[34.656157] (turtlesim_msgs) StdoutLine: {'line': b'-- Up-to-date symlink: /home/public/MSE112_MPi5_Hiwonder_ROS2/ros2ws/install/turtlesim_msgs/share/turtlesim_msgs/rust/Cargo.toml\n'}
[34.656613] (turtlesim_msgs) StdoutLine: {'line': b'-- Up-to-date symlink: /home/public/MSE112_MPi5_Hiwonder_ROS2/ros2ws/install/turtlesim_msgs/share/turtlesim_msgs/rust/build.rs\n'}
[34.657369] (turtlesim_msgs) StdoutLine: {'line': b'-- Up-to-date symlink: /home/public/MSE112_MPi5_Hiwonder_ROS2/ros2ws/install/turtlesim_msgs/share/turtlesim_msgs/rust/src/action.rs\n'}
[34.658125] (turtlesim_msgs) StdoutLine: {'line': b'-- Up-to-date symlink: /home/public/MSE112_MPi5_Hiwonder_ROS2/ros2ws/install/turtlesim_msgs/share/turtlesim_msgs/rust/src/action/rmw.rs\n'}
[34.658560] (turtlesim_msgs) StdoutLine: {'line': b'-- Up-to-date symlink: /home/public/MSE112_MPi5_Hiwonder_ROS2/ros2ws/install/turtlesim_msgs/share/turtlesim_msgs/rust/src/lib.rs\n'}
[34.658998] (turtlesim_msgs) StdoutLine: {'line': b'-- Up-to-date symlink: /home/public/MSE112_MPi5_Hiwonder_ROS2/ros2ws/install/turtlesim_msgs/share/turtlesim_msgs/rust/src/msg.rs\n'}
[34.659712] (turtlesim_msgs) StdoutLine: {'line': b'-- Up-to-date symlink: /home/public/MSE112_MPi5_Hiwonder_ROS2/ros2ws/install/turtlesim_msgs/share/turtlesim_msgs/rust/src/msg/rmw.rs\n'}
[34.660138] (turtlesim_msgs) StdoutLine: {'line': b'-- Up-to-date symlink: /home/public/MSE112_MPi5_Hiwonder_ROS2/ros2ws/install/turtlesim_msgs/share/turtlesim_msgs/rust/src/srv.rs\n'}
[34.660844] (turtlesim_msgs) StdoutLine: {'line': b'-- Up-to-date symlink: /home/public/MSE112_MPi5_Hiwonder_ROS2/ros2ws/install/turtlesim_msgs/share/turtlesim_msgs/rust/src/srv/rmw.rs\n'}
[34.661419] (turtlesim_msgs) StdoutLine: {'line': b'-- Up-to-date symlink: /home/public/MSE112_MPi5_Hiwonder_ROS2/ros2ws/install/turtlesim_msgs/share/turtlesim_msgs/action/RotateAbsolute.idl\n'}
[34.661998] (turtlesim_msgs) StdoutLine: {'line': b'-- Up-to-date symlink: /home/public/MSE112_MPi5_Hiwonder_ROS2/ros2ws/install/turtlesim_msgs/share/turtlesim_msgs/msg/Color.idl\n'}
[34.662561] (turtlesim_msgs) StdoutLine: {'line': b'-- Up-to-date symlink: /home/public/MSE112_MPi5_Hiwonder_ROS2/ros2ws/install/turtlesim_msgs/share/turtlesim_msgs/msg/Pose.idl\n'}
[34.663109] (turtlesim_msgs) StdoutLine: {'line': b'-- Up-to-date symlink: /home/public/MSE112_MPi5_Hiwonder_ROS2/ros2ws/install/turtlesim_msgs/share/turtlesim_msgs/srv/Kill.idl\n'}
[34.663654] (turtlesim_msgs) StdoutLine: {'line': b'-- Up-to-date symlink: /home/public/MSE112_MPi5_Hiwonder_ROS2/ros2ws/install/turtlesim_msgs/share/turtlesim_msgs/srv/SetPen.idl\n'}
[34.664203] (turtlesim_msgs) StdoutLine: {'line': b'-- Up-to-date symlink: /home/public/MSE112_MPi5_Hiwonder_ROS2/ros2ws/install/turtlesim_msgs/share/turtlesim_msgs/srv/Spawn.idl\n'}
[34.664745] (turtlesim_msgs) StdoutLine: {'line': b'-- Up-to-date symlink: /home/public/MSE112_MPi5_Hiwonder_ROS2/ros2ws/install/turtlesim_msgs/share/turtlesim_msgs/srv/TeleportAbsolute.idl\n'}
[34.665288] (turtlesim_msgs) StdoutLine: {'line': b'-- Up-to-date symlink: /home/public/MSE112_MPi5_Hiwonder_ROS2/ros2ws/install/turtlesim_msgs/share/turtlesim_msgs/srv/TeleportRelative.idl\n'}
[34.665850] (turtlesim_msgs) StdoutLine: {'line': b'-- Up-to-date symlink: /home/public/MSE112_MPi5_Hiwonder_ROS2/ros2ws/install/turtlesim_msgs/share/turtlesim_msgs/action/RotateAbsolute.action\n'}
[34.666375] (turtlesim_msgs) StdoutLine: {'line': b'-- Up-to-date symlink: /home/public/MSE112_MPi5_Hiwonder_ROS2/ros2ws/install/turtlesim_msgs/share/turtlesim_msgs/msg/Color.msg\n'}
[34.666903] (turtlesim_msgs) StdoutLine: {'line': b'-- Up-to-date symlink: /home/public/MSE112_MPi5_Hiwonder_ROS2/ros2ws/install/turtlesim_msgs/share/turtlesim_msgs/msg/Pose.msg\n'}
[34.667451] (turtlesim_msgs) StdoutLine: {'line': b'-- Up-to-date symlink: /home/public/MSE112_MPi5_Hiwonder_ROS2/ros2ws/install/turtlesim_msgs/share/turtlesim_msgs/srv/Kill.srv\n'}
[34.667996] (turtlesim_msgs) StdoutLine: {'line': b'-- Up-to-date symlink: /home/public/MSE112_MPi5_Hiwonder_ROS2/ros2ws/install/turtlesim_msgs/share/turtlesim_msgs/srv/SetPen.srv\n'}
[34.668533] (turtlesim_msgs) StdoutLine: {'line': b'-- Up-to-date symlink: /home/public/MSE112_MPi5_Hiwonder_ROS2/ros2ws/install/turtlesim_msgs/share/turtlesim_msgs/srv/Spawn.srv\n'}
[34.669080] (turtlesim_msgs) StdoutLine: {'line': b'-- Up-to-date symlink: /home/public/MSE112_MPi5_Hiwonder_ROS2/ros2ws/install/turtlesim_msgs/share/turtlesim_msgs/srv/TeleportAbsolute.srv\n'}
[34.669613] (turtlesim_msgs) StdoutLine: {'line': b'-- Up-to-date symlink: /home/public/MSE112_MPi5_Hiwonder_ROS2/ros2ws/install/turtlesim_msgs/share/turtlesim_msgs/srv/TeleportRelative.srv\n'}
[34.670479] (turtlesim_msgs) StdoutLine: {'line': b'-- Up-to-date symlink: /home/public/MSE112_MPi5_Hiwonder_ROS2/ros2ws/install/turtlesim_msgs/share/ament_index/resource_index/package_run_dependencies/turtlesim_msgs\n'}
[34.671342] (turtlesim_msgs) StdoutLine: {'line': b'-- Up-to-date symlink: /home/public/MSE112_MPi5_Hiwonder_ROS2/ros2ws/install/turtlesim_msgs/share/ament_index/resource_index/parent_prefix_path/turtlesim_msgs\n'}
[34.671884] (turtlesim_msgs) StdoutLine: {'line': b'-- Up-to-date symlink: /home/public/MSE112_MPi5_Hiwonder_ROS2/ros2ws/install/turtlesim_msgs/share/turtlesim_msgs/environment/ament_prefix_path.sh\n'}
[34.672436] (turtlesim_msgs) StdoutLine: {'line': b'-- Up-to-date symlink: /home/public/MSE112_MPi5_Hiwonder_ROS2/ros2ws/install/turtlesim_msgs/share/turtlesim_msgs/environment/ament_prefix_path.dsv\n'}
[34.672979] (turtlesim_msgs) StdoutLine: {'line': b'-- Up-to-date symlink: /home/public/MSE112_MPi5_Hiwonder_ROS2/ros2ws/install/turtlesim_msgs/share/turtlesim_msgs/environment/path.sh\n'}
[34.673495] (turtlesim_msgs) StdoutLine: {'line': b'-- Up-to-date symlink: /home/public/MSE112_MPi5_Hiwonder_ROS2/ros2ws/install/turtlesim_msgs/share/turtlesim_msgs/environment/path.dsv\n'}
[34.674025] (turtlesim_msgs) StdoutLine: {'line': b'-- Up-to-date symlink: /home/public/MSE112_MPi5_Hiwonder_ROS2/ros2ws/install/turtlesim_msgs/share/turtlesim_msgs/local_setup.bash\n'}
[34.674552] (turtlesim_msgs) StdoutLine: {'line': b'-- Up-to-date symlink: /home/public/MSE112_MPi5_Hiwonder_ROS2/ros2ws/install/turtlesim_msgs/share/turtlesim_msgs/local_setup.fish\n'}
[34.675079] (turtlesim_msgs) StdoutLine: {'line': b'-- Up-to-date symlink: /home/public/MSE112_MPi5_Hiwonder_ROS2/ros2ws/install/turtlesim_msgs/share/turtlesim_msgs/local_setup.sh\n'}
[34.675614] (turtlesim_msgs) StdoutLine: {'line': b'-- Up-to-date symlink: /home/public/MSE112_MPi5_Hiwonder_ROS2/ros2ws/install/turtlesim_msgs/share/turtlesim_msgs/local_setup.zsh\n'}
[34.676163] (turtlesim_msgs) StdoutLine: {'line': b'-- Up-to-date symlink: /home/public/MSE112_MPi5_Hiwonder_ROS2/ros2ws/install/turtlesim_msgs/share/turtlesim_msgs/local_setup.dsv\n'}
[34.676353] (turtlesim_msgs) StdoutLine: {'line': b'-- Symlinking: /home/public/MSE112_MPi5_Hiwonder_ROS2/ros2ws/install/turtlesim_msgs/share/turtlesim_msgs/package.dsv\n'}
[34.689826] (turtlesim_msgs) StdoutLine: {'line': b'-- Up-to-date symlink: /home/public/MSE112_MPi5_Hiwonder_ROS2/ros2ws/install/turtlesim_msgs/share/ament_index/resource_index/packages/turtlesim_msgs\n'}
[34.690826] (turtlesim_msgs) StdoutLine: {'line': b'-- Up-to-date symlink: /home/public/MSE112_MPi5_Hiwonder_ROS2/ros2ws/install/turtlesim_msgs/lib/python3.14/site-packages/turtlesim_msgs-1.10.9-py3.14.egg-info/PKG-INFO\n'}
[34.691265] (turtlesim_msgs) StdoutLine: {'line': b'-- Up-to-date symlink: /home/public/MSE112_MPi5_Hiwonder_ROS2/ros2ws/install/turtlesim_msgs/lib/python3.14/site-packages/turtlesim_msgs-1.10.9-py3.14.egg-info/SOURCES.txt\n'}
[34.691701] (turtlesim_msgs) StdoutLine: {'line': b'-- Up-to-date symlink: /home/public/MSE112_MPi5_Hiwonder_ROS2/ros2ws/install/turtlesim_msgs/lib/python3.14/site-packages/turtlesim_msgs-1.10.9-py3.14.egg-info/dependency_links.txt\n'}
[34.692130] (turtlesim_msgs) StdoutLine: {'line': b'-- Up-to-date symlink: /home/public/MSE112_MPi5_Hiwonder_ROS2/ros2ws/install/turtlesim_msgs/lib/python3.14/site-packages/turtlesim_msgs-1.10.9-py3.14.egg-info/top_level.txt\n'}
[34.693443] (turtlesim_msgs) StdoutLine: {'line': b'-- Up-to-date symlink: /home/public/MSE112_MPi5_Hiwonder_ROS2/ros2ws/install/turtlesim_msgs/lib/python3.14/site-packages/turtlesim_msgs/__init__.py\n'}
[34.693882] (turtlesim_msgs) StdoutLine: {'line': b'-- Up-to-date symlink: /home/public/MSE112_MPi5_Hiwonder_ROS2/ros2ws/install/turtlesim_msgs/lib/python3.14/site-packages/turtlesim_msgs/_turtlesim_msgs_s.ep.rosidl_typesupport_c.c\n'}
[34.694336] (turtlesim_msgs) StdoutLine: {'line': b'-- Up-to-date symlink: /home/public/MSE112_MPi5_Hiwonder_ROS2/ros2ws/install/turtlesim_msgs/lib/python3.14/site-packages/turtlesim_msgs/_turtlesim_msgs_s.ep.rosidl_typesupport_fastrtps_c.c\n'}
[34.694785] (turtlesim_msgs) StdoutLine: {'line': b'-- Up-to-date symlink: /home/public/MSE112_MPi5_Hiwonder_ROS2/ros2ws/install/turtlesim_msgs/lib/python3.14/site-packages/turtlesim_msgs/_turtlesim_msgs_s.ep.rosidl_typesupport_introspection_c.c\n'}
[34.695546] (turtlesim_msgs) StdoutLine: {'line': b'-- Up-to-date symlink: /home/public/MSE112_MPi5_Hiwonder_ROS2/ros2ws/install/turtlesim_msgs/lib/python3.14/site-packages/turtlesim_msgs/action/__init__.py\n'}
[34.695999] (turtlesim_msgs) StdoutLine: {'line': b'-- Up-to-date symlink: /home/public/MSE112_MPi5_Hiwonder_ROS2/ros2ws/install/turtlesim_msgs/lib/python3.14/site-packages/turtlesim_msgs/action/_rotate_absolute.py\n'}
[34.696432] (turtlesim_msgs) StdoutLine: {'line': b'-- Up-to-date symlink: /home/public/MSE112_MPi5_Hiwonder_ROS2/ros2ws/install/turtlesim_msgs/lib/python3.14/site-packages/turtlesim_msgs/action/_rotate_absolute_s.c\n'}
[34.697161] (turtlesim_msgs) StdoutLine: {'line': b'-- Up-to-date symlink: /home/public/MSE112_MPi5_Hiwonder_ROS2/ros2ws/install/turtlesim_msgs/lib/python3.14/site-packages/turtlesim_msgs/msg/__init__.py\n'}
[34.697588] (turtlesim_msgs) StdoutLine: {'line': b'-- Up-to-date symlink: /home/public/MSE112_MPi5_Hiwonder_ROS2/ros2ws/install/turtlesim_msgs/lib/python3.14/site-packages/turtlesim_msgs/msg/_color.py\n'}
[34.698028] (turtlesim_msgs) StdoutLine: {'line': b'-- Up-to-date symlink: /home/public/MSE112_MPi5_Hiwonder_ROS2/ros2ws/install/turtlesim_msgs/lib/python3.14/site-packages/turtlesim_msgs/msg/_color_s.c\n'}
[34.698465] (turtlesim_msgs) StdoutLine: {'line': b'-- Up-to-date symlink: /home/public/MSE112_MPi5_Hiwonder_ROS2/ros2ws/install/turtlesim_msgs/lib/python3.14/site-packages/turtlesim_msgs/msg/_pose.py\n'}
[34.698908] (turtlesim_msgs) StdoutLine: {'line': b'-- Up-to-date symlink: /home/public/MSE112_MPi5_Hiwonder_ROS2/ros2ws/install/turtlesim_msgs/lib/python3.14/site-packages/turtlesim_msgs/msg/_pose_s.c\n'}
[34.699349] (turtlesim_msgs) StdoutLine: {'line': b'-- Up-to-date symlink: /home/public/MSE112_MPi5_Hiwonder_ROS2/ros2ws/install/turtlesim_msgs/lib/python3.14/site-packages/turtlesim_msgs/py.typed\n'}
[34.700049] (turtlesim_msgs) StdoutLine: {'line': b'-- Up-to-date symlink: /home/public/MSE112_MPi5_Hiwonder_ROS2/ros2ws/install/turtlesim_msgs/lib/python3.14/site-packages/turtlesim_msgs/srv/__init__.py\n'}
[34.700477] (turtlesim_msgs) StdoutLine: {'line': b'-- Up-to-date symlink: /home/public/MSE112_MPi5_Hiwonder_ROS2/ros2ws/install/turtlesim_msgs/lib/python3.14/site-packages/turtlesim_msgs/srv/_kill.py\n'}
[34.700937] (turtlesim_msgs) StdoutLine: {'line': b'-- Up-to-date symlink: /home/public/MSE112_MPi5_Hiwonder_ROS2/ros2ws/install/turtlesim_msgs/lib/python3.14/site-packages/turtlesim_msgs/srv/_kill_s.c\n'}
[34.701391] (turtlesim_msgs) StdoutLine: {'line': b'-- Up-to-date symlink: /home/public/MSE112_MPi5_Hiwonder_ROS2/ros2ws/install/turtlesim_msgs/lib/python3.14/site-packages/turtlesim_msgs/srv/_set_pen.py\n'}
[34.701827] (turtlesim_msgs) StdoutLine: {'line': b'-- Up-to-date symlink: /home/public/MSE112_MPi5_Hiwonder_ROS2/ros2ws/install/turtlesim_msgs/lib/python3.14/site-packages/turtlesim_msgs/srv/_set_pen_s.c\n'}
[34.702277] (turtlesim_msgs) StdoutLine: {'line': b'-- Up-to-date symlink: /home/public/MSE112_MPi5_Hiwonder_ROS2/ros2ws/install/turtlesim_msgs/lib/python3.14/site-packages/turtlesim_msgs/srv/_spawn.py\n'}
[34.702720] (turtlesim_msgs) StdoutLine: {'line': b'-- Up-to-date symlink: /home/public/MSE112_MPi5_Hiwonder_ROS2/ros2ws/install/turtlesim_msgs/lib/python3.14/site-packages/turtlesim_msgs/srv/_spawn_s.c\n'}
[34.703193] (-) TimerEvent: {}
[34.703485] (turtlesim_msgs) StdoutLine: {'line': b'-- Up-to-date symlink: /home/public/MSE112_MPi5_Hiwonder_ROS2/ros2ws/install/turtlesim_msgs/lib/python3.14/site-packages/turtlesim_msgs/srv/_teleport_absolute.py\n'}
[34.703954] (turtlesim_msgs) StdoutLine: {'line': b'-- Up-to-date symlink: /home/public/MSE112_MPi5_Hiwonder_ROS2/ros2ws/install/turtlesim_msgs/lib/python3.14/site-packages/turtlesim_msgs/srv/_teleport_absolute_s.c\n'}
[34.704442] (turtlesim_msgs) StdoutLine: {'line': b'-- Up-to-date symlink: /home/public/MSE112_MPi5_Hiwonder_ROS2/ros2ws/install/turtlesim_msgs/lib/python3.14/site-packages/turtlesim_msgs/srv/_teleport_relative.py\n'}
[34.704928] (turtlesim_msgs) StdoutLine: {'line': b'-- Up-to-date symlink: /home/public/MSE112_MPi5_Hiwonder_ROS2/ros2ws/install/turtlesim_msgs/lib/python3.14/site-packages/turtlesim_msgs/srv/_teleport_relative_s.c\n'}
[34.705128] (turtlesim_msgs) StdoutLine: {'line': b'-- Up-to-date symlink: /home/public/MSE112_MPi5_Hiwonder_ROS2/ros2ws/install/turtlesim_msgs/lib/python3.14/site-packages/turtlesim_msgs/turtlesim_msgs_s__rosidl_typesupport_c.so\n'}
[34.705745] (turtlesim_msgs) StdoutLine: {'line': b'-- Up-to-date symlink: /home/public/MSE112_MPi5_Hiwonder_ROS2/ros2ws/install/turtlesim_msgs/lib/python3.14/site-packages/turtlesim_msgs/turtlesim_msgs_s__rosidl_typesupport_fastrtps_c.so\n'}
[34.705929] (turtlesim_msgs) StdoutLine: {'line': b'-- Up-to-date symlink: /home/public/MSE112_MPi5_Hiwonder_ROS2/ros2ws/install/turtlesim_msgs/lib/python3.14/site-packages/turtlesim_msgs/turtlesim_msgs_s__rosidl_typesupport_introspection_c.so\n'}
[34.706653] (turtlesim_msgs) StdoutLine: {'line': b'-- Up-to-date symlink: /home/public/MSE112_MPi5_Hiwonder_ROS2/ros2ws/install/turtlesim_msgs/share/turtlesim_msgs/cmake/rosidl_cmake-extras.cmake\n'}
[34.707570] (turtlesim_msgs) StdoutLine: {'line': b'-- Up-to-date symlink: /home/public/MSE112_MPi5_Hiwonder_ROS2/ros2ws/install/turtlesim_msgs/share/turtlesim_msgs/cmake/ament_cmake_export_dependencies-extras.cmake\n'}
[34.708286] (turtlesim_msgs) StdoutLine: {'line': b'-- Up-to-date symlink: /home/public/MSE112_MPi5_Hiwonder_ROS2/ros2ws/install/turtlesim_msgs/share/turtlesim_msgs/cmake/ament_cmake_export_include_directories-extras.cmake\n'}
[34.708903] (turtlesim_msgs) StdoutLine: {'line': b'-- Up-to-date symlink: /home/public/MSE112_MPi5_Hiwonder_ROS2/ros2ws/install/turtlesim_msgs/share/turtlesim_msgs/cmake/ament_cmake_export_libraries-extras.cmake\n'}
[34.709519] (turtlesim_msgs) StdoutLine: {'line': b'-- Up-to-date symlink: /home/public/MSE112_MPi5_Hiwonder_ROS2/ros2ws/install/turtlesim_msgs/share/turtlesim_msgs/cmake/ament_cmake_export_targets-extras.cmake\n'}
[34.710243] (turtlesim_msgs) StdoutLine: {'line': b'-- Up-to-date symlink: /home/public/MSE112_MPi5_Hiwonder_ROS2/ros2ws/install/turtlesim_msgs/share/turtlesim_msgs/cmake/rosidl_cmake_export_typesupport_targets-extras.cmake\n'}
[34.710782] (turtlesim_msgs) StdoutLine: {'line': b'-- Up-to-date symlink: /home/public/MSE112_MPi5_Hiwonder_ROS2/ros2ws/install/turtlesim_msgs/share/turtlesim_msgs/cmake/rosidl_cmake_export_typesupport_libraries-extras.cmake\n'}
[34.711425] (turtlesim_msgs) StdoutLine: {'line': b'-- Up-to-date symlink: /home/public/MSE112_MPi5_Hiwonder_ROS2/ros2ws/install/turtlesim_msgs/share/turtlesim_msgs/cmake/rosidl_cmake_aggregate_target-extras.cmake\n'}
[34.712026] (turtlesim_msgs) StdoutLine: {'line': b'-- Up-to-date symlink: /home/public/MSE112_MPi5_Hiwonder_ROS2/ros2ws/install/turtlesim_msgs/share/turtlesim_msgs/cmake/turtlesim_msgsConfig.cmake\n'}
[34.712492] (turtlesim_msgs) StdoutLine: {'line': b'-- Up-to-date symlink: /home/public/MSE112_MPi5_Hiwonder_ROS2/ros2ws/install/turtlesim_msgs/share/turtlesim_msgs/cmake/turtlesim_msgsConfig-version.cmake\n'}
[34.713043] (turtlesim_msgs) StdoutLine: {'line': b'-- Up-to-date symlink: /home/public/MSE112_MPi5_Hiwonder_ROS2/ros2ws/install/turtlesim_msgs/share/turtlesim_msgs/package.xml\n'}
[34.714735] (turtlesim_msgs) StdoutLine: {'line': b'-- Installing: /home/public/MSE112_MPi5_Hiwonder_ROS2/ros2ws/install/turtlesim_msgs/lib/libturtlesim_msgs__rosidl_generator_c.so\n'}
[34.715681] (turtlesim_msgs) StdoutLine: {'line': b'-- Set non-toolchain portion of runtime path of "/home/public/MSE112_MPi5_Hiwonder_ROS2/ros2ws/install/turtlesim_msgs/lib/libturtlesim_msgs__rosidl_generator_c.so" to ""\n'}
[34.717145] (turtlesim_msgs) StdoutLine: {'line': b'-- Installing: /home/public/MSE112_MPi5_Hiwonder_ROS2/ros2ws/install/turtlesim_msgs/lib/libturtlesim_msgs__rosidl_typesupport_fastrtps_c.so\n'}
[34.717845] (turtlesim_msgs) StdoutLine: {'line': b'-- Set non-toolchain portion of runtime path of "/home/public/MSE112_MPi5_Hiwonder_ROS2/ros2ws/install/turtlesim_msgs/lib/libturtlesim_msgs__rosidl_typesupport_fastrtps_c.so" to ""\n'}
[34.719401] (turtlesim_msgs) StdoutLine: {'line': b'-- Installing: /home/public/MSE112_MPi5_Hiwonder_ROS2/ros2ws/install/turtlesim_msgs/lib/libturtlesim_msgs__rosidl_typesupport_fastrtps_cpp.so\n'}
[34.720741] (turtlesim_msgs) StdoutLine: {'line': b'-- Set non-toolchain portion of runtime path of "/home/public/MSE112_MPi5_Hiwonder_ROS2/ros2ws/install/turtlesim_msgs/lib/libturtlesim_msgs__rosidl_typesupport_fastrtps_cpp.so" to ""\n'}
[34.722337] (turtlesim_msgs) StdoutLine: {'line': b'-- Installing: /home/public/MSE112_MPi5_Hiwonder_ROS2/ros2ws/install/turtlesim_msgs/lib/libturtlesim_msgs__rosidl_typesupport_introspection_c.so\n'}
[34.723032] (turtlesim_msgs) StdoutLine: {'line': b'-- Set non-toolchain portion of runtime path of "/home/public/MSE112_MPi5_Hiwonder_ROS2/ros2ws/install/turtlesim_msgs/lib/libturtlesim_msgs__rosidl_typesupport_introspection_c.so" to ""\n'}
[34.724554] (turtlesim_msgs) StdoutLine: {'line': b'-- Installing: /home/public/MSE112_MPi5_Hiwonder_ROS2/ros2ws/install/turtlesim_msgs/lib/libturtlesim_msgs__rosidl_typesupport_c.so\n'}
[34.725079] (turtlesim_msgs) StdoutLine: {'line': b'-- Set non-toolchain portion of runtime path of "/home/public/MSE112_MPi5_Hiwonder_ROS2/ros2ws/install/turtlesim_msgs/lib/libturtlesim_msgs__rosidl_typesupport_c.so" to ""\n'}
[34.726574] (turtlesim_msgs) StdoutLine: {'line': b'-- Installing: /home/public/MSE112_MPi5_Hiwonder_ROS2/ros2ws/install/turtlesim_msgs/lib/libturtlesim_msgs__rosidl_typesupport_introspection_cpp.so\n'}
[34.727816] (turtlesim_msgs) StdoutLine: {'line': b'-- Set non-toolchain portion of runtime path of "/home/public/MSE112_MPi5_Hiwonder_ROS2/ros2ws/install/turtlesim_msgs/lib/libturtlesim_msgs__rosidl_typesupport_introspection_cpp.so" to ""\n'}
[34.729225] (turtlesim_msgs) StdoutLine: {'line': b'-- Installing: /home/public/MSE112_MPi5_Hiwonder_ROS2/ros2ws/install/turtlesim_msgs/lib/libturtlesim_msgs__rosidl_typesupport_cpp.so\n'}
[34.730228] (turtlesim_msgs) StdoutLine: {'line': b'-- Set non-toolchain portion of runtime path of "/home/public/MSE112_MPi5_Hiwonder_ROS2/ros2ws/install/turtlesim_msgs/lib/libturtlesim_msgs__rosidl_typesupport_cpp.so" to ""\n'}
[34.731888] (turtlesim_msgs) StdoutLine: {'line': b'-- Installing: /home/public/MSE112_MPi5_Hiwonder_ROS2/ros2ws/install/turtlesim_msgs/lib/libturtlesim_msgs__rosidl_generator_py.so\n'}
[34.732444] (turtlesim_msgs) StdoutLine: {'line': b'-- Set non-toolchain portion of runtime path of "/home/public/MSE112_MPi5_Hiwonder_ROS2/ros2ws/install/turtlesim_msgs/lib/libturtlesim_msgs__rosidl_generator_py.so" to ""\n'}
[34.733363] (turtlesim_msgs) StdoutLine: {'line': b'-- Up-to-date: /home/public/MSE112_MPi5_Hiwonder_ROS2/ros2ws/install/turtlesim_msgs/share/turtlesim_msgs/cmake/export_turtlesim_msgs__rosidl_generator_cExport.cmake\n'}
[34.733471] (turtlesim_msgs) StdoutLine: {'line': b'-- Up-to-date: /home/public/MSE112_MPi5_Hiwonder_ROS2/ros2ws/install/turtlesim_msgs/share/turtlesim_msgs/cmake/export_turtlesim_msgs__rosidl_generator_cExport-noconfig.cmake\n'}
[34.733865] (turtlesim_msgs) StdoutLine: {'line': b'-- Up-to-date: /home/public/MSE112_MPi5_Hiwonder_ROS2/ros2ws/install/turtlesim_msgs/share/turtlesim_msgs/cmake/export_turtlesim_msgs__rosidl_typesupport_fastrtps_cExport.cmake\n'}
[34.734002] (turtlesim_msgs) StdoutLine: {'line': b'-- Up-to-date: /home/public/MSE112_MPi5_Hiwonder_ROS2/ros2ws/install/turtlesim_msgs/share/turtlesim_msgs/cmake/export_turtlesim_msgs__rosidl_typesupport_fastrtps_cExport-noconfig.cmake\n'}
[34.734434] (turtlesim_msgs) StdoutLine: {'line': b'-- Up-to-date: /home/public/MSE112_MPi5_Hiwonder_ROS2/ros2ws/install/turtlesim_msgs/share/turtlesim_msgs/cmake/export_turtlesim_msgs__rosidl_generator_cppExport.cmake\n'}
[34.734895] (turtlesim_msgs) StdoutLine: {'line': b'-- Up-to-date: /home/public/MSE112_MPi5_Hiwonder_ROS2/ros2ws/install/turtlesim_msgs/share/turtlesim_msgs/cmake/export_turtlesim_msgs__rosidl_typesupport_fastrtps_cppExport.cmake\n'}
[34.734998] (turtlesim_msgs) StdoutLine: {'line': b'-- Up-to-date: /home/public/MSE112_MPi5_Hiwonder_ROS2/ros2ws/install/turtlesim_msgs/share/turtlesim_msgs/cmake/export_turtlesim_msgs__rosidl_typesupport_fastrtps_cppExport-noconfig.cmake\n'}
[34.735425] (turtlesim_msgs) StdoutLine: {'line': b'-- Up-to-date: /home/public/MSE112_MPi5_Hiwonder_ROS2/ros2ws/install/turtlesim_msgs/share/turtlesim_msgs/cmake/turtlesim_msgs__rosidl_typesupport_introspection_cExport.cmake\n'}
[34.735519] (turtlesim_msgs) StdoutLine: {'line': b'-- Up-to-date: /home/public/MSE112_MPi5_Hiwonder_ROS2/ros2ws/install/turtlesim_msgs/share/turtlesim_msgs/cmake/turtlesim_msgs__rosidl_typesupport_introspection_cExport-noconfig.cmake\n'}
[34.735929] (turtlesim_msgs) StdoutLine: {'line': b'-- Up-to-date: /home/public/MSE112_MPi5_Hiwonder_ROS2/ros2ws/install/turtlesim_msgs/share/turtlesim_msgs/cmake/turtlesim_msgs__rosidl_typesupport_cExport.cmake\n'}
[34.736037] (turtlesim_msgs) StdoutLine: {'line': b'-- Up-to-date: /home/public/MSE112_MPi5_Hiwonder_ROS2/ros2ws/install/turtlesim_msgs/share/turtlesim_msgs/cmake/turtlesim_msgs__rosidl_typesupport_cExport-noconfig.cmake\n'}
[34.736446] (turtlesim_msgs) StdoutLine: {'line': b'-- Up-to-date: /home/public/MSE112_MPi5_Hiwonder_ROS2/ros2ws/install/turtlesim_msgs/share/turtlesim_msgs/cmake/turtlesim_msgs__rosidl_typesupport_introspection_cppExport.cmake\n'}
[34.736546] (turtlesim_msgs) StdoutLine: {'line': b'-- Up-to-date: /home/public/MSE112_MPi5_Hiwonder_ROS2/ros2ws/install/turtlesim_msgs/share/turtlesim_msgs/cmake/turtlesim_msgs__rosidl_typesupport_introspection_cppExport-noconfig.cmake\n'}
[34.737036] (turtlesim_msgs) StdoutLine: {'line': b'-- Up-to-date: /home/public/MSE112_MPi5_Hiwonder_ROS2/ros2ws/install/turtlesim_msgs/share/turtlesim_msgs/cmake/turtlesim_msgs__rosidl_typesupport_cppExport.cmake\n'}
[34.737247] (turtlesim_msgs) StdoutLine: {'line': b'-- Up-to-date: /home/public/MSE112_MPi5_Hiwonder_ROS2/ros2ws/install/turtlesim_msgs/share/turtlesim_msgs/cmake/turtlesim_msgs__rosidl_typesupport_cppExport-noconfig.cmake\n'}
[34.737598] (turtlesim_msgs) StdoutLine: {'line': b'-- Up-to-date: /home/public/MSE112_MPi5_Hiwonder_ROS2/ros2ws/install/turtlesim_msgs/share/turtlesim_msgs/cmake/export_turtlesim_msgs__rosidl_generator_pyExport.cmake\n'}
[34.737735] (turtlesim_msgs) StdoutLine: {'line': b'-- Up-to-date: /home/public/MSE112_MPi5_Hiwonder_ROS2/ros2ws/install/turtlesim_msgs/share/turtlesim_msgs/cmake/export_turtlesim_msgs__rosidl_generator_pyExport-noconfig.cmake\n'}
[34.803284] (-) TimerEvent: {}
[34.894634] (turtlesim_msgs) StdoutLine: {'line': b"Listing '/home/public/MSE112_MPi5_Hiwonder_ROS2/ros2ws/install/turtlesim_msgs/lib/python3.14/site-packages/turtlesim_msgs'...\n"}
[34.894972] (turtlesim_msgs) StdoutLine: {'line': b"Compiling '/home/public/MSE112_MPi5_Hiwonder_ROS2/ros2ws/install/turtlesim_msgs/lib/python3.14/site-packages/turtlesim_msgs/__init__.py'...\n"}
[34.895088] (turtlesim_msgs) StdoutLine: {'line': b"Listing '/home/public/MSE112_MPi5_Hiwonder_ROS2/ros2ws/install/turtlesim_msgs/lib/python3.14/site-packages/turtlesim_msgs/action'...\n"}
[34.895157] (turtlesim_msgs) StdoutLine: {'line': b"Compiling '/home/public/MSE112_MPi5_Hiwonder_ROS2/ros2ws/install/turtlesim_msgs/lib/python3.14/site-packages/turtlesim_msgs/action/__init__.py'...\n"}
[34.895274] (turtlesim_msgs) StdoutLine: {'line': b"Compiling '/home/public/MSE112_MPi5_Hiwonder_ROS2/ros2ws/install/turtlesim_msgs/lib/python3.14/site-packages/turtlesim_msgs/action/_rotate_absolute.py'...\n"}
[34.895365] (turtlesim_msgs) StdoutLine: {'line': b"Listing '/home/public/MSE112_MPi5_Hiwonder_ROS2/ros2ws/install/turtlesim_msgs/lib/python3.14/site-packages/turtlesim_msgs/msg'...\n"}
[34.895429] (turtlesim_msgs) StdoutLine: {'line': b"Compiling '/home/public/MSE112_MPi5_Hiwonder_ROS2/ros2ws/install/turtlesim_msgs/lib/python3.14/site-packages/turtlesim_msgs/msg/__init__.py'...\n"}
[34.895492] (turtlesim_msgs) StdoutLine: {'line': b"Compiling '/home/public/MSE112_MPi5_Hiwonder_ROS2/ros2ws/install/turtlesim_msgs/lib/python3.14/site-packages/turtlesim_msgs/msg/_color.py'...\n"}
[34.895553] (turtlesim_msgs) StdoutLine: {'line': b"Compiling '/home/public/MSE112_MPi5_Hiwonder_ROS2/ros2ws/install/turtlesim_msgs/lib/python3.14/site-packages/turtlesim_msgs/msg/_pose.py'...\n"}
[34.895611] (turtlesim_msgs) StdoutLine: {'line': b"Listing '/home/public/MSE112_MPi5_Hiwonder_ROS2/ros2ws/install/turtlesim_msgs/lib/python3.14/site-packages/turtlesim_msgs/srv'...\n"}
[34.895666] (turtlesim_msgs) StdoutLine: {'line': b"Compiling '/home/public/MSE112_MPi5_Hiwonder_ROS2/ros2ws/install/turtlesim_msgs/lib/python3.14/site-packages/turtlesim_msgs/srv/__init__.py'...\n"}
[34.895725] (turtlesim_msgs) StdoutLine: {'line': b"Compiling '/home/public/MSE112_MPi5_Hiwonder_ROS2/ros2ws/install/turtlesim_msgs/lib/python3.14/site-packages/turtlesim_msgs/srv/_kill.py'...\n"}
[34.895783] (turtlesim_msgs) StdoutLine: {'line': b"Compiling '/home/public/MSE112_MPi5_Hiwonder_ROS2/ros2ws/install/turtlesim_msgs/lib/python3.14/site-packages/turtlesim_msgs/srv/_set_pen.py'...\n"}
[34.895845] (turtlesim_msgs) StdoutLine: {'line': b"Compiling '/home/public/MSE112_MPi5_Hiwonder_ROS2/ros2ws/install/turtlesim_msgs/lib/python3.14/site-packages/turtlesim_msgs/srv/_spawn.py'...\n"}
[34.895904] (turtlesim_msgs) StdoutLine: {'line': b"Compiling '/home/public/MSE112_MPi5_Hiwonder_ROS2/ros2ws/install/turtlesim_msgs/lib/python3.14/site-packages/turtlesim_msgs/srv/_teleport_absolute.py'...\n"}
[34.895998] (turtlesim_msgs) StdoutLine: {'line': b"Compiling '/home/public/MSE112_MPi5_Hiwonder_ROS2/ros2ws/install/turtlesim_msgs/lib/python3.14/site-packages/turtlesim_msgs/srv/_teleport_relative.py'...\n"}
[34.903422] (-) TimerEvent: {}
[34.924165] (turtlesim_msgs) CommandEnded: {'returncode': 0}
[34.972321] (turtlesim_msgs) JobEnded: {'identifier': 'turtlesim_msgs', 'rc': 0}
[34.973738] (turtlesim) JobStarted: {'identifier': 'turtlesim'}
[34.992835] (turtlesim) JobProgress: {'identifier': 'turtlesim', 'progress': 'cmake'}
[34.996291] (turtlesim) JobProgress: {'identifier': 'turtlesim', 'progress': 'build'}
[34.996803] (turtlesim) Command: {'cmd': ['/usr/bin/cmake', '--build', '/home/public/MSE112_MPi5_Hiwonder_ROS2/ros2ws/build/turtlesim', '--', '-j4', '-l4'], 'cwd': '/home/public/MSE112_MPi5_Hiwonder_ROS2/ros2ws/build/turtlesim', 'env': OrderedDict({'LESSOPEN': '| /usr/bin/lesspipe %s', 'LANGUAGE': 'en', 'USER': 'admin', 'LC_TIME': 'C.UTF-8', 'XDG_SESSION_TYPE': 'wayland', 'PTYXIS_VERSION': '50.1', 'SHLVL': '1', 'LD_LIBRARY_PATH': '/home/public/MSE112_MPi5_Hiwonder_ROS2/ros2ws/install/turtlesim_msgs/lib:/opt/ros/lyrical/opt/gz_math_vendor/lib:/opt/ros/lyrical/opt/gz_utils_vendor/lib:/opt/ros/lyrical/opt/rviz_ogre_vendor/lib:/opt/ros/lyrical/lib/aarch64-linux-gnu:/opt/ros/lyrical/opt/gz_cmake_vendor/lib:/opt/ros/lyrical/lib', 'HOME': '/home/admin', 'DESKTOP_SESSION': 'ubuntu', 'IM_CONFIG_ENTRY': 'profile', 'ROS_PYTHON_VERSION': '3', 'GTK_MODULES': 'gail:atk-bridge', 'LC_MONETARY': 'C.UTF-8', 'MANAGERPID': '3259', 'DBUS_STARTER_BUS_TYPE': 'session', 'SYSTEMD_EXEC_PID': '3283', 'DBUS_SESSION_BUS_ADDRESS': 'unix:path=/run/user/1000/bus,guid=67fdd25c649dd7932a57fd066a6920d0', 'COLORTERM': 'truecolor', 'DEBUGINFOD_URLS': 'https://debuginfod.ubuntu.com', 'WAYLAND_DISPLAY': 'wayland-0', 'ROS_DISTRO': 'lyrical', 'LOGNAME': 'admin', 'MANAGERPIDFDID': '723', '_': '/usr/bin/colcon', 'ROS_VERSION': '2', 'MEMORY_PRESSURE_WATCH': '/sys/fs/cgroup/user.slice/user-1000.slice/user@1000.service/session.slice/dbus.service/memory.pressure', 'XDG_SESSION_CLASS': 'user', 'USERNAME': 'admin', 'TERM': 'xterm-256color', 'GNOME_DESKTOP_SESSION_ID': 'this-is-deprecated', 'FLATPAK_TTY_PROGRESS': '1', 'PATH': '/opt/ros/lyrical/bin:/usr/local/sbin:/usr/local/bin:/usr/sbin:/usr/bin:/sbin:/bin:/usr/games:/usr/local/games:/snap/bin:/snap/bin', 'INVOCATION_ID': '5fd295d1fe9c49d6885439f3c704513f', 'PAPERSIZE': 'a4', 'XDG_MENU_PREFIX': 'gnome-', 'PTYXIS_PROFILE': '46b325db7867804b9a1cc0046a1f6a7b', 'LC_ADDRESS': 'C.UTF-8', 'GNOME_SETUP_DISPLAY': 'unix:/tmp/.X11-unix/X1', 'XDG_RUNTIME_DIR': '/run/user/1000', 'DISPLAY': ':0', 'LANG': 'en_US.UTF-8', 'XDG_CURRENT_DESKTOP': 'ubuntu:GNOME', 'LC_TELEPHONE': 'C.UTF-8', 'XMODIFIERS': '@im=ibus', 'XDG_SESSION_DESKTOP': 'ubuntu', 'XAUTHORITY': '/run/user/1000/.mutter-Xwaylandauth.Y8A8S3', 'LS_COLORS': 'rs=0:di=01;34:ln=01;36:mh=00:pi=40;33:so=01;35:do=01;35:bd=40;33;01:cd=40;33;01:or=40;31;01:mi=00:su=37;41:sg=30;43:ca=00:tw=30;42:ow=34;42:st=37;44:ex=01;32:*.tar=01;31:*.tgz=01;31:*.arc=01;31:*.arj=01;31:*.taz=01;31:*.lha=01;31:*.lz4=01;31:*.lzh=01;31:*.lzma=01;31:*.tlz=01;31:*.txz=01;31:*.tzo=01;31:*.t7z=01;31:*.zip=01;31:*.z=01;31:*.dz=01;31:*.gz=01;31:*.lrz=01;31:*.lz=01;31:*.lzo=01;31:*.xz=01;31:*.zst=01;31:*.tzst=01;31:*.bz2=01;31:*.bz=01;31:*.tbz=01;31:*.tbz2=01;31:*.tz=01;31:*.deb=01;31:*.rpm=01;31:*.jar=01;31:*.war=01;31:*.ear=01;31:*.sar=01;31:*.rar=01;31:*.alz=01;31:*.ace=01;31:*.zoo=01;31:*.cpio=01;31:*.7z=01;31:*.rz=01;31:*.cab=01;31:*.wim=01;31:*.swm=01;31:*.dwm=01;31:*.esd=01;31:*.avif=01;35:*.jpg=01;35:*.jpeg=01;35:*.mjpg=01;35:*.mjpeg=01;35:*.gif=01;35:*.bmp=01;35:*.pbm=01;35:*.pgm=01;35:*.ppm=01;35:*.tga=01;35:*.xbm=01;35:*.xpm=01;35:*.tif=01;35:*.tiff=01;35:*.png=01;35:*.svg=01;35:*.svgz=01;35:*.mng=01;35:*.pcx=01;35:*.mov=01;35:*.mpg=01;35:*.mpeg=01;35:*.m2v=01;35:*.mkv=01;35:*.webm=01;35:*.webp=01;35:*.ogm=01;35:*.mp4=01;35:*.m4v=01;35:*.mp4v=01;35:*.vob=01;35:*.qt=01;35:*.nuv=01;35:*.wmv=01;35:*.asf=01;35:*.rm=01;35:*.rmvb=01;35:*.flc=01;35:*.avi=01;35:*.fli=01;35:*.flv=01;35:*.gl=01;35:*.dl=01;35:*.xcf=01;35:*.xwd=01;35:*.yuv=01;35:*.cgm=01;35:*.emf=01;35:*.ogv=01;35:*.ogx=01;35:*.aac=00;36:*.au=00;36:*.flac=00;36:*.m4a=00;36:*.mid=00;36:*.midi=00;36:*.mka=00;36:*.mp3=00;36:*.mpc=00;36:*.ogg=00;36:*.ra=00;36:*.wav=00;36:*.oga=00;36:*.opus=00;36:*.spx=00;36:*.xspf=00;36:*~=00;90:*#=00;90:*.bak=00;90:*.old=00;90:*.orig=00;90:*.part=00;90:*.rej=00;90:*.swp=00;90:*.tmp=00;90:*.dpkg-dist=00;90:*.dpkg-old=00;90:*.ucf-dist=00;90:*.ucf-new=00;90:*.ucf-old=00;90:*.rpmnew=00;90:*.rpmorig=00;90:*.rpmsave=00;90:', 'SSH_AUTH_SOCK': '/run/user/1000/gcr/ssh', 'AMENT_PREFIX_PATH': '/home/public/MSE112_MPi5_Hiwonder_ROS2/ros2ws/install/turtlesim_msgs:/opt/ros/lyrical', 'SHELL': '/bin/bash', 'LC_NAME': 'C.UTF-8', 'QT_ACCESSIBILITY': '1', 'GDMSESSION': 'ubuntu', 'LESSCLOSE': '/usr/bin/lesspipe %s %s', 'LC_MEASUREMENT': 'C.UTF-8', 'GPG_AGENT_INFO': '/run/user/1000/gnupg/S.gpg-agent:0:1', 'LC_IDENTIFICATION': 'C.UTF-8', 'GSK_RENDERER': 'gl', 'ROS_AUTOMATIC_DISCOVERY_RANGE': 'SUBNET', 'QT_IM_MODULE': 'ibus', 'PWD': '/home/public/MSE112_MPi5_Hiwonder_ROS2/ros2ws/build/turtlesim', 'XDG_CONFIG_DIRS': '/etc/xdg/xdg-ubuntu:/etc/xdg', 'DBUS_STARTER_ADDRESS': 'unix:path=/run/user/1000/bus,guid=67fdd25c649dd7932a57fd066a6920d0', 'XDG_DATA_DIRS': '/usr/share/ubuntu:/usr/share/gnome:/usr/local/share/:/usr/share/:/var/lib/snapd/desktop', 'XDG_SESSION_EXTRA_DEVICE_ACCESS': 'render:accel', 'PYTHONPATH': '/home/public/MSE112_MPi5_Hiwonder_ROS2/ros2ws/install/turtlesim_msgs/lib/python3.14/site-packages:/opt/ros/lyrical/opt/gz_math_vendor/lib/python:/opt/ros/lyrical/lib/python3.14/site-packages', 'LC_NUMERIC': 'C.UTF-8', 'LC_PAPER': 'C.UTF-8', 'COLCON': '1', 'QT_IM_MODULES': 'wayland;ibus', 'MEMORY_PRESSURE_WRITE': 'c29tZSAyMDAwMDAgMjAwMDAwMAA=', 'VTE_VERSION': '8400', 'CMAKE_PREFIX_PATH': '/home/public/MSE112_MPi5_Hiwonder_ROS2/ros2ws/install/turtlesim_msgs:/opt/ros/lyrical/opt/gz_math_vendor:/opt/ros/lyrical/opt/gz_utils_vendor:/opt/ros/lyrical/opt/gz_cmake_vendor:/opt/ros/lyrical'}), 'shell': False}
[35.003497] (-) TimerEvent: {}
[35.088715] (turtlesim) StdoutLine: {'line': b'-- Found ament_cmake: 2.8.7 (/opt/ros/lyrical/share/ament_cmake/cmake)\n'}
[35.103578] (-) TimerEvent: {}
[35.203898] (-) TimerEvent: {}
[35.304301] (-) TimerEvent: {}
[35.404713] (-) TimerEvent: {}
[35.420803] (turtlesim) StdoutLine: {'line': b'-- Override CMake install command with custom implementation using symlinks instead of copying resources\n'}
[35.432150] (turtlesim) StdoutLine: {'line': b'-- Found ament_index_cpp: 1.13.3 (/opt/ros/lyrical/share/ament_index_cpp/cmake)\n'}
[35.434998] (turtlesim) StdoutLine: {'line': b'-- Found geometry_msgs: 5.9.2 (/opt/ros/lyrical/share/geometry_msgs/cmake)\n'}
[35.461534] (turtlesim) StdoutLine: {'line': b'-- Found rosidl_generator_c: 5.2.1 (/opt/ros/lyrical/share/rosidl_generator_c/cmake)\n'}
[35.466604] (turtlesim) StdoutLine: {'line': b'-- Found rosidl_generator_cpp: 5.2.1 (/opt/ros/lyrical/share/rosidl_generator_cpp/cmake)\n'}
[35.478889] (turtlesim) StdoutLine: {'line': b'-- Using all available rosidl_typesupport_c: rosidl_typesupport_fastrtps_c;rosidl_typesupport_introspection_c\n'}
[35.491293] (turtlesim) StdoutLine: {'line': b'-- Using all available rosidl_typesupport_cpp: rosidl_typesupport_fastrtps_cpp;rosidl_typesupport_introspection_cpp\n'}
[35.504766] (-) TimerEvent: {}
[35.605013] (-) TimerEvent: {}
[35.705390] (-) TimerEvent: {}
[35.805743] (-) TimerEvent: {}
[35.820793] (turtlesim) StdoutLine: {'line': b'-- Found rclcpp: 32.0.0 (/opt/ros/lyrical/share/rclcpp/cmake)\n'}
[35.905872] (-) TimerEvent: {}
[36.006294] (-) TimerEvent: {}
[36.106679] (-) TimerEvent: {}
[36.207062] (-) TimerEvent: {}
[36.307430] (-) TimerEvent: {}
[36.324879] (turtlesim) StdoutLine: {'line': b'-- Found rmw_implementation_cmake: 7.10.1 (/opt/ros/lyrical/share/rmw_implementation_cmake/cmake)\n'}
[36.342557] (turtlesim) StdoutLine: {'line': b'-- Found rmw_fastrtps_cpp: 9.4.8 (/opt/ros/lyrical/share/rmw_fastrtps_cpp/cmake)\n'}
[36.407512] (-) TimerEvent: {}
[36.430767] (turtlesim) StdoutLine: {'line': b"-- Using RMW implementation 'rmw_fastrtps_cpp' as default\n"}
[36.507640] (-) TimerEvent: {}
[36.545558] (turtlesim) StdoutLine: {'line': b'-- Found rclcpp_action: 32.0.0 (/opt/ros/lyrical/share/rclcpp_action/cmake)\n'}
[36.598467] (turtlesim) StdoutLine: {'line': b'-- Found std_srvs: 5.9.2 (/opt/ros/lyrical/share/std_srvs/cmake)\n'}
[36.607702] (-) TimerEvent: {}
[36.629238] (turtlesim) StdoutLine: {'line': b'-- Found turtlesim_msgs: 1.10.9 (/home/public/MSE112_MPi5_Hiwonder_ROS2/ros2ws/install/turtlesim_msgs/share/turtlesim_msgs/cmake)\n'}
[36.668756] (turtlesim) StdoutLine: {'line': b'-- Found ament_lint_auto: 0.20.6 (/opt/ros/lyrical/share/ament_lint_auto/cmake)\n'}
[36.707817] (-) TimerEvent: {}
[36.808250] (-) TimerEvent: {}
[36.876755] (turtlesim) StdoutLine: {'line': b"-- Added test 'copyright' to check source files copyright and LICENSE\n"}
[36.885381] (turtlesim) StdoutLine: {'line': b"-- Added test 'cppcheck' to perform static code analysis on C / C++ code\n"}
[36.885718] (turtlesim) StdoutLine: {'line': b'-- Configured cppcheck include dirs: $<BUILD_INTERFACE:/home/public/MSE112_MPi5_Hiwonder_ROS2/ros2ws/src/ros_tutorials/turtlesim/include>\n'}
[36.885857] (turtlesim) StdoutLine: {'line': b'-- Configured cppcheck exclude dirs and/or files: \n'}
[36.889541] (turtlesim) StdoutLine: {'line': b"-- Added test 'cpplint' to check C / C++ code against the Google style\n"}
[36.889679] (turtlesim) StdoutLine: {'line': b'-- Configured cpplint exclude dirs and/or files: \n'}
[36.890629] (turtlesim) StdoutLine: {'line': b"-- Added test 'flake8' to check Python code syntax and style conventions\n"}
[36.890748] (turtlesim) StdoutLine: {'line': b"-- Configured 'flake8' exclude dirs and/or files: \n"}
[36.891958] (turtlesim) StdoutLine: {'line': b"-- Added test 'lint_cmake' to check CMake code style\n"}
[36.892989] (turtlesim) StdoutLine: {'line': b"-- Added test 'pep257' to check Python code against some of the docstring style conventions in PEP 257\n"}
[36.896082] (turtlesim) StdoutLine: {'line': b"-- Added test 'uncrustify' to check C / C++ code style\n"}
[36.896200] (turtlesim) StdoutLine: {'line': b'-- Configured uncrustify additional arguments: \n'}
[36.897162] (turtlesim) StdoutLine: {'line': b"-- Added test 'xmllint' to check XML markup files\n"}
[36.900132] (turtlesim) StdoutLine: {'line': b'-- Configuring done (1.8s)\n'}
[36.908317] (-) TimerEvent: {}
[37.008625] (-) TimerEvent: {}
[37.109004] (-) TimerEvent: {}
[37.159856] (turtlesim) StdoutLine: {'line': b'-- Generating done (0.3s)\n'}
[37.209092] (-) TimerEvent: {}
[37.239401] (turtlesim) StdoutLine: {'line': b'-- Build files have been written to: /home/public/MSE112_MPi5_Hiwonder_ROS2/ros2ws/build/turtlesim\n'}
[37.305810] (turtlesim) StdoutLine: {'line': b'[  0%] Built target turtlesim_node_autogen_timestamp_deps\n'}
[37.306229] (turtlesim) StdoutLine: {'line': b'[  0%] Built target draw_square_autogen_timestamp_deps\n'}
[37.306347] (turtlesim) StdoutLine: {'line': b'[  0%] Built target turtle_teleop_key_autogen_timestamp_deps\n'}
[37.309211] (-) TimerEvent: {}
[37.336385] (turtlesim) StdoutLine: {'line': b'[  0%] Built target mimic_autogen_timestamp_deps\n'}
[37.358156] (turtlesim) StdoutLine: {'line': b'[  5%] \x1b[1m\x1b[34mAutomatic MOC and UIC for target turtlesim_node\x1b[0m\n'}
[37.400724] (turtlesim) StdoutLine: {'line': b'[ 15%] \x1b[1m\x1b[34mAutomatic MOC and UIC for target turtle_teleop_key\x1b[0m\n'}
[37.401120] (turtlesim) StdoutLine: {'line': b'[ 15%] \x1b[1m\x1b[34mAutomatic MOC and UIC for target mimic\x1b[0m\n'}
[37.409548] (-) TimerEvent: {}
[37.433703] (turtlesim) StdoutLine: {'line': b'[ 20%] \x1b[1m\x1b[34mAutomatic MOC and UIC for target draw_square\x1b[0m\n'}
[37.460172] (turtlesim) StdoutLine: {'line': b'[ 20%] Built target turtlesim_node_autogen\n'}
[37.473062] (turtlesim) StdoutLine: {'line': b'[ 20%] Built target turtle_teleop_key_autogen\n'}
[37.476113] (turtlesim) StdoutLine: {'line': b'[ 25%] \x1b[1m\x1b[34mGenerating include/turtlesim/moc_turtle_frame.cpp\x1b[0m\n'}
[37.476543] (turtlesim) StdoutLine: {'line': b'[ 25%] Built target mimic_autogen\n'}
[37.502003] (turtlesim) StdoutLine: {'line': b'[ 25%] Built target draw_square_autogen\n'}
[37.509568] (-) TimerEvent: {}
[37.533254] (turtlesim) StdoutLine: {'line': b'[ 30%] \x1b[32mBuilding CXX object CMakeFiles/turtle_teleop_key.dir/turtle_teleop_key_autogen/mocs_compilation.cpp.o\x1b[0m\n'}
[37.562257] (turtlesim) StdoutLine: {'line': b'[ 35%] \x1b[32mBuilding CXX object CMakeFiles/mimic.dir/mimic_autogen/mocs_compilation.cpp.o\x1b[0m\n'}
[37.562768] (turtlesim) StdoutLine: {'line': b'[ 40%] \x1b[32mBuilding CXX object CMakeFiles/draw_square.dir/draw_square_autogen/mocs_compilation.cpp.o\x1b[0m\n'}
[37.609706] (-) TimerEvent: {}
[37.650416] (turtlesim) StdoutLine: {'line': b'[ 45%] \x1b[32mBuilding CXX object CMakeFiles/turtlesim_node.dir/include/turtlesim/moc_turtle_frame.cpp.o\x1b[0m\n'}
[37.664231] (turtlesim) StdoutLine: {'line': b'[ 55%] \x1b[32mBuilding CXX object CMakeFiles/mimic.dir/tutorials/mimic.cpp.o\x1b[0m\n'}
[37.664612] (turtlesim) StdoutLine: {'line': b'[ 55%] \x1b[32mBuilding CXX object CMakeFiles/turtle_teleop_key.dir/tutorials/teleop_turtle_key.cpp.o\x1b[0m\n'}
[37.667409] (turtlesim) StdoutLine: {'line': b'[ 60%] \x1b[32mBuilding CXX object CMakeFiles/draw_square.dir/tutorials/draw_square.cpp.o\x1b[0m\n'}
[37.710035] (-) TimerEvent: {}
[37.813476] (-) TimerEvent: {}
[37.918618] (-) TimerEvent: {}
[38.019210] (-) TimerEvent: {}
[38.120026] (-) TimerEvent: {}
[38.221179] (-) TimerEvent: {}
[38.321586] (-) TimerEvent: {}
[38.424598] (-) TimerEvent: {}
[38.526059] (-) TimerEvent: {}
[38.632120] (-) TimerEvent: {}
[38.735294] (-) TimerEvent: {}
[38.839825] (-) TimerEvent: {}
[38.944754] (-) TimerEvent: {}
[39.048731] (-) TimerEvent: {}
[39.150047] (-) TimerEvent: {}
[39.250516] (-) TimerEvent: {}
[39.353350] (-) TimerEvent: {}
[39.453858] (-) TimerEvent: {}
[39.554361] (-) TimerEvent: {}
[39.654911] (-) TimerEvent: {}
[39.755489] (-) TimerEvent: {}
[39.858393] (-) TimerEvent: {}
[39.958978] (-) TimerEvent: {}
[40.059472] (-) TimerEvent: {}
[40.159997] (-) TimerEvent: {}
[40.262073] (-) TimerEvent: {}
[40.362530] (-) TimerEvent: {}
[40.463024] (-) TimerEvent: {}
[40.563503] (-) TimerEvent: {}
[40.664071] (-) TimerEvent: {}
[40.766277] (-) TimerEvent: {}
[40.866814] (-) TimerEvent: {}
[40.967379] (-) TimerEvent: {}
[41.070317] (-) TimerEvent: {}
[41.170823] (-) TimerEvent: {}
[41.271374] (-) TimerEvent: {}
[41.371835] (-) TimerEvent: {}
[41.473044] (-) TimerEvent: {}
[41.573499] (-) TimerEvent: {}
[41.674030] (-) TimerEvent: {}
[41.779036] (-) TimerEvent: {}
[41.882034] (-) TimerEvent: {}
[41.984045] (-) TimerEvent: {}
[42.087181] (-) TimerEvent: {}
[42.190153] (-) TimerEvent: {}
[42.290637] (-) TimerEvent: {}
[42.395499] (-) TimerEvent: {}
[42.496040] (-) TimerEvent: {}
[42.596560] (-) TimerEvent: {}
[42.698300] (-) TimerEvent: {}
[42.798987] (-) TimerEvent: {}
[42.903373] (-) TimerEvent: {}
[43.003871] (-) TimerEvent: {}
[43.106249] (-) TimerEvent: {}
[43.206785] (-) TimerEvent: {}
[43.307320] (-) TimerEvent: {}
[43.410221] (-) TimerEvent: {}
[43.514323] (-) TimerEvent: {}
[43.614840] (-) TimerEvent: {}
[43.717277] (-) TimerEvent: {}
[43.817756] (-) TimerEvent: {}
[43.918257] (-) TimerEvent: {}
[44.018761] (-) TimerEvent: {}
[44.121338] (-) TimerEvent: {}
[44.221833] (-) TimerEvent: {}
[44.322318] (-) TimerEvent: {}
[44.422783] (-) TimerEvent: {}
[44.525261] (-) TimerEvent: {}
[44.625757] (-) TimerEvent: {}
[44.726238] (-) TimerEvent: {}
[44.826724] (-) TimerEvent: {}
[44.929706] (-) TimerEvent: {}
[45.030183] (-) TimerEvent: {}
[45.130668] (-) TimerEvent: {}
[45.231194] (-) TimerEvent: {}
[45.331657] (-) TimerEvent: {}
[45.432145] (-) TimerEvent: {}
[45.535465] (-) TimerEvent: {}
[45.635896] (-) TimerEvent: {}
[45.736326] (-) TimerEvent: {}
[45.836740] (-) TimerEvent: {}
[45.937174] (-) TimerEvent: {}
[46.037593] (-) TimerEvent: {}
[46.139060] (-) TimerEvent: {}
[46.240296] (-) TimerEvent: {}
[46.343421] (-) TimerEvent: {}
[46.447970] (-) TimerEvent: {}
[46.551371] (-) TimerEvent: {}
[46.656087] (-) TimerEvent: {}
[46.756521] (-) TimerEvent: {}
[46.857061] (-) TimerEvent: {}
[46.958236] (-) TimerEvent: {}
[47.059037] (-) TimerEvent: {}
[47.159501] (-) TimerEvent: {}
[47.260040] (-) TimerEvent: {}
[47.361040] (-) TimerEvent: {}
[47.461491] (-) TimerEvent: {}
[47.562053] (-) TimerEvent: {}
[47.663069] (-) TimerEvent: {}
[47.763492] (-) TimerEvent: {}
[47.864022] (-) TimerEvent: {}
[47.965231] (-) TimerEvent: {}
[48.066027] (-) TimerEvent: {}
[48.167035] (-) TimerEvent: {}
[48.267525] (-) TimerEvent: {}
[48.370264] (-) TimerEvent: {}
[48.474187] (-) TimerEvent: {}
[48.574682] (-) TimerEvent: {}
[48.675167] (-) TimerEvent: {}
[48.778055] (-) TimerEvent: {}
[48.881120] (-) TimerEvent: {}
[48.989459] (-) TimerEvent: {}
[49.089953] (-) TimerEvent: {}
[49.191072] (-) TimerEvent: {}
[49.291546] (-) TimerEvent: {}
[49.394051] (-) TimerEvent: {}
[49.494490] (-) TimerEvent: {}
[49.594963] (-) TimerEvent: {}
[49.695421] (-) TimerEvent: {}
[49.795874] (-) TimerEvent: {}
[49.896305] (-) TimerEvent: {}
[49.998066] (-) TimerEvent: {}
[50.098516] (-) TimerEvent: {}
[50.199017] (-) TimerEvent: {}
[50.299504] (-) TimerEvent: {}
[50.403453] (-) TimerEvent: {}
[50.504008] (-) TimerEvent: {}
[50.604512] (-) TimerEvent: {}
[50.705050] (-) TimerEvent: {}
[50.808530] (-) TimerEvent: {}
[50.913448] (-) TimerEvent: {}
[51.015280] (-) TimerEvent: {}
[51.115786] (-) TimerEvent: {}
[51.217304] (-) TimerEvent: {}
[51.317929] (-) TimerEvent: {}
[51.421081] (-) TimerEvent: {}
[51.521566] (-) TimerEvent: {}
[51.622041] (-) TimerEvent: {}
[51.722487] (-) TimerEvent: {}
[51.822980] (-) TimerEvent: {}
[51.932684] (-) TimerEvent: {}
[52.037376] (-) TimerEvent: {}
[52.068094] (turtlesim) StdoutLine: {'line': b'[ 65%] \x1b[32mBuilding CXX object CMakeFiles/turtlesim_node.dir/src/turtle.cpp.o\x1b[0m\n'}
[52.137511] (-) TimerEvent: {}
[52.241673] (-) TimerEvent: {}
[52.342303] (-) TimerEvent: {}
[52.446296] (-) TimerEvent: {}
[52.546768] (-) TimerEvent: {}
[52.650365] (-) TimerEvent: {}
[52.750848] (-) TimerEvent: {}
[52.851364] (-) TimerEvent: {}
[52.951850] (-) TimerEvent: {}
[53.052314] (-) TimerEvent: {}
[53.152803] (-) TimerEvent: {}
[53.253296] (-) TimerEvent: {}
[53.354027] (-) TimerEvent: {}
[53.454471] (-) TimerEvent: {}
[53.559316] (-) TimerEvent: {}
[53.659772] (-) TimerEvent: {}
[53.761069] (-) TimerEvent: {}
[53.822924] (turtlesim) StdoutLine: {'line': b'[ 70%] \x1b[1m\x1b[32mLinking CXX executable turtle_teleop_key\x1b[0m\n'}
[53.862089] (-) TimerEvent: {}
[53.967314] (-) TimerEvent: {}
[54.075521] (-) TimerEvent: {}
[54.176033] (-) TimerEvent: {}
[54.277049] (-) TimerEvent: {}
[54.379082] (-) TimerEvent: {}
[54.479699] (-) TimerEvent: {}
[54.580322] (-) TimerEvent: {}
[54.682124] (-) TimerEvent: {}
[54.782814] (-) TimerEvent: {}
[54.883324] (-) TimerEvent: {}
[54.984054] (-) TimerEvent: {}
[55.020058] (turtlesim) StdoutLine: {'line': b'[ 70%] Built target turtle_teleop_key\n'}
[55.040159] (turtlesim) StdoutLine: {'line': b'[ 75%] \x1b[32mBuilding CXX object CMakeFiles/turtlesim_node.dir/src/turtle_frame.cpp.o\x1b[0m\n'}
[55.084192] (-) TimerEvent: {}
[55.187873] (-) TimerEvent: {}
[55.292347] (-) TimerEvent: {}
[55.396046] (-) TimerEvent: {}
[55.496461] (-) TimerEvent: {}
[55.597032] (-) TimerEvent: {}
[55.697462] (-) TimerEvent: {}
[55.799069] (-) TimerEvent: {}
[55.902799] (-) TimerEvent: {}
[56.003254] (-) TimerEvent: {}
[56.109055] (-) TimerEvent: {}
[56.209598] (-) TimerEvent: {}
[56.311052] (-) TimerEvent: {}
[56.411527] (-) TimerEvent: {}
[56.512106] (-) TimerEvent: {}
[56.613243] (-) TimerEvent: {}
[56.720369] (-) TimerEvent: {}
[56.824573] (-) TimerEvent: {}
[56.926056] (-) TimerEvent: {}
[57.026515] (-) TimerEvent: {}
[57.127007] (-) TimerEvent: {}
[57.228054] (-) TimerEvent: {}
[57.328531] (-) TimerEvent: {}
[57.429031] (-) TimerEvent: {}
[57.530063] (-) TimerEvent: {}
[57.633780] (-) TimerEvent: {}
[57.735048] (-) TimerEvent: {}
[57.835524] (-) TimerEvent: {}
[57.936038] (-) TimerEvent: {}
[58.037046] (-) TimerEvent: {}
[58.137546] (-) TimerEvent: {}
[58.239048] (-) TimerEvent: {}
[58.339513] (-) TimerEvent: {}
[58.440007] (-) TimerEvent: {}
[58.541038] (-) TimerEvent: {}
[58.641505] (-) TimerEvent: {}
[58.742034] (-) TimerEvent: {}
[58.843046] (-) TimerEvent: {}
[58.943888] (-) TimerEvent: {}
[59.045252] (-) TimerEvent: {}
[59.148662] (-) TimerEvent: {}
[59.249175] (-) TimerEvent: {}
[59.349685] (-) TimerEvent: {}
[59.450397] (-) TimerEvent: {}
[59.550818] (-) TimerEvent: {}
[59.652043] (-) TimerEvent: {}
[59.752494] (-) TimerEvent: {}
[59.852961] (-) TimerEvent: {}
[59.953404] (-) TimerEvent: {}
[60.054029] (-) TimerEvent: {}
[60.159915] (-) TimerEvent: {}
[60.261115] (-) TimerEvent: {}
[60.361795] (-) TimerEvent: {}
[60.463068] (-) TimerEvent: {}
[60.563521] (-) TimerEvent: {}
[60.577057] (turtlesim) StdoutLine: {'line': b'[ 80%] \x1b[1m\x1b[32mLinking CXX executable mimic\x1b[0m\n'}
[60.663697] (-) TimerEvent: {}
[60.764425] (-) TimerEvent: {}
[60.865243] (-) TimerEvent: {}
[60.966164] (-) TimerEvent: {}
[61.067007] (-) TimerEvent: {}
[61.177970] (-) TimerEvent: {}
[61.279229] (-) TimerEvent: {}
[61.381241] (-) TimerEvent: {}
[61.482194] (-) TimerEvent: {}
[61.585336] (-) TimerEvent: {}
[61.686289] (-) TimerEvent: {}
[61.786775] (-) TimerEvent: {}
[61.889233] (-) TimerEvent: {}
[61.979135] (turtlesim) StdoutLine: {'line': b'[ 80%] Built target mimic\n'}
[61.989368] (-) TimerEvent: {}
[61.995716] (turtlesim) StdoutLine: {'line': b'[ 85%] \x1b[32mBuilding CXX object CMakeFiles/turtlesim_node.dir/src/turtlesim.cpp.o\x1b[0m\n'}
[62.089519] (-) TimerEvent: {}
[62.191250] (-) TimerEvent: {}
[62.291742] (-) TimerEvent: {}
[62.392407] (-) TimerEvent: {}
[62.495352] (-) TimerEvent: {}
[62.595840] (-) TimerEvent: {}
[62.696341] (-) TimerEvent: {}
[62.719726] (turtlesim) StdoutLine: {'line': b'[ 90%] \x1b[1m\x1b[32mLinking CXX executable draw_square\x1b[0m\n'}
[62.797005] (-) TimerEvent: {}
[62.902522] (-) TimerEvent: {}
[63.004176] (-) TimerEvent: {}
[63.106114] (-) TimerEvent: {}
[63.206864] (-) TimerEvent: {}
[63.307951] (-) TimerEvent: {}
[63.409069] (-) TimerEvent: {}
[63.509604] (-) TimerEvent: {}
[63.611193] (-) TimerEvent: {}
[63.714436] (-) TimerEvent: {}
[63.815747] (-) TimerEvent: {}
[63.919319] (-) TimerEvent: {}
[64.019824] (-) TimerEvent: {}
[64.120371] (-) TimerEvent: {}
[64.220810] (-) TimerEvent: {}
[64.248732] (turtlesim) StdoutLine: {'line': b'[ 90%] Built target draw_square\n'}
[64.320982] (-) TimerEvent: {}
[64.421443] (-) TimerEvent: {}
[64.521872] (-) TimerEvent: {}
[64.622357] (-) TimerEvent: {}
[64.722778] (-) TimerEvent: {}
[64.823227] (-) TimerEvent: {}
[64.923660] (-) TimerEvent: {}
[65.002290] (<colcon_parallel_executor.executor.parallel.ParallelExecutorExtension object at 0xffff98f181a0>) ParallelStatus: {'processing': ('turtlesim',)}
[65.023801] (-) TimerEvent: {}
[65.124416] (-) TimerEvent: {}
[65.224821] (-) TimerEvent: {}
[65.325255] (-) TimerEvent: {}
[65.426023] (-) TimerEvent: {}
[65.527205] (-) TimerEvent: {}
[65.627652] (-) TimerEvent: {}
[65.728112] (-) TimerEvent: {}
[65.828585] (-) TimerEvent: {}
[65.929036] (-) TimerEvent: {}
[66.029437] (-) TimerEvent: {}
[66.129873] (-) TimerEvent: {}
[66.230443] (-) TimerEvent: {}
[66.333218] (-) TimerEvent: {}
[66.433634] (-) TimerEvent: {}
[66.534061] (-) TimerEvent: {}
[66.634452] (-) TimerEvent: {}
[66.734865] (-) TimerEvent: {}
[66.835323] (-) TimerEvent: {}
[66.935771] (-) TimerEvent: {}
[67.038257] (-) TimerEvent: {}
[67.138659] (-) TimerEvent: {}
[67.239121] (-) TimerEvent: {}
[67.339550] (-) TimerEvent: {}
[67.439976] (-) TimerEvent: {}
[67.540384] (-) TimerEvent: {}
[67.640807] (-) TimerEvent: {}
[67.741268] (-) TimerEvent: {}
[67.841680] (-) TimerEvent: {}
[67.942141] (-) TimerEvent: {}
[68.042630] (-) TimerEvent: {}
[68.143045] (-) TimerEvent: {}
[68.243457] (-) TimerEvent: {}
[68.343871] (-) TimerEvent: {}
[68.444302] (-) TimerEvent: {}
[68.544714] (-) TimerEvent: {}
[68.645149] (-) TimerEvent: {}
[68.745559] (-) TimerEvent: {}
[68.846001] (-) TimerEvent: {}
[68.946417] (-) TimerEvent: {}
[69.046829] (-) TimerEvent: {}
[69.147256] (-) TimerEvent: {}
[69.248012] (-) TimerEvent: {}
[69.348432] (-) TimerEvent: {}
[69.448898] (-) TimerEvent: {}
[69.549358] (-) TimerEvent: {}
[69.649770] (-) TimerEvent: {}
[69.750202] (-) TimerEvent: {}
[69.850618] (-) TimerEvent: {}
[69.951044] (-) TimerEvent: {}
[70.051467] (-) TimerEvent: {}
[70.151895] (-) TimerEvent: {}
[70.253919] (-) TimerEvent: {}
[70.354393] (-) TimerEvent: {}
[70.454868] (-) TimerEvent: {}
[70.557637] (-) TimerEvent: {}
[70.658015] (-) TimerEvent: {}
[70.758373] (-) TimerEvent: {}
[70.858774] (-) TimerEvent: {}
[70.960041] (-) TimerEvent: {}
[71.060417] (-) TimerEvent: {}
[71.160795] (-) TimerEvent: {}
[71.262032] (-) TimerEvent: {}
[71.362429] (-) TimerEvent: {}
[71.462818] (-) TimerEvent: {}
[71.564044] (-) TimerEvent: {}
[71.664480] (-) TimerEvent: {}
[71.765064] (-) TimerEvent: {}
[71.865521] (-) TimerEvent: {}
[71.965967] (-) TimerEvent: {}
[72.068564] (-) TimerEvent: {}
[72.169006] (-) TimerEvent: {}
[72.269445] (-) TimerEvent: {}
[72.369923] (-) TimerEvent: {}
[72.470371] (-) TimerEvent: {}
[72.570803] (-) TimerEvent: {}
[72.671259] (-) TimerEvent: {}
[72.771651] (-) TimerEvent: {}
[72.872049] (-) TimerEvent: {}
[72.972456] (-) TimerEvent: {}
[73.072887] (-) TimerEvent: {}
[73.173390] (-) TimerEvent: {}
[73.273843] (-) TimerEvent: {}
[73.320194] (turtlesim) StdoutLine: {'line': b'[ 95%] \x1b[32mBuilding CXX object CMakeFiles/turtlesim_node.dir/turtlesim_node_autogen/mocs_compilation.cpp.o\x1b[0m\n'}
[73.373988] (-) TimerEvent: {}
[73.474377] (-) TimerEvent: {}
[73.574761] (-) TimerEvent: {}
[73.675169] (-) TimerEvent: {}
[73.775656] (-) TimerEvent: {}
[73.876045] (-) TimerEvent: {}
[73.976417] (-) TimerEvent: {}
[74.076792] (-) TimerEvent: {}
[74.177192] (-) TimerEvent: {}
[74.279885] (-) TimerEvent: {}
[74.380403] (-) TimerEvent: {}
[74.480803] (-) TimerEvent: {}
[74.581183] (-) TimerEvent: {}
[74.681558] (-) TimerEvent: {}
[74.781990] (-) TimerEvent: {}
[74.882506] (-) TimerEvent: {}
[74.982987] (-) TimerEvent: {}
[75.083362] (-) TimerEvent: {}
[75.183733] (-) TimerEvent: {}
[75.284153] (-) TimerEvent: {}
[75.384524] (-) TimerEvent: {}
[75.484899] (-) TimerEvent: {}
[75.585323] (-) TimerEvent: {}
[75.685703] (-) TimerEvent: {}
[75.786097] (-) TimerEvent: {}
[75.886500] (-) TimerEvent: {}
[75.986892] (-) TimerEvent: {}
[76.087309] (-) TimerEvent: {}
[76.187676] (-) TimerEvent: {}
[76.288020] (-) TimerEvent: {}
[76.388410] (-) TimerEvent: {}
[76.488800] (-) TimerEvent: {}
[76.589174] (-) TimerEvent: {}
[76.689580] (-) TimerEvent: {}
[76.789978] (-) TimerEvent: {}
[76.890356] (-) TimerEvent: {}
[76.990739] (-) TimerEvent: {}
[77.091123] (-) TimerEvent: {}
[77.191497] (-) TimerEvent: {}
[77.291874] (-) TimerEvent: {}
[77.392274] (-) TimerEvent: {}
[77.492661] (-) TimerEvent: {}
[77.593031] (-) TimerEvent: {}
[77.693394] (-) TimerEvent: {}
[77.793758] (-) TimerEvent: {}
[77.894149] (-) TimerEvent: {}
[77.994517] (-) TimerEvent: {}
[78.094901] (-) TimerEvent: {}
[78.195278] (-) TimerEvent: {}
[78.295664] (-) TimerEvent: {}
[78.396029] (-) TimerEvent: {}
[78.496399] (-) TimerEvent: {}
[78.596781] (-) TimerEvent: {}
[78.697175] (-) TimerEvent: {}
[78.797548] (-) TimerEvent: {}
[78.897924] (-) TimerEvent: {}
[78.998317] (-) TimerEvent: {}
[79.098713] (-) TimerEvent: {}
[79.199206] (-) TimerEvent: {}
[79.299570] (-) TimerEvent: {}
[79.399945] (-) TimerEvent: {}
[79.500331] (-) TimerEvent: {}
[79.600703] (-) TimerEvent: {}
[79.701123] (-) TimerEvent: {}
[79.801754] (-) TimerEvent: {}
[79.902250] (-) TimerEvent: {}
[80.002672] (-) TimerEvent: {}
[80.103192] (-) TimerEvent: {}
[80.203698] (-) TimerEvent: {}
[80.304491] (-) TimerEvent: {}
[80.405202] (-) TimerEvent: {}
[80.505731] (-) TimerEvent: {}
[80.606465] (-) TimerEvent: {}
[80.706832] (-) TimerEvent: {}
[80.807301] (-) TimerEvent: {}
[80.831636] (turtlesim) StdoutLine: {'line': b'[100%] \x1b[1m\x1b[32mLinking CXX executable turtlesim_node\x1b[0m\n'}
[80.907480] (-) TimerEvent: {}
[81.007977] (-) TimerEvent: {}
[81.108391] (-) TimerEvent: {}
[81.208977] (-) TimerEvent: {}
[81.309497] (-) TimerEvent: {}
[81.410214] (-) TimerEvent: {}
[81.511121] (-) TimerEvent: {}
[81.611609] (-) TimerEvent: {}
[81.712291] (-) TimerEvent: {}
[81.813202] (-) TimerEvent: {}
[81.913687] (-) TimerEvent: {}
[82.014270] (-) TimerEvent: {}
[82.114922] (-) TimerEvent: {}
[82.215976] (-) TimerEvent: {}
[82.316980] (-) TimerEvent: {}
[82.417955] (-) TimerEvent: {}
[82.518869] (-) TimerEvent: {}
[82.619435] (-) TimerEvent: {}
[82.719968] (-) TimerEvent: {}
[82.820486] (-) TimerEvent: {}
[82.920992] (-) TimerEvent: {}
[83.021630] (-) TimerEvent: {}
[83.122675] (-) TimerEvent: {}
[83.223560] (-) TimerEvent: {}
[83.323991] (-) TimerEvent: {}
[83.424794] (-) TimerEvent: {}
[83.525365] (-) TimerEvent: {}
[83.625916] (-) TimerEvent: {}
[83.726444] (-) TimerEvent: {}
[83.826968] (-) TimerEvent: {}
[83.927497] (-) TimerEvent: {}
[84.028064] (-) TimerEvent: {}
[84.128604] (-) TimerEvent: {}
[84.229140] (-) TimerEvent: {}
[84.329618] (-) TimerEvent: {}
[84.430139] (-) TimerEvent: {}
[84.530646] (-) TimerEvent: {}
[84.631166] (-) TimerEvent: {}
[84.731684] (-) TimerEvent: {}
[84.832699] (-) TimerEvent: {}
[84.933635] (-) TimerEvent: {}
[85.034663] (-) TimerEvent: {}
[85.135699] (-) TimerEvent: {}
[85.236711] (-) TimerEvent: {}
[85.337726] (-) TimerEvent: {}
[85.438585] (-) TimerEvent: {}
[85.539096] (-) TimerEvent: {}
[85.639626] (-) TimerEvent: {}
[85.740638] (-) TimerEvent: {}
[85.841610] (-) TimerEvent: {}
[85.942581] (-) TimerEvent: {}
[86.043561] (-) TimerEvent: {}
[86.144544] (-) TimerEvent: {}
[86.245445] (-) TimerEvent: {}
[86.345949] (-) TimerEvent: {}
[86.446448] (-) TimerEvent: {}
[86.547371] (-) TimerEvent: {}
[86.647893] (-) TimerEvent: {}
[86.748286] (-) TimerEvent: {}
[86.848695] (-) TimerEvent: {}
[86.949034] (-) TimerEvent: {}
[87.049375] (-) TimerEvent: {}
[87.149976] (-) TimerEvent: {}
[87.204535] (turtlesim) StdoutLine: {'line': b'[100%] Built target turtlesim_node\n'}
[87.220909] (turtlesim) CommandEnded: {'returncode': 0}
[87.224060] (turtlesim) JobProgress: {'identifier': 'turtlesim', 'progress': 'install'}
[87.224461] (turtlesim) Command: {'cmd': ['/usr/bin/cmake', '--install', '/home/public/MSE112_MPi5_Hiwonder_ROS2/ros2ws/build/turtlesim'], 'cwd': '/home/public/MSE112_MPi5_Hiwonder_ROS2/ros2ws/build/turtlesim', 'env': OrderedDict({'LESSOPEN': '| /usr/bin/lesspipe %s', 'LANGUAGE': 'en', 'USER': 'admin', 'LC_TIME': 'C.UTF-8', 'XDG_SESSION_TYPE': 'wayland', 'PTYXIS_VERSION': '50.1', 'SHLVL': '1', 'LD_LIBRARY_PATH': '/home/public/MSE112_MPi5_Hiwonder_ROS2/ros2ws/install/turtlesim_msgs/lib:/opt/ros/lyrical/opt/gz_math_vendor/lib:/opt/ros/lyrical/opt/gz_utils_vendor/lib:/opt/ros/lyrical/opt/rviz_ogre_vendor/lib:/opt/ros/lyrical/lib/aarch64-linux-gnu:/opt/ros/lyrical/opt/gz_cmake_vendor/lib:/opt/ros/lyrical/lib', 'HOME': '/home/admin', 'DESKTOP_SESSION': 'ubuntu', 'IM_CONFIG_ENTRY': 'profile', 'ROS_PYTHON_VERSION': '3', 'GTK_MODULES': 'gail:atk-bridge', 'LC_MONETARY': 'C.UTF-8', 'MANAGERPID': '3259', 'DBUS_STARTER_BUS_TYPE': 'session', 'SYSTEMD_EXEC_PID': '3283', 'DBUS_SESSION_BUS_ADDRESS': 'unix:path=/run/user/1000/bus,guid=67fdd25c649dd7932a57fd066a6920d0', 'COLORTERM': 'truecolor', 'DEBUGINFOD_URLS': 'https://debuginfod.ubuntu.com', 'WAYLAND_DISPLAY': 'wayland-0', 'ROS_DISTRO': 'lyrical', 'LOGNAME': 'admin', 'MANAGERPIDFDID': '723', '_': '/usr/bin/colcon', 'ROS_VERSION': '2', 'MEMORY_PRESSURE_WATCH': '/sys/fs/cgroup/user.slice/user-1000.slice/user@1000.service/session.slice/dbus.service/memory.pressure', 'XDG_SESSION_CLASS': 'user', 'USERNAME': 'admin', 'TERM': 'xterm-256color', 'GNOME_DESKTOP_SESSION_ID': 'this-is-deprecated', 'FLATPAK_TTY_PROGRESS': '1', 'PATH': '/opt/ros/lyrical/bin:/usr/local/sbin:/usr/local/bin:/usr/sbin:/usr/bin:/sbin:/bin:/usr/games:/usr/local/games:/snap/bin:/snap/bin', 'INVOCATION_ID': '5fd295d1fe9c49d6885439f3c704513f', 'PAPERSIZE': 'a4', 'XDG_MENU_PREFIX': 'gnome-', 'PTYXIS_PROFILE': '46b325db7867804b9a1cc0046a1f6a7b', 'LC_ADDRESS': 'C.UTF-8', 'GNOME_SETUP_DISPLAY': 'unix:/tmp/.X11-unix/X1', 'XDG_RUNTIME_DIR': '/run/user/1000', 'DISPLAY': ':0', 'LANG': 'en_US.UTF-8', 'XDG_CURRENT_DESKTOP': 'ubuntu:GNOME', 'LC_TELEPHONE': 'C.UTF-8', 'XMODIFIERS': '@im=ibus', 'XDG_SESSION_DESKTOP': 'ubuntu', 'XAUTHORITY': '/run/user/1000/.mutter-Xwaylandauth.Y8A8S3', 'LS_COLORS': 'rs=0:di=01;34:ln=01;36:mh=00:pi=40;33:so=01;35:do=01;35:bd=40;33;01:cd=40;33;01:or=40;31;01:mi=00:su=37;41:sg=30;43:ca=00:tw=30;42:ow=34;42:st=37;44:ex=01;32:*.tar=01;31:*.tgz=01;31:*.arc=01;31:*.arj=01;31:*.taz=01;31:*.lha=01;31:*.lz4=01;31:*.lzh=01;31:*.lzma=01;31:*.tlz=01;31:*.txz=01;31:*.tzo=01;31:*.t7z=01;31:*.zip=01;31:*.z=01;31:*.dz=01;31:*.gz=01;31:*.lrz=01;31:*.lz=01;31:*.lzo=01;31:*.xz=01;31:*.zst=01;31:*.tzst=01;31:*.bz2=01;31:*.bz=01;31:*.tbz=01;31:*.tbz2=01;31:*.tz=01;31:*.deb=01;31:*.rpm=01;31:*.jar=01;31:*.war=01;31:*.ear=01;31:*.sar=01;31:*.rar=01;31:*.alz=01;31:*.ace=01;31:*.zoo=01;31:*.cpio=01;31:*.7z=01;31:*.rz=01;31:*.cab=01;31:*.wim=01;31:*.swm=01;31:*.dwm=01;31:*.esd=01;31:*.avif=01;35:*.jpg=01;35:*.jpeg=01;35:*.mjpg=01;35:*.mjpeg=01;35:*.gif=01;35:*.bmp=01;35:*.pbm=01;35:*.pgm=01;35:*.ppm=01;35:*.tga=01;35:*.xbm=01;35:*.xpm=01;35:*.tif=01;35:*.tiff=01;35:*.png=01;35:*.svg=01;35:*.svgz=01;35:*.mng=01;35:*.pcx=01;35:*.mov=01;35:*.mpg=01;35:*.mpeg=01;35:*.m2v=01;35:*.mkv=01;35:*.webm=01;35:*.webp=01;35:*.ogm=01;35:*.mp4=01;35:*.m4v=01;35:*.mp4v=01;35:*.vob=01;35:*.qt=01;35:*.nuv=01;35:*.wmv=01;35:*.asf=01;35:*.rm=01;35:*.rmvb=01;35:*.flc=01;35:*.avi=01;35:*.fli=01;35:*.flv=01;35:*.gl=01;35:*.dl=01;35:*.xcf=01;35:*.xwd=01;35:*.yuv=01;35:*.cgm=01;35:*.emf=01;35:*.ogv=01;35:*.ogx=01;35:*.aac=00;36:*.au=00;36:*.flac=00;36:*.m4a=00;36:*.mid=00;36:*.midi=00;36:*.mka=00;36:*.mp3=00;36:*.mpc=00;36:*.ogg=00;36:*.ra=00;36:*.wav=00;36:*.oga=00;36:*.opus=00;36:*.spx=00;36:*.xspf=00;36:*~=00;90:*#=00;90:*.bak=00;90:*.old=00;90:*.orig=00;90:*.part=00;90:*.rej=00;90:*.swp=00;90:*.tmp=00;90:*.dpkg-dist=00;90:*.dpkg-old=00;90:*.ucf-dist=00;90:*.ucf-new=00;90:*.ucf-old=00;90:*.rpmnew=00;90:*.rpmorig=00;90:*.rpmsave=00;90:', 'SSH_AUTH_SOCK': '/run/user/1000/gcr/ssh', 'AMENT_PREFIX_PATH': '/home/public/MSE112_MPi5_Hiwonder_ROS2/ros2ws/install/turtlesim_msgs:/opt/ros/lyrical', 'SHELL': '/bin/bash', 'LC_NAME': 'C.UTF-8', 'QT_ACCESSIBILITY': '1', 'GDMSESSION': 'ubuntu', 'LESSCLOSE': '/usr/bin/lesspipe %s %s', 'LC_MEASUREMENT': 'C.UTF-8', 'GPG_AGENT_INFO': '/run/user/1000/gnupg/S.gpg-agent:0:1', 'LC_IDENTIFICATION': 'C.UTF-8', 'GSK_RENDERER': 'gl', 'ROS_AUTOMATIC_DISCOVERY_RANGE': 'SUBNET', 'QT_IM_MODULE': 'ibus', 'PWD': '/home/public/MSE112_MPi5_Hiwonder_ROS2/ros2ws/build/turtlesim', 'XDG_CONFIG_DIRS': '/etc/xdg/xdg-ubuntu:/etc/xdg', 'DBUS_STARTER_ADDRESS': 'unix:path=/run/user/1000/bus,guid=67fdd25c649dd7932a57fd066a6920d0', 'XDG_DATA_DIRS': '/usr/share/ubuntu:/usr/share/gnome:/usr/local/share/:/usr/share/:/var/lib/snapd/desktop', 'XDG_SESSION_EXTRA_DEVICE_ACCESS': 'render:accel', 'PYTHONPATH': '/home/public/MSE112_MPi5_Hiwonder_ROS2/ros2ws/install/turtlesim_msgs/lib/python3.14/site-packages:/opt/ros/lyrical/opt/gz_math_vendor/lib/python:/opt/ros/lyrical/lib/python3.14/site-packages', 'LC_NUMERIC': 'C.UTF-8', 'LC_PAPER': 'C.UTF-8', 'COLCON': '1', 'QT_IM_MODULES': 'wayland;ibus', 'MEMORY_PRESSURE_WRITE': 'c29tZSAyMDAwMDAgMjAwMDAwMAA=', 'VTE_VERSION': '8400', 'CMAKE_PREFIX_PATH': '/home/public/MSE112_MPi5_Hiwonder_ROS2/ros2ws/install/turtlesim_msgs:/opt/ros/lyrical/opt/gz_math_vendor:/opt/ros/lyrical/opt/gz_utils_vendor:/opt/ros/lyrical/opt/gz_cmake_vendor:/opt/ros/lyrical'}), 'shell': False}
[87.236840] (turtlesim) StdoutLine: {'line': b'-- Install configuration: ""\n'}
[87.237630] (turtlesim) StdoutLine: {'line': b'-- Execute custom install script\n'}
[87.239440] (turtlesim) StdoutLine: {'line': b'-- Up-to-date symlink: /home/public/MSE112_MPi5_Hiwonder_ROS2/ros2ws/install/turtlesim/lib/turtlesim/turtlesim_node\n'}
[87.239884] (turtlesim) StdoutLine: {'line': b'-- Up-to-date symlink: /home/public/MSE112_MPi5_Hiwonder_ROS2/ros2ws/install/turtlesim/lib/turtlesim/turtle_teleop_key\n'}
[87.240331] (turtlesim) StdoutLine: {'line': b'-- Up-to-date symlink: /home/public/MSE112_MPi5_Hiwonder_ROS2/ros2ws/install/turtlesim/lib/turtlesim/draw_square\n'}
[87.240912] (turtlesim) StdoutLine: {'line': b'-- Up-to-date symlink: /home/public/MSE112_MPi5_Hiwonder_ROS2/ros2ws/install/turtlesim/lib/turtlesim/mimic\n'}
[87.244698] (turtlesim) StdoutLine: {'line': b'-- Up-to-date symlink: /home/public/MSE112_MPi5_Hiwonder_ROS2/ros2ws/install/turtlesim/share/turtlesim/launch/multisim.launch.py\n'}
[87.246064] (turtlesim) StdoutLine: {'line': b'-- Up-to-date symlink: /home/public/MSE112_MPi5_Hiwonder_ROS2/ros2ws/install/turtlesim/share/ament_index/resource_index/package_run_dependencies/turtlesim\n'}
[87.247243] (turtlesim) StdoutLine: {'line': b'-- Up-to-date symlink: /home/public/MSE112_MPi5_Hiwonder_ROS2/ros2ws/install/turtlesim/share/ament_index/resource_index/parent_prefix_path/turtlesim\n'}
[87.248421] (turtlesim) StdoutLine: {'line': b'-- Up-to-date symlink: /home/public/MSE112_MPi5_Hiwonder_ROS2/ros2ws/install/turtlesim/share/turtlesim/environment/ament_prefix_path.sh\n'}
[87.249263] (turtlesim) StdoutLine: {'line': b'-- Up-to-date symlink: /home/public/MSE112_MPi5_Hiwonder_ROS2/ros2ws/install/turtlesim/share/turtlesim/environment/ament_prefix_path.dsv\n'}
[87.249951] (-) TimerEvent: {}
[87.250292] (turtlesim) StdoutLine: {'line': b'-- Up-to-date symlink: /home/public/MSE112_MPi5_Hiwonder_ROS2/ros2ws/install/turtlesim/share/turtlesim/environment/path.sh\n'}
[87.251154] (turtlesim) StdoutLine: {'line': b'-- Up-to-date symlink: /home/public/MSE112_MPi5_Hiwonder_ROS2/ros2ws/install/turtlesim/share/turtlesim/environment/path.dsv\n'}
[87.252052] (turtlesim) StdoutLine: {'line': b'-- Up-to-date symlink: /home/public/MSE112_MPi5_Hiwonder_ROS2/ros2ws/install/turtlesim/share/turtlesim/local_setup.bash\n'}
[87.253423] (turtlesim) StdoutLine: {'line': b'-- Up-to-date symlink: /home/public/MSE112_MPi5_Hiwonder_ROS2/ros2ws/install/turtlesim/share/turtlesim/local_setup.fish\n'}
[87.254440] (turtlesim) StdoutLine: {'line': b'-- Up-to-date symlink: /home/public/MSE112_MPi5_Hiwonder_ROS2/ros2ws/install/turtlesim/share/turtlesim/local_setup.sh\n'}
[87.255390] (turtlesim) StdoutLine: {'line': b'-- Up-to-date symlink: /home/public/MSE112_MPi5_Hiwonder_ROS2/ros2ws/install/turtlesim/share/turtlesim/local_setup.zsh\n'}
[87.256229] (turtlesim) StdoutLine: {'line': b'-- Up-to-date symlink: /home/public/MSE112_MPi5_Hiwonder_ROS2/ros2ws/install/turtlesim/share/turtlesim/local_setup.dsv\n'}
[87.256706] (turtlesim) StdoutLine: {'line': b'-- Symlinking: /home/public/MSE112_MPi5_Hiwonder_ROS2/ros2ws/install/turtlesim/share/turtlesim/package.dsv\n'}
[87.271682] (turtlesim) StdoutLine: {'line': b'-- Up-to-date symlink: /home/public/MSE112_MPi5_Hiwonder_ROS2/ros2ws/install/turtlesim/share/ament_index/resource_index/packages/turtlesim\n'}
[87.272689] (turtlesim) StdoutLine: {'line': b'-- Up-to-date symlink: /home/public/MSE112_MPi5_Hiwonder_ROS2/ros2ws/install/turtlesim/share/turtlesim/cmake/turtlesimConfig.cmake\n'}
[87.273093] (turtlesim) StdoutLine: {'line': b'-- Up-to-date symlink: /home/public/MSE112_MPi5_Hiwonder_ROS2/ros2ws/install/turtlesim/share/turtlesim/cmake/turtlesimConfig-version.cmake\n'}
[87.273914] (turtlesim) StdoutLine: {'line': b'-- Up-to-date symlink: /home/public/MSE112_MPi5_Hiwonder_ROS2/ros2ws/install/turtlesim/share/turtlesim/package.xml\n'}
[87.274037] (turtlesim) StdoutLine: {'line': b'-- Up-to-date: /home/public/MSE112_MPi5_Hiwonder_ROS2/ros2ws/install/turtlesim/share/turtlesim/images\n'}
[87.274390] (turtlesim) StdoutLine: {'line': b'-- Up-to-date: /home/public/MSE112_MPi5_Hiwonder_ROS2/ros2ws/install/turtlesim/share/turtlesim/images/kilted.png\n'}
[87.274489] (turtlesim) StdoutLine: {'line': b'-- Up-to-date: /home/public/MSE112_MPi5_Hiwonder_ROS2/ros2ws/install/turtlesim/share/turtlesim/images/eloquent.png\n'}
[87.274600] (turtlesim) StdoutLine: {'line': b'-- Up-to-date: /home/public/MSE112_MPi5_Hiwonder_ROS2/ros2ws/install/turtlesim/share/turtlesim/images/jazzy.png\n'}
[87.274711] (turtlesim) StdoutLine: {'line': b'-- Up-to-date: /home/public/MSE112_MPi5_Hiwonder_ROS2/ros2ws/install/turtlesim/share/turtlesim/images/bouncy.png\n'}
[87.274813] (turtlesim) StdoutLine: {'line': b'-- Up-to-date: /home/public/MSE112_MPi5_Hiwonder_ROS2/ros2ws/install/turtlesim/share/turtlesim/images/galactic.png\n'}
[87.274888] (turtlesim) StdoutLine: {'line': b'-- Up-to-date: /home/public/MSE112_MPi5_Hiwonder_ROS2/ros2ws/install/turtlesim/share/turtlesim/images/foxy.png\n'}
[87.274976] (turtlesim) StdoutLine: {'line': b'-- Up-to-date: /home/public/MSE112_MPi5_Hiwonder_ROS2/ros2ws/install/turtlesim/share/turtlesim/images/humble.png\n'}
[87.275048] (turtlesim) StdoutLine: {'line': b'-- Up-to-date: /home/public/MSE112_MPi5_Hiwonder_ROS2/ros2ws/install/turtlesim/share/turtlesim/images/dashing.png\n'}
[87.275141] (turtlesim) StdoutLine: {'line': b'-- Up-to-date: /home/public/MSE112_MPi5_Hiwonder_ROS2/ros2ws/install/turtlesim/share/turtlesim/images/crystal.png\n'}
[87.275209] (turtlesim) StdoutLine: {'line': b'-- Up-to-date: /home/public/MSE112_MPi5_Hiwonder_ROS2/ros2ws/install/turtlesim/share/turtlesim/images/iron.png\n'}
[87.275273] (turtlesim) StdoutLine: {'line': b'-- Up-to-date: /home/public/MSE112_MPi5_Hiwonder_ROS2/ros2ws/install/turtlesim/share/turtlesim/images/lyrical.png\n'}
[87.275338] (turtlesim) StdoutLine: {'line': b'-- Up-to-date: /home/public/MSE112_MPi5_Hiwonder_ROS2/ros2ws/install/turtlesim/share/turtlesim/images/ardent.png\n'}
[87.275401] (turtlesim) StdoutLine: {'line': b'-- Up-to-date: /home/public/MSE112_MPi5_Hiwonder_ROS2/ros2ws/install/turtlesim/share/turtlesim/images/rolling.png\n'}
[87.277382] (turtlesim) CommandEnded: {'returncode': 0}
[87.303212] (turtlesim) JobEnded: {'identifier': 'turtlesim', 'rc': 0}
[87.304614] (-) EventReactorShutdown: {}
