[0.000000] (-) TimerEvent: {}
[0.000223] (controls_core) JobQueued: {'identifier': 'controls_core', 'dependencies': OrderedDict()}
[0.000308] (hiwonder_board) JobQueued: {'identifier': 'hiwonder_board', 'dependencies': OrderedDict()}
[0.000330] (opencv2_nodes) JobQueued: {'identifier': 'opencv2_nodes', 'dependencies': OrderedDict()}
[0.000346] (turtlesim_msgs) JobQueued: {'identifier': 'turtlesim_msgs', 'dependencies': OrderedDict()}
[0.000360] (turtlesim) JobQueued: {'identifier': 'turtlesim', 'dependencies': OrderedDict({'turtlesim_msgs': '/home/public/ros2ws/install/turtlesim_msgs'})}
[0.000762] (turtlesim_msgs) JobStarted: {'identifier': 'turtlesim_msgs'}
[0.026175] (controls_core) JobStarted: {'identifier': 'controls_core'}
[0.041682] (hiwonder_board) JobStarted: {'identifier': 'hiwonder_board'}
[0.062455] (opencv2_nodes) JobStarted: {'identifier': 'opencv2_nodes'}
[0.077796] (turtlesim_msgs) JobProgress: {'identifier': 'turtlesim_msgs', 'progress': 'cmake'}
[0.090357] (turtlesim_msgs) JobProgress: {'identifier': 'turtlesim_msgs', 'progress': 'build'}
[0.091423] (turtlesim_msgs) Command: {'cmd': ['/usr/bin/cmake', '--build', '/home/public/ros2ws/build/turtlesim_msgs', '--', '-j4', '-l4'], 'cwd': '/home/public/ros2ws/build/turtlesim_msgs', 'env': OrderedDict({'LESSOPEN': '| /usr/bin/lesspipe %s', 'LANGUAGE': 'en', 'USER': 'admin', 'LC_TIME': 'C.UTF-8', 'XDG_SESSION_TYPE': 'wayland', 'PTYXIS_VERSION': '50.1', 'SHLVL': '1', 'LD_LIBRARY_PATH': '/opt/ros/lyrical/opt/gz_math_vendor/lib:/opt/ros/lyrical/opt/gz_utils_vendor/lib:/opt/ros/lyrical/opt/rviz_ogre_vendor/lib:/opt/ros/lyrical/lib/aarch64-linux-gnu:/opt/ros/lyrical/opt/gz_cmake_vendor/lib:/opt/ros/lyrical/lib', 'HOME': '/home/admin', 'DESKTOP_SESSION': 'ubuntu', 'IM_CONFIG_ENTRY': 'profile', 'ROS_PYTHON_VERSION': '3', 'GTK_MODULES': 'gail:atk-bridge', 'LC_MONETARY': 'C.UTF-8', 'MANAGERPID': '3081', 'DBUS_STARTER_BUS_TYPE': 'session', 'SYSTEMD_EXEC_PID': '3110', 'DBUS_SESSION_BUS_ADDRESS': 'unix:path=/run/user/1000/bus,guid=e2de62902b556789e778b7eb69dfd9f0', 'COLORTERM': 'truecolor', 'DEBUGINFOD_URLS': 'https://debuginfod.ubuntu.com', 'WAYLAND_DISPLAY': 'wayland-0', 'ROS_DISTRO': 'lyrical', 'LOGNAME': 'admin', 'MANAGERPIDFDID': '713', '_': '/usr/bin/colcon', 'ROS_VERSION': '2', 'MEMORY_PRESSURE_WATCH': '/sys/fs/cgroup/user.slice/user-1000.slice/user@1000.service/session.slice/dbus.service/memory.pressure', 'XDG_SESSION_CLASS': 'user', 'USERNAME': 'admin', 'TERM': 'xterm-256color', 'GNOME_DESKTOP_SESSION_ID': 'this-is-deprecated', 'FLATPAK_TTY_PROGRESS': '1', 'PATH': '/opt/ros/lyrical/bin:/usr/local/sbin:/usr/local/bin:/usr/sbin:/usr/bin:/sbin:/bin:/usr/games:/usr/local/games:/snap/bin:/snap/bin', 'INVOCATION_ID': '353afd881557444d899c3fa8b680a80b', 'PAPERSIZE': 'a4', 'XDG_MENU_PREFIX': 'gnome-', 'PTYXIS_PROFILE': '46b325db7867804b9a1cc0046a1f6a7b', 'LC_ADDRESS': 'C.UTF-8', 'GNOME_SETUP_DISPLAY': 'unix:/tmp/.X11-unix/X1', 'XDG_RUNTIME_DIR': '/run/user/1000', 'DISPLAY': ':0', 'LANG': 'en_US.UTF-8', 'XDG_CURRENT_DESKTOP': 'ubuntu:GNOME', 'LC_TELEPHONE': 'C.UTF-8', 'XMODIFIERS': '@im=ibus', 'XDG_SESSION_DESKTOP': 'ubuntu', 'XAUTHORITY': '/run/user/1000/.mutter-Xwaylandauth.7TYEN3', 'LS_COLORS': 'rs=0:di=01;34:ln=01;36:mh=00:pi=40;33:so=01;35:do=01;35:bd=40;33;01:cd=40;33;01:or=40;31;01:mi=00:su=37;41:sg=30;43:ca=00:tw=30;42:ow=34;42:st=37;44:ex=01;32:*.tar=01;31:*.tgz=01;31:*.arc=01;31:*.arj=01;31:*.taz=01;31:*.lha=01;31:*.lz4=01;31:*.lzh=01;31:*.lzma=01;31:*.tlz=01;31:*.txz=01;31:*.tzo=01;31:*.t7z=01;31:*.zip=01;31:*.z=01;31:*.dz=01;31:*.gz=01;31:*.lrz=01;31:*.lz=01;31:*.lzo=01;31:*.xz=01;31:*.zst=01;31:*.tzst=01;31:*.bz2=01;31:*.bz=01;31:*.tbz=01;31:*.tbz2=01;31:*.tz=01;31:*.deb=01;31:*.rpm=01;31:*.jar=01;31:*.war=01;31:*.ear=01;31:*.sar=01;31:*.rar=01;31:*.alz=01;31:*.ace=01;31:*.zoo=01;31:*.cpio=01;31:*.7z=01;31:*.rz=01;31:*.cab=01;31:*.wim=01;31:*.swm=01;31:*.dwm=01;31:*.esd=01;31:*.avif=01;35:*.jpg=01;35:*.jpeg=01;35:*.mjpg=01;35:*.mjpeg=01;35:*.gif=01;35:*.bmp=01;35:*.pbm=01;35:*.pgm=01;35:*.ppm=01;35:*.tga=01;35:*.xbm=01;35:*.xpm=01;35:*.tif=01;35:*.tiff=01;35:*.png=01;35:*.svg=01;35:*.svgz=01;35:*.mng=01;35:*.pcx=01;35:*.mov=01;35:*.mpg=01;35:*.mpeg=01;35:*.m2v=01;35:*.mkv=01;35:*.webm=01;35:*.webp=01;35:*.ogm=01;35:*.mp4=01;35:*.m4v=01;35:*.mp4v=01;35:*.vob=01;35:*.qt=01;35:*.nuv=01;35:*.wmv=01;35:*.asf=01;35:*.rm=01;35:*.rmvb=01;35:*.flc=01;35:*.avi=01;35:*.fli=01;35:*.flv=01;35:*.gl=01;35:*.dl=01;35:*.xcf=01;35:*.xwd=01;35:*.yuv=01;35:*.cgm=01;35:*.emf=01;35:*.ogv=01;35:*.ogx=01;35:*.aac=00;36:*.au=00;36:*.flac=00;36:*.m4a=00;36:*.mid=00;36:*.midi=00;36:*.mka=00;36:*.mp3=00;36:*.mpc=00;36:*.ogg=00;36:*.ra=00;36:*.wav=00;36:*.oga=00;36:*.opus=00;36:*.spx=00;36:*.xspf=00;36:*~=00;90:*#=00;90:*.bak=00;90:*.old=00;90:*.orig=00;90:*.part=00;90:*.rej=00;90:*.swp=00;90:*.tmp=00;90:*.dpkg-dist=00;90:*.dpkg-old=00;90:*.ucf-dist=00;90:*.ucf-new=00;90:*.ucf-old=00;90:*.rpmnew=00;90:*.rpmorig=00;90:*.rpmsave=00;90:', 'SSH_AUTH_SOCK': '/run/user/1000/gcr/ssh', 'AMENT_PREFIX_PATH': '/opt/ros/lyrical', 'SHELL': '/bin/bash', 'LC_NAME': 'C.UTF-8', 'QT_ACCESSIBILITY': '1', 'GDMSESSION': 'ubuntu', 'LESSCLOSE': '/usr/bin/lesspipe %s %s', 'LC_MEASUREMENT': 'C.UTF-8', 'GPG_AGENT_INFO': '/run/user/1000/gnupg/S.gpg-agent:0:1', 'LC_IDENTIFICATION': 'C.UTF-8', 'GSK_RENDERER': 'gl', 'ROS_AUTOMATIC_DISCOVERY_RANGE': 'SUBNET', 'QT_IM_MODULE': 'ibus', 'PWD': '/home/public/ros2ws/build/turtlesim_msgs', 'XDG_CONFIG_DIRS': '/etc/xdg/xdg-ubuntu:/etc/xdg', 'DBUS_STARTER_ADDRESS': 'unix:path=/run/user/1000/bus,guid=e2de62902b556789e778b7eb69dfd9f0', 'XDG_DATA_DIRS': '/usr/share/ubuntu:/usr/share/gnome:/usr/local/share/:/usr/share/:/var/lib/snapd/desktop', 'XDG_SESSION_EXTRA_DEVICE_ACCESS': 'render:accel', 'PYTHONPATH': '/opt/ros/lyrical/opt/gz_math_vendor/lib/python:/opt/ros/lyrical/lib/python3.14/site-packages', 'LC_NUMERIC': 'C.UTF-8', 'LC_PAPER': 'C.UTF-8', 'COLCON': '1', 'QT_IM_MODULES': 'wayland;ibus', 'MEMORY_PRESSURE_WRITE': 'c29tZSAyMDAwMDAgMjAwMDAwMAA=', 'VTE_VERSION': '8400', 'CMAKE_PREFIX_PATH': '/opt/ros/lyrical/opt/gz_math_vendor:/opt/ros/lyrical/opt/gz_utils_vendor:/opt/ros/lyrical/opt/gz_cmake_vendor:/opt/ros/lyrical'}), 'shell': False}
[0.099748] (-) TimerEvent: {}
[0.200101] (-) TimerEvent: {}
[0.300529] (-) TimerEvent: {}
[0.400952] (-) TimerEvent: {}
[0.501761] (-) TimerEvent: {}
[0.602224] (-) TimerEvent: {}
[0.702628] (-) TimerEvent: {}
[0.803163] (-) TimerEvent: {}
[0.903818] (-) TimerEvent: {}
[0.964730] (turtlesim_msgs) StderrLine: {'line': b"gmake: Warning: File 'Makefile' has modification time 8915525 s in the future\n"}
[0.966725] (turtlesim_msgs) StderrLine: {'line': b"gmake[1]: Warning: File 'CMakeFiles/Makefile2' has modification time 8915525 s in the future\n"}
[0.966881] (turtlesim_msgs) StderrLine: {'line': b"gmake[2]: Warning: File 'CMakeFiles/turtlesim_msgs__rosidl_generator_type_description.dir/build.make' has modification time 7875861 s in the future\n"}
[0.967015] (turtlesim_msgs) StderrLine: {'line': b"gmake[2]: Warning: File '/home/public/ros2ws/build/turtlesim_msgs/turtlesim_msgs__rs/CMakeFiles/turtlesim_msgs__rs.dir/build.make' has modification time 7875861 s in the future\n"}
[0.967100] (turtlesim_msgs) StderrLine: {'line': b'gmake[2]: warning:  Clock skew detected.  Your build may be incomplete.\n'}
[0.967173] (turtlesim_msgs) StderrLine: {'line': b'gmake[2]: warning:  Clock skew detected.  Your build may be incomplete.\n'}
[0.967256] (turtlesim_msgs) StderrLine: {'line': b"gmake[2]: Warning: File 'CMakeFiles/turtlesim_msgs__rosidl_generator_type_description.dir/build.make' has modification time 7875861 s in the future\n"}
[0.967337] (turtlesim_msgs) StderrLine: {'line': b"gmake[2]: Warning: File '/home/public/ros2ws/build/turtlesim_msgs/turtlesim_msgs__rs/CMakeFiles/turtlesim_msgs__rs.dir/build.make' has modification time 7875861 s in the future\n"}
[0.967432] (turtlesim_msgs) StderrLine: {'line': b'gmake[2]: warning:  Clock skew detected.  Your build may be incomplete.\n'}
[0.967530] (turtlesim_msgs) StderrLine: {'line': b'gmake[2]: warning:  Clock skew detected.  Your build may be incomplete.\n'}
[0.967610] (turtlesim_msgs) StderrLine: {'line': b"gmake[2]: Warning: File 'CMakeFiles/turtlesim_msgs__cpp.dir/build.make' has modification time 7875861 s in the future\n"}
[0.967718] (turtlesim_msgs) StderrLine: {'line': b"gmake[2]: Warning: File 'CMakeFiles/turtlesim_msgs__rosidl_generator_c.dir/build.make' has modification time 7875861 s in the future\n"}
[0.967800] (turtlesim_msgs) StderrLine: {'line': b'gmake[2]: warning:  Clock skew detected.  Your build may be incomplete.\n'}
[0.967870] (turtlesim_msgs) StderrLine: {'line': b"gmake[2]: Warning: File 'CMakeFiles/turtlesim_msgs__cpp.dir/build.make' has modification time 7875861 s in the future\n"}
[0.967983] (turtlesim_msgs) StderrLine: {'line': b'gmake[2]: warning:  Clock skew detected.  Your build may be incomplete.\n'}
[0.968108] (turtlesim_msgs) StderrLine: {'line': b'gmake[2]: warning:  Clock skew detected.  Your build may be incomplete.\n'}
[0.968232] (turtlesim_msgs) StderrLine: {'line': b"gmake[2]: Warning: File 'CMakeFiles/turtlesim_msgs__rosidl_generator_c.dir/build.make' has modification time 7875861 s in the future\n"}
[0.968317] (turtlesim_msgs) StderrLine: {'line': b'gmake[2]: warning:  Clock skew detected.  Your build may be incomplete.\n'}
[0.968415] (turtlesim_msgs) StderrLine: {'line': b"gmake[2]: Warning: File 'CMakeFiles/turtlesim_msgs__rosidl_typesupport_cpp.dir/build.make' has modification time 7875861 s in the future\n"}
[0.968522] (turtlesim_msgs) StderrLine: {'line': b"gmake[2]: Warning: File 'CMakeFiles/turtlesim_msgs__rosidl_typesupport_fastrtps_cpp.dir/build.make' has modification time 7875861 s in the future\n"}
[0.968895] (turtlesim_msgs) StderrLine: {'line': b"gmake[2]: Warning: File 'CMakeFiles/turtlesim_msgs__rosidl_typesupport_fastrtps_c.dir/build.make' has modification time 7875861 s in the future\n"}
[0.969138] (turtlesim_msgs) StderrLine: {'line': b'gmake[2]: warning:  Clock skew detected.  Your build may be incomplete.\n'}
[0.969226] (turtlesim_msgs) StderrLine: {'line': b'gmake[2]: warning:  Clock skew detected.  Your build may be incomplete.\n'}
[0.969305] (turtlesim_msgs) StderrLine: {'line': b"gmake[2]: Warning: File 'CMakeFiles/turtlesim_msgs__rosidl_typesupport_cpp.dir/build.make' has modification time 7875861 s in the future\n"}
[0.969416] (turtlesim_msgs) StderrLine: {'line': b"gmake[2]: Warning: File 'CMakeFiles/turtlesim_msgs__rosidl_typesupport_fastrtps_c.dir/build.make' has modification time 7875861 s in the future\n"}
[0.969552] (turtlesim_msgs) StderrLine: {'line': b'gmake[2]: warning:  Clock skew detected.  Your build may be incomplete.\n'}
[0.969640] (turtlesim_msgs) StderrLine: {'line': b"gmake[2]: Warning: File 'CMakeFiles/turtlesim_msgs__rosidl_typesupport_introspection_c.dir/build.make' has modification time 7875861 s in the future\n"}
[0.969779] (turtlesim_msgs) StderrLine: {'line': b"gmake[2]: Warning: File 'CMakeFiles/turtlesim_msgs__rosidl_typesupport_fastrtps_cpp.dir/build.make' has modification time 7875861 s in the future\n"}
[0.969846] (turtlesim_msgs) StderrLine: {'line': b'gmake[2]: warning:  Clock skew detected.  Your build may be incomplete.\n'}
[0.969930] (turtlesim_msgs) StderrLine: {'line': b"gmake[2]: Warning: File 'CMakeFiles/turtlesim_msgs__rosidl_typesupport_introspection_c.dir/build.make' has modification time 7875861 s in the future\n"}
[0.970063] (turtlesim_msgs) StderrLine: {'line': b'gmake[2]: warning:  Clock skew detected.  Your build may be incomplete.\n'}
[0.970135] (turtlesim_msgs) StderrLine: {'line': b'gmake[2]: warning:  Clock skew detected.  Your build may be incomplete.\n'}
[0.970201] (turtlesim_msgs) StderrLine: {'line': b'gmake[2]: warning:  Clock skew detected.  Your build may be incomplete.\n'}
[0.970283] (turtlesim_msgs) StderrLine: {'line': b'gmake[2]: warning:  Clock skew detected.  Your build may be incomplete.\n'}
[0.970349] (turtlesim_msgs) StderrLine: {'line': b"gmake[2]: Warning: File 'CMakeFiles/turtlesim_msgs__rosidl_typesupport_c.dir/build.make' has modification time 7875861 s in the future\n"}
[0.970441] (turtlesim_msgs) StderrLine: {'line': b"gmake[2]: Warning: File 'CMakeFiles/turtlesim_msgs__rosidl_typesupport_introspection_cpp.dir/build.make' has modification time 7875861 s in the future\n"}
[0.970542] (turtlesim_msgs) StderrLine: {'line': b'gmake[2]: warning:  Clock skew detected.  Your build may be incomplete.\n'}
[0.970660] (turtlesim_msgs) StderrLine: {'line': b"gmake[2]: Warning: File 'CMakeFiles/turtlesim_msgs__rosidl_typesupport_c.dir/build.make' has modification time 7875861 s in the future\n"}
[0.970784] (turtlesim_msgs) StderrLine: {'line': b'gmake[2]: warning:  Clock skew detected.  Your build may be incomplete.\n'}
[0.970859] (turtlesim_msgs) StderrLine: {'line': b'gmake[2]: warning:  Clock skew detected.  Your build may be incomplete.\n'}
[0.970995] (turtlesim_msgs) StderrLine: {'line': b"gmake[2]: Warning: File 'CMakeFiles/turtlesim_msgs__rosidl_typesupport_introspection_cpp.dir/build.make' has modification time 7875861 s in the future\n"}
[0.971082] (turtlesim_msgs) StderrLine: {'line': b'gmake[2]: warning:  Clock skew detected.  Your build may be incomplete.\n'}
[0.971146] (turtlesim_msgs) StderrLine: {'line': b"gmake[2]: Warning: File 'CMakeFiles/turtlesim_msgs.dir/build.make' has modification time 7875861 s in the future\n"}
[0.971230] (turtlesim_msgs) StderrLine: {'line': b'gmake[2]: warning:  Clock skew detected.  Your build may be incomplete.\n'}
[0.971291] (turtlesim_msgs) StderrLine: {'line': b"gmake[2]: Warning: File 'CMakeFiles/turtlesim_msgs.dir/build.make' has modification time 7875861 s in the future\n"}
[0.971349] (turtlesim_msgs) StderrLine: {'line': b'gmake[2]: warning:  Clock skew detected.  Your build may be incomplete.\n'}
[0.971405] (turtlesim_msgs) StderrLine: {'line': b"gmake[2]: Warning: File '/home/public/ros2ws/build/turtlesim_msgs/turtlesim_msgs__py/CMakeFiles/turtlesim_msgs__py.dir/build.make' has modification time 7875861 s in the future\n"}
[0.971465] (turtlesim_msgs) StderrLine: {'line': b'gmake[2]: warning:  Clock skew detected.  Your build may be incomplete.\n'}
[0.971528] (turtlesim_msgs) StderrLine: {'line': b"gmake[2]: Warning: File '/home/public/ros2ws/build/turtlesim_msgs/turtlesim_msgs__py/CMakeFiles/turtlesim_msgs__py.dir/build.make' has modification time 7875861 s in the future\n"}
[0.971594] (turtlesim_msgs) StderrLine: {'line': b'gmake[2]: warning:  Clock skew detected.  Your build may be incomplete.\n'}
[0.971656] (turtlesim_msgs) StderrLine: {'line': b"gmake[2]: Warning: File 'CMakeFiles/ament_cmake_python_sync_turtlesim_msgs.dir/build.make' has modification time 7875861 s in the future\n"}
[0.971718] (turtlesim_msgs) StderrLine: {'line': b"gmake[2]: Warning: File 'CMakeFiles/turtlesim_msgs__rosidl_generator_py.dir/build.make' has modification time 7875861 s in the future\n"}
[0.971788] (turtlesim_msgs) StderrLine: {'line': b'gmake[2]: warning:  Clock skew detected.  Your build may be incomplete.\n'}
[0.971857] (turtlesim_msgs) StderrLine: {'line': b"gmake[2]: Warning: File 'CMakeFiles/ament_cmake_python_sync_turtlesim_msgs.dir/build.make' has modification time 7875861 s in the future\n"}
[0.972032] (turtlesim_msgs) StdoutLine: {'line': b'[  1%] Built target turtlesim_msgs__rosidl_generator_type_description\n'}
[0.972204] (turtlesim_msgs) StdoutLine: {'line': b'[  2%] Built target turtlesim_msgs__rs\n'}
[0.972287] (turtlesim_msgs) StdoutLine: {'line': b'[  2%] Built target turtlesim_msgs__cpp\n'}
[0.972370] (turtlesim_msgs) StdoutLine: {'line': b'[ 27%] Built target turtlesim_msgs__rosidl_generator_c\n'}
[0.972466] (turtlesim_msgs) StdoutLine: {'line': b'[ 52%] Built target turtlesim_msgs__rosidl_typesupport_introspection_c\n'}
[0.972563] (turtlesim_msgs) StdoutLine: {'line': b'[ 56%] Built target turtlesim_msgs__rosidl_typesupport_fastrtps_cpp\n'}
[0.972639] (turtlesim_msgs) StdoutLine: {'line': b'[ 56%] Built target turtlesim_msgs__rosidl_typesupport_cpp\n'}
[0.972705] (turtlesim_msgs) StdoutLine: {'line': b'[ 65%] Built target turtlesim_msgs__rosidl_typesupport_fastrtps_c\n'}
[0.972782] (turtlesim_msgs) StdoutLine: {'line': b'[ 74%] Built target turtlesim_msgs__rosidl_typesupport_c\n'}
[0.972862] (turtlesim_msgs) StdoutLine: {'line': b'[ 84%] Built target turtlesim_msgs__rosidl_typesupport_introspection_cpp\n'}
[0.972995] (turtlesim_msgs) StdoutLine: {'line': b'[ 84%] Built target turtlesim_msgs\n'}
[0.973072] (turtlesim_msgs) StdoutLine: {'line': b'[ 85%] Built target turtlesim_msgs__py\n'}
[0.984611] (turtlesim_msgs) StderrLine: {'line': b'gmake[2]: warning:  Clock skew detected.  Your build may be incomplete.\n'}
[0.990138] (turtlesim_msgs) StderrLine: {'line': b"gmake[2]: Warning: File 'CMakeFiles/turtlesim_msgs__rosidl_generator_py.dir/build.make' has modification time 7875861 s in the future\n"}
[1.003937] (-) TimerEvent: {}
[1.021865] (turtlesim_msgs) StderrLine: {'line': b'gmake[2]: warning:  Clock skew detected.  Your build may be incomplete.\n'}
[1.034767] (turtlesim_msgs) StdoutLine: {'line': b'[ 94%] Built target turtlesim_msgs__rosidl_generator_py\n'}
[1.054698] (turtlesim_msgs) StderrLine: {'line': b"gmake[2]: Warning: File 'CMakeFiles/turtlesim_msgs_s__rosidl_typesupport_fastrtps_c.dir/build.make' has modification time 7875860 s in the future\n"}
[1.056290] (turtlesim_msgs) StderrLine: {'line': b"gmake[2]: Warning: File 'CMakeFiles/turtlesim_msgs_s__rosidl_typesupport_introspection_c.dir/build.make' has modification time 7875860 s in the future\n"}
[1.058400] (turtlesim_msgs) StderrLine: {'line': b"gmake[2]: Warning: File 'CMakeFiles/turtlesim_msgs_s__rosidl_typesupport_c.dir/build.make' has modification time 7875860 s in the future\n"}
[1.070091] (turtlesim_msgs) StderrLine: {'line': b'gmake[2]: warning:  Clock skew detected.  Your build may be incomplete.\n'}
[1.082149] (turtlesim_msgs) StderrLine: {'line': b'gmake[2]: warning:  Clock skew detected.  Your build may be incomplete.\n'}
[1.082428] (turtlesim_msgs) StderrLine: {'line': b'gmake[2]: warning:  Clock skew detected.  Your build may be incomplete.\n'}
[1.087708] (turtlesim_msgs) StderrLine: {'line': b"gmake[2]: Warning: File 'CMakeFiles/turtlesim_msgs_s__rosidl_typesupport_fastrtps_c.dir/build.make' has modification time 7875860 s in the future\n"}
[1.088145] (turtlesim_msgs) StderrLine: {'line': b'gmake[2]: warning:  Clock skew detected.  Your build may be incomplete.\n'}
[1.091181] (turtlesim_msgs) StderrLine: {'line': b"gmake[2]: Warning: File 'CMakeFiles/turtlesim_msgs_s__rosidl_typesupport_introspection_c.dir/build.make' has modification time 7875860 s in the future\n"}
[1.091403] (turtlesim_msgs) StderrLine: {'line': b'gmake[2]: warning:  Clock skew detected.  Your build may be incomplete.\n'}
[1.091601] (turtlesim_msgs) StderrLine: {'line': b'gmake[2]: warning:  Clock skew detected.  Your build may be incomplete.\n'}
[1.097078] (turtlesim_msgs) StderrLine: {'line': b"gmake[2]: Warning: File 'CMakeFiles/turtlesim_msgs_s__rosidl_typesupport_c.dir/build.make' has modification time 7875860 s in the future\n"}
[1.097462] (turtlesim_msgs) StdoutLine: {'line': b'[ 94%] Built target ament_cmake_python_sync_turtlesim_msgs\n'}
[1.102737] (turtlesim_msgs) StderrLine: {'line': b'gmake[2]: warning:  Clock skew detected.  Your build may be incomplete.\n'}
[1.104485] (turtlesim_msgs) StdoutLine: {'line': b'[ 96%] Built target turtlesim_msgs_s__rosidl_typesupport_fastrtps_c\n'}
[1.104891] (-) TimerEvent: {}
[1.109679] (turtlesim_msgs) StdoutLine: {'line': b'[ 98%] Built target turtlesim_msgs_s__rosidl_typesupport_introspection_c\n'}
[1.117804] (turtlesim_msgs) StderrLine: {'line': b"gmake[2]: Warning: File 'CMakeFiles/ament_cmake_python_build_turtlesim_msgs_egg.dir/build.make' has modification time 7875860 s in the future\n"}
[1.123554] (turtlesim_msgs) StdoutLine: {'line': b'[100%] Built target turtlesim_msgs_s__rosidl_typesupport_c\n'}
[1.135711] (turtlesim_msgs) StderrLine: {'line': b'gmake[2]: warning:  Clock skew detected.  Your build may be incomplete.\n'}
[1.137525] (turtlesim_msgs) StderrLine: {'line': b"gmake[2]: Warning: File 'CMakeFiles/ament_cmake_python_build_turtlesim_msgs_egg.dir/build.make' has modification time 7875860 s in the future\n"}
[1.204991] (-) TimerEvent: {}
[1.305353] (-) TimerEvent: {}
[1.405715] (-) TimerEvent: {}
[1.506496] (-) TimerEvent: {}
[1.523105] (turtlesim_msgs) StdoutLine: {'line': b'running egg_info\n'}
[1.561206] (turtlesim_msgs) StdoutLine: {'line': b'writing turtlesim_msgs.egg-info/PKG-INFO\n'}
[1.562884] (turtlesim_msgs) StdoutLine: {'line': b'writing dependency_links to turtlesim_msgs.egg-info/dependency_links.txt\n'}
[1.564265] (turtlesim_msgs) StdoutLine: {'line': b'writing top-level names to turtlesim_msgs.egg-info/top_level.txt\n'}
[1.606658] (-) TimerEvent: {}
[1.709874] (-) TimerEvent: {}
[1.728567] (turtlesim_msgs) StdoutLine: {'line': b"reading manifest file 'turtlesim_msgs.egg-info/SOURCES.txt'\n"}
[1.732105] (turtlesim_msgs) StdoutLine: {'line': b"writing manifest file 'turtlesim_msgs.egg-info/SOURCES.txt'\n"}
[1.810004] (-) TimerEvent: {}
[1.864625] (turtlesim_msgs) StderrLine: {'line': b'gmake[2]: warning:  Clock skew detected.  Your build may be incomplete.\n'}
[1.878916] (turtlesim_msgs) StdoutLine: {'line': b'[100%] Built target ament_cmake_python_build_turtlesim_msgs_egg\n'}
[1.881118] (turtlesim_msgs) StderrLine: {'line': b'gmake[1]: warning:  Clock skew detected.  Your build may be incomplete.\n'}
[1.895285] (turtlesim_msgs) StderrLine: {'line': b'gmake: warning:  Clock skew detected.  Your build may be incomplete.\n'}
[1.899306] (turtlesim_msgs) CommandEnded: {'returncode': 0}
[1.907081] (turtlesim_msgs) JobProgress: {'identifier': 'turtlesim_msgs', 'progress': 'install'}
[1.910126] (-) TimerEvent: {}
[1.924204] (turtlesim_msgs) Command: {'cmd': ['/usr/bin/cmake', '--install', '/home/public/ros2ws/build/turtlesim_msgs'], 'cwd': '/home/public/ros2ws/build/turtlesim_msgs', 'env': OrderedDict({'LESSOPEN': '| /usr/bin/lesspipe %s', 'LANGUAGE': 'en', 'USER': 'admin', 'LC_TIME': 'C.UTF-8', 'XDG_SESSION_TYPE': 'wayland', 'PTYXIS_VERSION': '50.1', 'SHLVL': '1', 'LD_LIBRARY_PATH': '/opt/ros/lyrical/opt/gz_math_vendor/lib:/opt/ros/lyrical/opt/gz_utils_vendor/lib:/opt/ros/lyrical/opt/rviz_ogre_vendor/lib:/opt/ros/lyrical/lib/aarch64-linux-gnu:/opt/ros/lyrical/opt/gz_cmake_vendor/lib:/opt/ros/lyrical/lib', 'HOME': '/home/admin', 'DESKTOP_SESSION': 'ubuntu', 'IM_CONFIG_ENTRY': 'profile', 'ROS_PYTHON_VERSION': '3', 'GTK_MODULES': 'gail:atk-bridge', 'LC_MONETARY': 'C.UTF-8', 'MANAGERPID': '3081', 'DBUS_STARTER_BUS_TYPE': 'session', 'SYSTEMD_EXEC_PID': '3110', 'DBUS_SESSION_BUS_ADDRESS': 'unix:path=/run/user/1000/bus,guid=e2de62902b556789e778b7eb69dfd9f0', 'COLORTERM': 'truecolor', 'DEBUGINFOD_URLS': 'https://debuginfod.ubuntu.com', 'WAYLAND_DISPLAY': 'wayland-0', 'ROS_DISTRO': 'lyrical', 'LOGNAME': 'admin', 'MANAGERPIDFDID': '713', '_': '/usr/bin/colcon', 'ROS_VERSION': '2', 'MEMORY_PRESSURE_WATCH': '/sys/fs/cgroup/user.slice/user-1000.slice/user@1000.service/session.slice/dbus.service/memory.pressure', 'XDG_SESSION_CLASS': 'user', 'USERNAME': 'admin', 'TERM': 'xterm-256color', 'GNOME_DESKTOP_SESSION_ID': 'this-is-deprecated', 'FLATPAK_TTY_PROGRESS': '1', 'PATH': '/opt/ros/lyrical/bin:/usr/local/sbin:/usr/local/bin:/usr/sbin:/usr/bin:/sbin:/bin:/usr/games:/usr/local/games:/snap/bin:/snap/bin', 'INVOCATION_ID': '353afd881557444d899c3fa8b680a80b', 'PAPERSIZE': 'a4', 'XDG_MENU_PREFIX': 'gnome-', 'PTYXIS_PROFILE': '46b325db7867804b9a1cc0046a1f6a7b', 'LC_ADDRESS': 'C.UTF-8', 'GNOME_SETUP_DISPLAY': 'unix:/tmp/.X11-unix/X1', 'XDG_RUNTIME_DIR': '/run/user/1000', 'DISPLAY': ':0', 'LANG': 'en_US.UTF-8', 'XDG_CURRENT_DESKTOP': 'ubuntu:GNOME', 'LC_TELEPHONE': 'C.UTF-8', 'XMODIFIERS': '@im=ibus', 'XDG_SESSION_DESKTOP': 'ubuntu', 'XAUTHORITY': '/run/user/1000/.mutter-Xwaylandauth.7TYEN3', 'LS_COLORS': 'rs=0:di=01;34:ln=01;36:mh=00:pi=40;33:so=01;35:do=01;35:bd=40;33;01:cd=40;33;01:or=40;31;01:mi=00:su=37;41:sg=30;43:ca=00:tw=30;42:ow=34;42:st=37;44:ex=01;32:*.tar=01;31:*.tgz=01;31:*.arc=01;31:*.arj=01;31:*.taz=01;31:*.lha=01;31:*.lz4=01;31:*.lzh=01;31:*.lzma=01;31:*.tlz=01;31:*.txz=01;31:*.tzo=01;31:*.t7z=01;31:*.zip=01;31:*.z=01;31:*.dz=01;31:*.gz=01;31:*.lrz=01;31:*.lz=01;31:*.lzo=01;31:*.xz=01;31:*.zst=01;31:*.tzst=01;31:*.bz2=01;31:*.bz=01;31:*.tbz=01;31:*.tbz2=01;31:*.tz=01;31:*.deb=01;31:*.rpm=01;31:*.jar=01;31:*.war=01;31:*.ear=01;31:*.sar=01;31:*.rar=01;31:*.alz=01;31:*.ace=01;31:*.zoo=01;31:*.cpio=01;31:*.7z=01;31:*.rz=01;31:*.cab=01;31:*.wim=01;31:*.swm=01;31:*.dwm=01;31:*.esd=01;31:*.avif=01;35:*.jpg=01;35:*.jpeg=01;35:*.mjpg=01;35:*.mjpeg=01;35:*.gif=01;35:*.bmp=01;35:*.pbm=01;35:*.pgm=01;35:*.ppm=01;35:*.tga=01;35:*.xbm=01;35:*.xpm=01;35:*.tif=01;35:*.tiff=01;35:*.png=01;35:*.svg=01;35:*.svgz=01;35:*.mng=01;35:*.pcx=01;35:*.mov=01;35:*.mpg=01;35:*.mpeg=01;35:*.m2v=01;35:*.mkv=01;35:*.webm=01;35:*.webp=01;35:*.ogm=01;35:*.mp4=01;35:*.m4v=01;35:*.mp4v=01;35:*.vob=01;35:*.qt=01;35:*.nuv=01;35:*.wmv=01;35:*.asf=01;35:*.rm=01;35:*.rmvb=01;35:*.flc=01;35:*.avi=01;35:*.fli=01;35:*.flv=01;35:*.gl=01;35:*.dl=01;35:*.xcf=01;35:*.xwd=01;35:*.yuv=01;35:*.cgm=01;35:*.emf=01;35:*.ogv=01;35:*.ogx=01;35:*.aac=00;36:*.au=00;36:*.flac=00;36:*.m4a=00;36:*.mid=00;36:*.midi=00;36:*.mka=00;36:*.mp3=00;36:*.mpc=00;36:*.ogg=00;36:*.ra=00;36:*.wav=00;36:*.oga=00;36:*.opus=00;36:*.spx=00;36:*.xspf=00;36:*~=00;90:*#=00;90:*.bak=00;90:*.old=00;90:*.orig=00;90:*.part=00;90:*.rej=00;90:*.swp=00;90:*.tmp=00;90:*.dpkg-dist=00;90:*.dpkg-old=00;90:*.ucf-dist=00;90:*.ucf-new=00;90:*.ucf-old=00;90:*.rpmnew=00;90:*.rpmorig=00;90:*.rpmsave=00;90:', 'SSH_AUTH_SOCK': '/run/user/1000/gcr/ssh', 'AMENT_PREFIX_PATH': '/opt/ros/lyrical', 'SHELL': '/bin/bash', 'LC_NAME': 'C.UTF-8', 'QT_ACCESSIBILITY': '1', 'GDMSESSION': 'ubuntu', 'LESSCLOSE': '/usr/bin/lesspipe %s %s', 'LC_MEASUREMENT': 'C.UTF-8', 'GPG_AGENT_INFO': '/run/user/1000/gnupg/S.gpg-agent:0:1', 'LC_IDENTIFICATION': 'C.UTF-8', 'GSK_RENDERER': 'gl', 'ROS_AUTOMATIC_DISCOVERY_RANGE': 'SUBNET', 'QT_IM_MODULE': 'ibus', 'PWD': '/home/public/ros2ws/build/turtlesim_msgs', 'XDG_CONFIG_DIRS': '/etc/xdg/xdg-ubuntu:/etc/xdg', 'DBUS_STARTER_ADDRESS': 'unix:path=/run/user/1000/bus,guid=e2de62902b556789e778b7eb69dfd9f0', 'XDG_DATA_DIRS': '/usr/share/ubuntu:/usr/share/gnome:/usr/local/share/:/usr/share/:/var/lib/snapd/desktop', 'XDG_SESSION_EXTRA_DEVICE_ACCESS': 'render:accel', 'PYTHONPATH': '/opt/ros/lyrical/opt/gz_math_vendor/lib/python:/opt/ros/lyrical/lib/python3.14/site-packages', 'LC_NUMERIC': 'C.UTF-8', 'LC_PAPER': 'C.UTF-8', 'COLCON': '1', 'QT_IM_MODULES': 'wayland;ibus', 'MEMORY_PRESSURE_WRITE': 'c29tZSAyMDAwMDAgMjAwMDAwMAA=', 'VTE_VERSION': '8400', 'CMAKE_PREFIX_PATH': '/opt/ros/lyrical/opt/gz_math_vendor:/opt/ros/lyrical/opt/gz_utils_vendor:/opt/ros/lyrical/opt/gz_cmake_vendor:/opt/ros/lyrical'}), 'shell': False}
[1.945138] (turtlesim_msgs) StdoutLine: {'line': b'-- Install configuration: ""\n'}
[1.953953] (turtlesim_msgs) StdoutLine: {'line': b'-- Execute custom install script\n'}
[1.958428] (turtlesim_msgs) StdoutLine: {'line': b'-- Up-to-date symlink: /home/public/ros2ws/install/turtlesim_msgs/share/ament_index/resource_index/rosidl_interfaces/turtlesim_msgs\n'}
[1.966761] (turtlesim_msgs) StdoutLine: {'line': b'-- Up-to-date symlink: /home/public/ros2ws/install/turtlesim_msgs/share/turtlesim_msgs/action/RotateAbsolute.json\n'}
[1.970213] (turtlesim_msgs) StdoutLine: {'line': b'-- Up-to-date symlink: /home/public/ros2ws/install/turtlesim_msgs/share/turtlesim_msgs/msg/Color.json\n'}
[1.972052] (turtlesim_msgs) StdoutLine: {'line': b'-- Up-to-date symlink: /home/public/ros2ws/install/turtlesim_msgs/share/turtlesim_msgs/msg/Pose.json\n'}
[1.977456] (turtlesim_msgs) StdoutLine: {'line': b'-- Up-to-date symlink: /home/public/ros2ws/install/turtlesim_msgs/share/turtlesim_msgs/srv/Kill.json\n'}
[1.979707] (turtlesim_msgs) StdoutLine: {'line': b'-- Up-to-date symlink: /home/public/ros2ws/install/turtlesim_msgs/share/turtlesim_msgs/srv/SetPen.json\n'}
[1.982138] (turtlesim_msgs) StdoutLine: {'line': b'-- Up-to-date symlink: /home/public/ros2ws/install/turtlesim_msgs/share/turtlesim_msgs/srv/Spawn.json\n'}
[1.985108] (turtlesim_msgs) StdoutLine: {'line': b'-- Up-to-date symlink: /home/public/ros2ws/install/turtlesim_msgs/share/turtlesim_msgs/srv/TeleportAbsolute.json\n'}
[1.987238] (turtlesim_msgs) StdoutLine: {'line': b'-- Up-to-date symlink: /home/public/ros2ws/install/turtlesim_msgs/share/turtlesim_msgs/srv/TeleportRelative.json\n'}
[1.996496] (turtlesim_msgs) StdoutLine: {'line': b'-- Up-to-date symlink: /home/public/ros2ws/install/turtlesim_msgs/include/turtlesim_msgs/turtlesim_msgs/action/detail/rotate_absolute__functions.h\n'}
[1.997504] (turtlesim_msgs) StdoutLine: {'line': b'-- Up-to-date symlink: /home/public/ros2ws/install/turtlesim_msgs/include/turtlesim_msgs/turtlesim_msgs/action/detail/rotate_absolute__struct.h\n'}
[1.998606] (turtlesim_msgs) StdoutLine: {'line': b'-- Up-to-date symlink: /home/public/ros2ws/install/turtlesim_msgs/include/turtlesim_msgs/turtlesim_msgs/action/detail/rotate_absolute__type_support.h\n'}
[1.999708] (turtlesim_msgs) StdoutLine: {'line': b'-- Up-to-date symlink: /home/public/ros2ws/install/turtlesim_msgs/include/turtlesim_msgs/turtlesim_msgs/action/rotate_absolute.h\n'}
[2.001806] (turtlesim_msgs) StdoutLine: {'line': b'-- Up-to-date symlink: /home/public/ros2ws/install/turtlesim_msgs/include/turtlesim_msgs/turtlesim_msgs/msg/color.h\n'}
[2.003892] (turtlesim_msgs) StdoutLine: {'line': b'-- Up-to-date symlink: /home/public/ros2ws/install/turtlesim_msgs/include/turtlesim_msgs/turtlesim_msgs/msg/detail/color__functions.h\n'}
[2.005019] (turtlesim_msgs) StdoutLine: {'line': b'-- Up-to-date symlink: /home/public/ros2ws/install/turtlesim_msgs/include/turtlesim_msgs/turtlesim_msgs/msg/detail/color__struct.h\n'}
[2.006138] (turtlesim_msgs) StdoutLine: {'line': b'-- Up-to-date symlink: /home/public/ros2ws/install/turtlesim_msgs/include/turtlesim_msgs/turtlesim_msgs/msg/detail/color__type_support.h\n'}
[2.007252] (turtlesim_msgs) StdoutLine: {'line': b'-- Up-to-date symlink: /home/public/ros2ws/install/turtlesim_msgs/include/turtlesim_msgs/turtlesim_msgs/msg/detail/pose__functions.h\n'}
[2.008380] (turtlesim_msgs) StdoutLine: {'line': b'-- Up-to-date symlink: /home/public/ros2ws/install/turtlesim_msgs/include/turtlesim_msgs/turtlesim_msgs/msg/detail/pose__struct.h\n'}
[2.009509] (turtlesim_msgs) StdoutLine: {'line': b'-- Up-to-date symlink: /home/public/ros2ws/install/turtlesim_msgs/include/turtlesim_msgs/turtlesim_msgs/msg/detail/pose__type_support.h\n'}
[2.010193] (-) TimerEvent: {}
[2.010647] (turtlesim_msgs) StdoutLine: {'line': b'-- Up-to-date symlink: /home/public/ros2ws/install/turtlesim_msgs/include/turtlesim_msgs/turtlesim_msgs/msg/pose.h\n'}
[2.011784] (turtlesim_msgs) StdoutLine: {'line': b'-- Up-to-date symlink: /home/public/ros2ws/install/turtlesim_msgs/include/turtlesim_msgs/turtlesim_msgs/msg/rosidl_generator_c__visibility_control.h\n'}
[2.015076] (turtlesim_msgs) StdoutLine: {'line': b'-- Up-to-date symlink: /home/public/ros2ws/install/turtlesim_msgs/include/turtlesim_msgs/turtlesim_msgs/srv/detail/kill__functions.h\n'}
[2.016036] (turtlesim_msgs) StdoutLine: {'line': b'-- Up-to-date symlink: /home/public/ros2ws/install/turtlesim_msgs/include/turtlesim_msgs/turtlesim_msgs/srv/detail/kill__struct.h\n'}
[2.017069] (turtlesim_msgs) StdoutLine: {'line': b'-- Up-to-date symlink: /home/public/ros2ws/install/turtlesim_msgs/include/turtlesim_msgs/turtlesim_msgs/srv/detail/kill__type_support.h\n'}
[2.018117] (turtlesim_msgs) StdoutLine: {'line': b'-- Up-to-date symlink: /home/public/ros2ws/install/turtlesim_msgs/include/turtlesim_msgs/turtlesim_msgs/srv/detail/set_pen__functions.h\n'}
[2.019216] (turtlesim_msgs) StdoutLine: {'line': b'-- Up-to-date symlink: /home/public/ros2ws/install/turtlesim_msgs/include/turtlesim_msgs/turtlesim_msgs/srv/detail/set_pen__struct.h\n'}
[2.028881] (turtlesim_msgs) StdoutLine: {'line': b'-- Up-to-date symlink: /home/public/ros2ws/install/turtlesim_msgs/include/turtlesim_msgs/turtlesim_msgs/srv/detail/set_pen__type_support.h\n'}
[2.030000] (turtlesim_msgs) StdoutLine: {'line': b'-- Up-to-date symlink: /home/public/ros2ws/install/turtlesim_msgs/include/turtlesim_msgs/turtlesim_msgs/srv/detail/spawn__functions.h\n'}
[2.031114] (turtlesim_msgs) StdoutLine: {'line': b'-- Up-to-date symlink: /home/public/ros2ws/install/turtlesim_msgs/include/turtlesim_msgs/turtlesim_msgs/srv/detail/spawn__struct.h\n'}
[2.032159] (turtlesim_msgs) StdoutLine: {'line': b'-- Up-to-date symlink: /home/public/ros2ws/install/turtlesim_msgs/include/turtlesim_msgs/turtlesim_msgs/srv/detail/spawn__type_support.h\n'}
[2.033256] (turtlesim_msgs) StdoutLine: {'line': b'-- Up-to-date symlink: /home/public/ros2ws/install/turtlesim_msgs/include/turtlesim_msgs/turtlesim_msgs/srv/detail/teleport_absolute__functions.h\n'}
[2.034336] (turtlesim_msgs) StdoutLine: {'line': b'-- Up-to-date symlink: /home/public/ros2ws/install/turtlesim_msgs/include/turtlesim_msgs/turtlesim_msgs/srv/detail/teleport_absolute__struct.h\n'}
[2.035453] (turtlesim_msgs) StdoutLine: {'line': b'-- Up-to-date symlink: /home/public/ros2ws/install/turtlesim_msgs/include/turtlesim_msgs/turtlesim_msgs/srv/detail/teleport_absolute__type_support.h\n'}
[2.036544] (turtlesim_msgs) StdoutLine: {'line': b'-- Up-to-date symlink: /home/public/ros2ws/install/turtlesim_msgs/include/turtlesim_msgs/turtlesim_msgs/srv/detail/teleport_relative__functions.h\n'}
[2.037635] (turtlesim_msgs) StdoutLine: {'line': b'-- Up-to-date symlink: /home/public/ros2ws/install/turtlesim_msgs/include/turtlesim_msgs/turtlesim_msgs/srv/detail/teleport_relative__struct.h\n'}
[2.038728] (turtlesim_msgs) StdoutLine: {'line': b'-- Up-to-date symlink: /home/public/ros2ws/install/turtlesim_msgs/include/turtlesim_msgs/turtlesim_msgs/srv/detail/teleport_relative__type_support.h\n'}
[2.039823] (turtlesim_msgs) StdoutLine: {'line': b'-- Up-to-date symlink: /home/public/ros2ws/install/turtlesim_msgs/include/turtlesim_msgs/turtlesim_msgs/srv/kill.h\n'}
[2.040941] (turtlesim_msgs) StdoutLine: {'line': b'-- Up-to-date symlink: /home/public/ros2ws/install/turtlesim_msgs/include/turtlesim_msgs/turtlesim_msgs/srv/set_pen.h\n'}
[2.042031] (turtlesim_msgs) StdoutLine: {'line': b'-- Up-to-date symlink: /home/public/ros2ws/install/turtlesim_msgs/include/turtlesim_msgs/turtlesim_msgs/srv/spawn.h\n'}
[2.043132] (turtlesim_msgs) StdoutLine: {'line': b'-- Up-to-date symlink: /home/public/ros2ws/install/turtlesim_msgs/include/turtlesim_msgs/turtlesim_msgs/srv/teleport_absolute.h\n'}
[2.044240] (turtlesim_msgs) StdoutLine: {'line': b'-- Up-to-date symlink: /home/public/ros2ws/install/turtlesim_msgs/include/turtlesim_msgs/turtlesim_msgs/srv/teleport_relative.h\n'}
[2.047437] (turtlesim_msgs) StdoutLine: {'line': b'-- Up-to-date symlink: /home/public/ros2ws/install/turtlesim_msgs/share/turtlesim_msgs/environment/library_path.sh\n'}
[2.049618] (turtlesim_msgs) StdoutLine: {'line': b'-- Up-to-date symlink: /home/public/ros2ws/install/turtlesim_msgs/share/turtlesim_msgs/environment/library_path.dsv\n'}
[2.051344] (turtlesim_msgs) StdoutLine: {'line': b'-- Up-to-date symlink: /home/public/ros2ws/install/turtlesim_msgs/include/turtlesim_msgs/turtlesim_msgs/action/detail/rotate_absolute__rosidl_typesupport_fastrtps_c.h\n'}
[2.052450] (turtlesim_msgs) StdoutLine: {'line': b'-- Up-to-date symlink: /home/public/ros2ws/install/turtlesim_msgs/include/turtlesim_msgs/turtlesim_msgs/msg/detail/color__rosidl_typesupport_fastrtps_c.h\n'}
[2.053538] (turtlesim_msgs) StdoutLine: {'line': b'-- Up-to-date symlink: /home/public/ros2ws/install/turtlesim_msgs/include/turtlesim_msgs/turtlesim_msgs/msg/detail/pose__rosidl_typesupport_fastrtps_c.h\n'}
[2.054627] (turtlesim_msgs) StdoutLine: {'line': b'-- Up-to-date symlink: /home/public/ros2ws/install/turtlesim_msgs/include/turtlesim_msgs/turtlesim_msgs/msg/rosidl_typesupport_fastrtps_c__visibility_control.h\n'}
[2.055762] (turtlesim_msgs) StdoutLine: {'line': b'-- Up-to-date symlink: /home/public/ros2ws/install/turtlesim_msgs/include/turtlesim_msgs/turtlesim_msgs/srv/detail/kill__rosidl_typesupport_fastrtps_c.h\n'}
[2.056842] (turtlesim_msgs) StdoutLine: {'line': b'-- Up-to-date symlink: /home/public/ros2ws/install/turtlesim_msgs/include/turtlesim_msgs/turtlesim_msgs/srv/detail/set_pen__rosidl_typesupport_fastrtps_c.h\n'}
[2.057986] (turtlesim_msgs) StdoutLine: {'line': b'-- Up-to-date symlink: /home/public/ros2ws/install/turtlesim_msgs/include/turtlesim_msgs/turtlesim_msgs/srv/detail/spawn__rosidl_typesupport_fastrtps_c.h\n'}
[2.059094] (turtlesim_msgs) StdoutLine: {'line': b'-- Up-to-date symlink: /home/public/ros2ws/install/turtlesim_msgs/include/turtlesim_msgs/turtlesim_msgs/srv/detail/teleport_absolute__rosidl_typesupport_fastrtps_c.h\n'}
[2.060221] (turtlesim_msgs) StdoutLine: {'line': b'-- Up-to-date symlink: /home/public/ros2ws/install/turtlesim_msgs/include/turtlesim_msgs/turtlesim_msgs/srv/detail/teleport_relative__rosidl_typesupport_fastrtps_c.h\n'}
[2.061978] (turtlesim_msgs) StdoutLine: {'line': b'-- Up-to-date symlink: /home/public/ros2ws/install/turtlesim_msgs/include/turtlesim_msgs/turtlesim_msgs/action/detail/rotate_absolute__builder.hpp\n'}
[2.063062] (turtlesim_msgs) StdoutLine: {'line': b'-- Up-to-date symlink: /home/public/ros2ws/install/turtlesim_msgs/include/turtlesim_msgs/turtlesim_msgs/action/detail/rotate_absolute__struct.hpp\n'}
[2.064158] (turtlesim_msgs) StdoutLine: {'line': b'-- Up-to-date symlink: /home/public/ros2ws/install/turtlesim_msgs/include/turtlesim_msgs/turtlesim_msgs/action/detail/rotate_absolute__traits.hpp\n'}
[2.065283] (turtlesim_msgs) StdoutLine: {'line': b'-- Up-to-date symlink: /home/public/ros2ws/install/turtlesim_msgs/include/turtlesim_msgs/turtlesim_msgs/action/detail/rotate_absolute__type_support.hpp\n'}
[2.066383] (turtlesim_msgs) StdoutLine: {'line': b'-- Up-to-date symlink: /home/public/ros2ws/install/turtlesim_msgs/include/turtlesim_msgs/turtlesim_msgs/action/rotate_absolute.hpp\n'}
[2.067527] (turtlesim_msgs) StdoutLine: {'line': b'-- Up-to-date symlink: /home/public/ros2ws/install/turtlesim_msgs/include/turtlesim_msgs/turtlesim_msgs/msg/color.hpp\n'}
[2.068644] (turtlesim_msgs) StdoutLine: {'line': b'-- Up-to-date symlink: /home/public/ros2ws/install/turtlesim_msgs/include/turtlesim_msgs/turtlesim_msgs/msg/detail/color__builder.hpp\n'}
[2.069754] (turtlesim_msgs) StdoutLine: {'line': b'-- Up-to-date symlink: /home/public/ros2ws/install/turtlesim_msgs/include/turtlesim_msgs/turtlesim_msgs/msg/detail/color__struct.hpp\n'}
[2.070866] (turtlesim_msgs) StdoutLine: {'line': b'-- Up-to-date symlink: /home/public/ros2ws/install/turtlesim_msgs/include/turtlesim_msgs/turtlesim_msgs/msg/detail/color__traits.hpp\n'}
[2.071980] (turtlesim_msgs) StdoutLine: {'line': b'-- Up-to-date symlink: /home/public/ros2ws/install/turtlesim_msgs/include/turtlesim_msgs/turtlesim_msgs/msg/detail/color__type_support.hpp\n'}
[2.073084] (turtlesim_msgs) StdoutLine: {'line': b'-- Up-to-date symlink: /home/public/ros2ws/install/turtlesim_msgs/include/turtlesim_msgs/turtlesim_msgs/msg/detail/pose__builder.hpp\n'}
[2.074192] (turtlesim_msgs) StdoutLine: {'line': b'-- Up-to-date symlink: /home/public/ros2ws/install/turtlesim_msgs/include/turtlesim_msgs/turtlesim_msgs/msg/detail/pose__struct.hpp\n'}
[2.075317] (turtlesim_msgs) StdoutLine: {'line': b'-- Up-to-date symlink: /home/public/ros2ws/install/turtlesim_msgs/include/turtlesim_msgs/turtlesim_msgs/msg/detail/pose__traits.hpp\n'}
[2.076437] (turtlesim_msgs) StdoutLine: {'line': b'-- Up-to-date symlink: /home/public/ros2ws/install/turtlesim_msgs/include/turtlesim_msgs/turtlesim_msgs/msg/detail/pose__type_support.hpp\n'}
[2.077541] (turtlesim_msgs) StdoutLine: {'line': b'-- Up-to-date symlink: /home/public/ros2ws/install/turtlesim_msgs/include/turtlesim_msgs/turtlesim_msgs/msg/pose.hpp\n'}
[2.078671] (turtlesim_msgs) StdoutLine: {'line': b'-- Up-to-date symlink: /home/public/ros2ws/install/turtlesim_msgs/include/turtlesim_msgs/turtlesim_msgs/msg/rosidl_generator_cpp__visibility_control.hpp\n'}
[2.079790] (turtlesim_msgs) StdoutLine: {'line': b'-- Up-to-date symlink: /home/public/ros2ws/install/turtlesim_msgs/include/turtlesim_msgs/turtlesim_msgs/srv/detail/kill__builder.hpp\n'}
[2.080923] (turtlesim_msgs) StdoutLine: {'line': b'-- Up-to-date symlink: /home/public/ros2ws/install/turtlesim_msgs/include/turtlesim_msgs/turtlesim_msgs/srv/detail/kill__struct.hpp\n'}
[2.082053] (turtlesim_msgs) StdoutLine: {'line': b'-- Up-to-date symlink: /home/public/ros2ws/install/turtlesim_msgs/include/turtlesim_msgs/turtlesim_msgs/srv/detail/kill__traits.hpp\n'}
[2.099680] (turtlesim_msgs) StdoutLine: {'line': b'-- Up-to-date symlink: /home/public/ros2ws/install/turtlesim_msgs/include/turtlesim_msgs/turtlesim_msgs/srv/detail/kill__type_support.hpp\n'}
[2.109135] (turtlesim_msgs) StdoutLine: {'line': b'-- Up-to-date symlink: /home/public/ros2ws/install/turtlesim_msgs/include/turtlesim_msgs/turtlesim_msgs/srv/detail/set_pen__builder.hpp\n'}
[2.110281] (-) TimerEvent: {}
[2.113513] (turtlesim_msgs) StdoutLine: {'line': b'-- Up-to-date symlink: /home/public/ros2ws/install/turtlesim_msgs/include/turtlesim_msgs/turtlesim_msgs/srv/detail/set_pen__struct.hpp\n'}
[2.129124] (turtlesim_msgs) StdoutLine: {'line': b'-- Up-to-date symlink: /home/public/ros2ws/install/turtlesim_msgs/include/turtlesim_msgs/turtlesim_msgs/srv/detail/set_pen__traits.hpp\n'}
[2.136935] (turtlesim_msgs) StdoutLine: {'line': b'-- Up-to-date symlink: /home/public/ros2ws/install/turtlesim_msgs/include/turtlesim_msgs/turtlesim_msgs/srv/detail/set_pen__type_support.hpp\n'}
[2.141011] (turtlesim_msgs) StdoutLine: {'line': b'-- Up-to-date symlink: /home/public/ros2ws/install/turtlesim_msgs/include/turtlesim_msgs/turtlesim_msgs/srv/detail/spawn__builder.hpp\n'}
[2.144655] (turtlesim_msgs) StdoutLine: {'line': b'-- Up-to-date symlink: /home/public/ros2ws/install/turtlesim_msgs/include/turtlesim_msgs/turtlesim_msgs/srv/detail/spawn__struct.hpp\n'}
[2.147950] (turtlesim_msgs) StdoutLine: {'line': b'-- Up-to-date symlink: /home/public/ros2ws/install/turtlesim_msgs/include/turtlesim_msgs/turtlesim_msgs/srv/detail/spawn__traits.hpp\n'}
[2.150799] (turtlesim_msgs) StdoutLine: {'line': b'-- Up-to-date symlink: /home/public/ros2ws/install/turtlesim_msgs/include/turtlesim_msgs/turtlesim_msgs/srv/detail/spawn__type_support.hpp\n'}
[2.153332] (turtlesim_msgs) StdoutLine: {'line': b'-- Up-to-date symlink: /home/public/ros2ws/install/turtlesim_msgs/include/turtlesim_msgs/turtlesim_msgs/srv/detail/teleport_absolute__builder.hpp\n'}
[2.155858] (turtlesim_msgs) StdoutLine: {'line': b'-- Up-to-date symlink: /home/public/ros2ws/install/turtlesim_msgs/include/turtlesim_msgs/turtlesim_msgs/srv/detail/teleport_absolute__struct.hpp\n'}
[2.158284] (turtlesim_msgs) StdoutLine: {'line': b'-- Up-to-date symlink: /home/public/ros2ws/install/turtlesim_msgs/include/turtlesim_msgs/turtlesim_msgs/srv/detail/teleport_absolute__traits.hpp\n'}
[2.160576] (turtlesim_msgs) StdoutLine: {'line': b'-- Up-to-date symlink: /home/public/ros2ws/install/turtlesim_msgs/include/turtlesim_msgs/turtlesim_msgs/srv/detail/teleport_absolute__type_support.hpp\n'}
[2.162796] (turtlesim_msgs) StdoutLine: {'line': b'-- Up-to-date symlink: /home/public/ros2ws/install/turtlesim_msgs/include/turtlesim_msgs/turtlesim_msgs/srv/detail/teleport_relative__builder.hpp\n'}
[2.165022] (turtlesim_msgs) StdoutLine: {'line': b'-- Up-to-date symlink: /home/public/ros2ws/install/turtlesim_msgs/include/turtlesim_msgs/turtlesim_msgs/srv/detail/teleport_relative__struct.hpp\n'}
[2.167290] (turtlesim_msgs) StdoutLine: {'line': b'-- Up-to-date symlink: /home/public/ros2ws/install/turtlesim_msgs/include/turtlesim_msgs/turtlesim_msgs/srv/detail/teleport_relative__traits.hpp\n'}
[2.169584] (turtlesim_msgs) StdoutLine: {'line': b'-- Up-to-date symlink: /home/public/ros2ws/install/turtlesim_msgs/include/turtlesim_msgs/turtlesim_msgs/srv/detail/teleport_relative__type_support.hpp\n'}
[2.172223] (turtlesim_msgs) StdoutLine: {'line': b'-- Up-to-date symlink: /home/public/ros2ws/install/turtlesim_msgs/include/turtlesim_msgs/turtlesim_msgs/srv/kill.hpp\n'}
[2.174921] (turtlesim_msgs) StdoutLine: {'line': b'-- Up-to-date symlink: /home/public/ros2ws/install/turtlesim_msgs/include/turtlesim_msgs/turtlesim_msgs/srv/set_pen.hpp\n'}
[2.177360] (turtlesim_msgs) StdoutLine: {'line': b'-- Up-to-date symlink: /home/public/ros2ws/install/turtlesim_msgs/include/turtlesim_msgs/turtlesim_msgs/srv/spawn.hpp\n'}
[2.179683] (turtlesim_msgs) StdoutLine: {'line': b'-- Up-to-date symlink: /home/public/ros2ws/install/turtlesim_msgs/include/turtlesim_msgs/turtlesim_msgs/srv/teleport_absolute.hpp\n'}
[2.181959] (turtlesim_msgs) StdoutLine: {'line': b'-- Up-to-date symlink: /home/public/ros2ws/install/turtlesim_msgs/include/turtlesim_msgs/turtlesim_msgs/srv/teleport_relative.hpp\n'}
[2.185459] (turtlesim_msgs) StdoutLine: {'line': b'-- Up-to-date symlink: /home/public/ros2ws/install/turtlesim_msgs/include/turtlesim_msgs/turtlesim_msgs/action/detail/rotate_absolute__rosidl_typesupport_fastrtps_cpp.hpp\n'}
[2.187887] (turtlesim_msgs) StdoutLine: {'line': b'-- Up-to-date symlink: /home/public/ros2ws/install/turtlesim_msgs/include/turtlesim_msgs/turtlesim_msgs/msg/detail/color__rosidl_typesupport_fastrtps_cpp.hpp\n'}
[2.190470] (turtlesim_msgs) StdoutLine: {'line': b'-- Up-to-date symlink: /home/public/ros2ws/install/turtlesim_msgs/include/turtlesim_msgs/turtlesim_msgs/msg/detail/pose__rosidl_typesupport_fastrtps_cpp.hpp\n'}
[2.191935] (turtlesim_msgs) StdoutLine: {'line': b'-- Up-to-date symlink: /home/public/ros2ws/install/turtlesim_msgs/include/turtlesim_msgs/turtlesim_msgs/msg/rosidl_typesupport_fastrtps_cpp__visibility_control.h\n'}
[2.194483] (turtlesim_msgs) StdoutLine: {'line': b'-- Up-to-date symlink: /home/public/ros2ws/install/turtlesim_msgs/include/turtlesim_msgs/turtlesim_msgs/srv/detail/kill__rosidl_typesupport_fastrtps_cpp.hpp\n'}
[2.196872] (turtlesim_msgs) StdoutLine: {'line': b'-- Up-to-date symlink: /home/public/ros2ws/install/turtlesim_msgs/include/turtlesim_msgs/turtlesim_msgs/srv/detail/set_pen__rosidl_typesupport_fastrtps_cpp.hpp\n'}
[2.198473] (turtlesim_msgs) StdoutLine: {'line': b'-- Up-to-date symlink: /home/public/ros2ws/install/turtlesim_msgs/include/turtlesim_msgs/turtlesim_msgs/srv/detail/spawn__rosidl_typesupport_fastrtps_cpp.hpp\n'}
[2.201107] (turtlesim_msgs) StdoutLine: {'line': b'-- Up-to-date symlink: /home/public/ros2ws/install/turtlesim_msgs/include/turtlesim_msgs/turtlesim_msgs/srv/detail/teleport_absolute__rosidl_typesupport_fastrtps_cpp.hpp\n'}
[2.201640] (turtlesim_msgs) StdoutLine: {'line': b'-- Up-to-date symlink: /home/public/ros2ws/install/turtlesim_msgs/include/turtlesim_msgs/turtlesim_msgs/srv/detail/teleport_relative__rosidl_typesupport_fastrtps_cpp.hpp\n'}
[2.202905] (turtlesim_msgs) StdoutLine: {'line': b'-- Up-to-date symlink: /home/public/ros2ws/install/turtlesim_msgs/include/turtlesim_msgs/turtlesim_msgs/action/detail/rotate_absolute__rosidl_typesupport_introspection_c.h\n'}
[2.203446] (turtlesim_msgs) StdoutLine: {'line': b'-- Up-to-date symlink: /home/public/ros2ws/install/turtlesim_msgs/include/turtlesim_msgs/turtlesim_msgs/msg/detail/color__rosidl_typesupport_introspection_c.h\n'}
[2.204030] (turtlesim_msgs) StdoutLine: {'line': b'-- Up-to-date symlink: /home/public/ros2ws/install/turtlesim_msgs/include/turtlesim_msgs/turtlesim_msgs/msg/detail/pose__rosidl_typesupport_introspection_c.h\n'}
[2.204585] (turtlesim_msgs) StdoutLine: {'line': b'-- Up-to-date symlink: /home/public/ros2ws/install/turtlesim_msgs/include/turtlesim_msgs/turtlesim_msgs/msg/rosidl_typesupport_introspection_c__visibility_control.h\n'}
[2.205122] (turtlesim_msgs) StdoutLine: {'line': b'-- Up-to-date symlink: /home/public/ros2ws/install/turtlesim_msgs/include/turtlesim_msgs/turtlesim_msgs/srv/detail/kill__rosidl_typesupport_introspection_c.h\n'}
[2.205701] (turtlesim_msgs) StdoutLine: {'line': b'-- Up-to-date symlink: /home/public/ros2ws/install/turtlesim_msgs/include/turtlesim_msgs/turtlesim_msgs/srv/detail/set_pen__rosidl_typesupport_introspection_c.h\n'}
[2.206391] (turtlesim_msgs) StdoutLine: {'line': b'-- Up-to-date symlink: /home/public/ros2ws/install/turtlesim_msgs/include/turtlesim_msgs/turtlesim_msgs/srv/detail/spawn__rosidl_typesupport_introspection_c.h\n'}
[2.206957] (turtlesim_msgs) StdoutLine: {'line': b'-- Up-to-date symlink: /home/public/ros2ws/install/turtlesim_msgs/include/turtlesim_msgs/turtlesim_msgs/srv/detail/teleport_absolute__rosidl_typesupport_introspection_c.h\n'}
[2.207666] (turtlesim_msgs) StdoutLine: {'line': b'-- Up-to-date symlink: /home/public/ros2ws/install/turtlesim_msgs/include/turtlesim_msgs/turtlesim_msgs/srv/detail/teleport_relative__rosidl_typesupport_introspection_c.h\n'}
[2.208936] (turtlesim_msgs) StdoutLine: {'line': b'-- Up-to-date symlink: /home/public/ros2ws/install/turtlesim_msgs/include/turtlesim_msgs/turtlesim_msgs/action/detail/rotate_absolute__rosidl_typesupport_introspection_cpp.hpp\n'}
[2.209483] (turtlesim_msgs) StdoutLine: {'line': b'-- Up-to-date symlink: /home/public/ros2ws/install/turtlesim_msgs/include/turtlesim_msgs/turtlesim_msgs/msg/detail/color__rosidl_typesupport_introspection_cpp.hpp\n'}
[2.210076] (turtlesim_msgs) StdoutLine: {'line': b'-- Up-to-date symlink: /home/public/ros2ws/install/turtlesim_msgs/include/turtlesim_msgs/turtlesim_msgs/msg/detail/pose__rosidl_typesupport_introspection_cpp.hpp\n'}
[2.210360] (-) TimerEvent: {}
[2.210688] (turtlesim_msgs) StdoutLine: {'line': b'-- Up-to-date symlink: /home/public/ros2ws/install/turtlesim_msgs/include/turtlesim_msgs/turtlesim_msgs/srv/detail/kill__rosidl_typesupport_introspection_cpp.hpp\n'}
[2.211274] (turtlesim_msgs) StdoutLine: {'line': b'-- Up-to-date symlink: /home/public/ros2ws/install/turtlesim_msgs/include/turtlesim_msgs/turtlesim_msgs/srv/detail/set_pen__rosidl_typesupport_introspection_cpp.hpp\n'}
[2.211879] (turtlesim_msgs) StdoutLine: {'line': b'-- Up-to-date symlink: /home/public/ros2ws/install/turtlesim_msgs/include/turtlesim_msgs/turtlesim_msgs/srv/detail/spawn__rosidl_typesupport_introspection_cpp.hpp\n'}
[2.212459] (turtlesim_msgs) StdoutLine: {'line': b'-- Up-to-date symlink: /home/public/ros2ws/install/turtlesim_msgs/include/turtlesim_msgs/turtlesim_msgs/srv/detail/teleport_absolute__rosidl_typesupport_introspection_cpp.hpp\n'}
[2.213215] (turtlesim_msgs) StdoutLine: {'line': b'-- Up-to-date symlink: /home/public/ros2ws/install/turtlesim_msgs/include/turtlesim_msgs/turtlesim_msgs/srv/detail/teleport_relative__rosidl_typesupport_introspection_cpp.hpp\n'}
[2.214492] (turtlesim_msgs) StdoutLine: {'line': b'-- Up-to-date symlink: /home/public/ros2ws/install/turtlesim_msgs/share/turtlesim_msgs/environment/pythonpath.sh\n'}
[2.216077] (turtlesim_msgs) StdoutLine: {'line': b'-- Up-to-date symlink: /home/public/ros2ws/install/turtlesim_msgs/share/turtlesim_msgs/environment/pythonpath.dsv\n'}
[2.219867] (turtlesim_msgs) StdoutLine: {'line': b'-- Up-to-date symlink: /home/public/ros2ws/install/turtlesim_msgs/lib/python3.14/site-packages/turtlesim_msgs/turtlesim_msgs_s__rosidl_typesupport_fastrtps_c.so\n'}
[2.220977] (turtlesim_msgs) StdoutLine: {'line': b'-- Up-to-date symlink: /home/public/ros2ws/install/turtlesim_msgs/lib/python3.14/site-packages/turtlesim_msgs/turtlesim_msgs_s__rosidl_typesupport_introspection_c.so\n'}
[2.222141] (turtlesim_msgs) StdoutLine: {'line': b'-- Up-to-date symlink: /home/public/ros2ws/install/turtlesim_msgs/lib/python3.14/site-packages/turtlesim_msgs/turtlesim_msgs_s__rosidl_typesupport_c.so\n'}
[2.223840] (turtlesim_msgs) StdoutLine: {'line': b'-- Up-to-date symlink: /home/public/ros2ws/install/turtlesim_msgs/share/ament_index/resource_index/rust_packages/turtlesim_msgs\n'}
[2.225417] (turtlesim_msgs) StdoutLine: {'line': b'-- Up-to-date symlink: /home/public/ros2ws/install/turtlesim_msgs/share/turtlesim_msgs/rust/Cargo.toml\n'}
[2.226080] (turtlesim_msgs) StdoutLine: {'line': b'-- Up-to-date symlink: /home/public/ros2ws/install/turtlesim_msgs/share/turtlesim_msgs/rust/build.rs\n'}
[2.227212] (turtlesim_msgs) StdoutLine: {'line': b'-- Up-to-date symlink: /home/public/ros2ws/install/turtlesim_msgs/share/turtlesim_msgs/rust/src/action.rs\n'}
[2.228319] (turtlesim_msgs) StdoutLine: {'line': b'-- Up-to-date symlink: /home/public/ros2ws/install/turtlesim_msgs/share/turtlesim_msgs/rust/src/action/rmw.rs\n'}
[2.228853] (turtlesim_msgs) StdoutLine: {'line': b'-- Up-to-date symlink: /home/public/ros2ws/install/turtlesim_msgs/share/turtlesim_msgs/rust/src/lib.rs\n'}
[2.229426] (turtlesim_msgs) StdoutLine: {'line': b'-- Up-to-date symlink: /home/public/ros2ws/install/turtlesim_msgs/share/turtlesim_msgs/rust/src/msg.rs\n'}
[2.230551] (turtlesim_msgs) StdoutLine: {'line': b'-- Up-to-date symlink: /home/public/ros2ws/install/turtlesim_msgs/share/turtlesim_msgs/rust/src/msg/rmw.rs\n'}
[2.231094] (turtlesim_msgs) StdoutLine: {'line': b'-- Up-to-date symlink: /home/public/ros2ws/install/turtlesim_msgs/share/turtlesim_msgs/rust/src/srv.rs\n'}
[2.232236] (turtlesim_msgs) StdoutLine: {'line': b'-- Up-to-date symlink: /home/public/ros2ws/install/turtlesim_msgs/share/turtlesim_msgs/rust/src/srv/rmw.rs\n'}
[2.233373] (turtlesim_msgs) StdoutLine: {'line': b'-- Up-to-date symlink: /home/public/ros2ws/install/turtlesim_msgs/share/turtlesim_msgs/action/RotateAbsolute.idl\n'}
[2.234533] (turtlesim_msgs) StdoutLine: {'line': b'-- Up-to-date symlink: /home/public/ros2ws/install/turtlesim_msgs/share/turtlesim_msgs/msg/Color.idl\n'}
[2.235689] (turtlesim_msgs) StdoutLine: {'line': b'-- Up-to-date symlink: /home/public/ros2ws/install/turtlesim_msgs/share/turtlesim_msgs/msg/Pose.idl\n'}
[2.236876] (turtlesim_msgs) StdoutLine: {'line': b'-- Up-to-date symlink: /home/public/ros2ws/install/turtlesim_msgs/share/turtlesim_msgs/srv/Kill.idl\n'}
[2.238018] (turtlesim_msgs) StdoutLine: {'line': b'-- Up-to-date symlink: /home/public/ros2ws/install/turtlesim_msgs/share/turtlesim_msgs/srv/SetPen.idl\n'}
[2.239143] (turtlesim_msgs) StdoutLine: {'line': b'-- Up-to-date symlink: /home/public/ros2ws/install/turtlesim_msgs/share/turtlesim_msgs/srv/Spawn.idl\n'}
[2.240298] (turtlesim_msgs) StdoutLine: {'line': b'-- Up-to-date symlink: /home/public/ros2ws/install/turtlesim_msgs/share/turtlesim_msgs/srv/TeleportAbsolute.idl\n'}
[2.241423] (turtlesim_msgs) StdoutLine: {'line': b'-- Up-to-date symlink: /home/public/ros2ws/install/turtlesim_msgs/share/turtlesim_msgs/srv/TeleportRelative.idl\n'}
[2.242678] (turtlesim_msgs) StdoutLine: {'line': b'-- Up-to-date symlink: /home/public/ros2ws/install/turtlesim_msgs/share/turtlesim_msgs/action/RotateAbsolute.action\n'}
[2.243809] (turtlesim_msgs) StdoutLine: {'line': b'-- Up-to-date symlink: /home/public/ros2ws/install/turtlesim_msgs/share/turtlesim_msgs/msg/Color.msg\n'}
[2.244967] (turtlesim_msgs) StdoutLine: {'line': b'-- Up-to-date symlink: /home/public/ros2ws/install/turtlesim_msgs/share/turtlesim_msgs/msg/Pose.msg\n'}
[2.246105] (turtlesim_msgs) StdoutLine: {'line': b'-- Up-to-date symlink: /home/public/ros2ws/install/turtlesim_msgs/share/turtlesim_msgs/srv/Kill.srv\n'}
[2.247356] (turtlesim_msgs) StdoutLine: {'line': b'-- Up-to-date symlink: /home/public/ros2ws/install/turtlesim_msgs/share/turtlesim_msgs/srv/SetPen.srv\n'}
[2.248492] (turtlesim_msgs) StdoutLine: {'line': b'-- Up-to-date symlink: /home/public/ros2ws/install/turtlesim_msgs/share/turtlesim_msgs/srv/Spawn.srv\n'}
[2.249618] (turtlesim_msgs) StdoutLine: {'line': b'-- Up-to-date symlink: /home/public/ros2ws/install/turtlesim_msgs/share/turtlesim_msgs/srv/TeleportAbsolute.srv\n'}
[2.250746] (turtlesim_msgs) StdoutLine: {'line': b'-- Up-to-date symlink: /home/public/ros2ws/install/turtlesim_msgs/share/turtlesim_msgs/srv/TeleportRelative.srv\n'}
[2.252517] (turtlesim_msgs) StdoutLine: {'line': b'-- Up-to-date symlink: /home/public/ros2ws/install/turtlesim_msgs/share/ament_index/resource_index/package_run_dependencies/turtlesim_msgs\n'}
[2.254044] (turtlesim_msgs) StdoutLine: {'line': b'-- Up-to-date symlink: /home/public/ros2ws/install/turtlesim_msgs/share/ament_index/resource_index/parent_prefix_path/turtlesim_msgs\n'}
[2.255137] (turtlesim_msgs) StdoutLine: {'line': b'-- Up-to-date symlink: /home/public/ros2ws/install/turtlesim_msgs/share/turtlesim_msgs/environment/ament_prefix_path.sh\n'}
[2.256284] (turtlesim_msgs) StdoutLine: {'line': b'-- Up-to-date symlink: /home/public/ros2ws/install/turtlesim_msgs/share/turtlesim_msgs/environment/ament_prefix_path.dsv\n'}
[2.257424] (turtlesim_msgs) StdoutLine: {'line': b'-- Up-to-date symlink: /home/public/ros2ws/install/turtlesim_msgs/share/turtlesim_msgs/environment/path.sh\n'}
[2.258534] (turtlesim_msgs) StdoutLine: {'line': b'-- Up-to-date symlink: /home/public/ros2ws/install/turtlesim_msgs/share/turtlesim_msgs/environment/path.dsv\n'}
[2.259664] (turtlesim_msgs) StdoutLine: {'line': b'-- Up-to-date symlink: /home/public/ros2ws/install/turtlesim_msgs/share/turtlesim_msgs/local_setup.bash\n'}
[2.260803] (turtlesim_msgs) StdoutLine: {'line': b'-- Up-to-date symlink: /home/public/ros2ws/install/turtlesim_msgs/share/turtlesim_msgs/local_setup.fish\n'}
[2.261968] (turtlesim_msgs) StdoutLine: {'line': b'-- Up-to-date symlink: /home/public/ros2ws/install/turtlesim_msgs/share/turtlesim_msgs/local_setup.sh\n'}
[2.263112] (turtlesim_msgs) StdoutLine: {'line': b'-- Up-to-date symlink: /home/public/ros2ws/install/turtlesim_msgs/share/turtlesim_msgs/local_setup.zsh\n'}
[2.264247] (turtlesim_msgs) StdoutLine: {'line': b'-- Up-to-date symlink: /home/public/ros2ws/install/turtlesim_msgs/share/turtlesim_msgs/local_setup.dsv\n'}
[2.264929] (turtlesim_msgs) StdoutLine: {'line': b'-- Symlinking: /home/public/ros2ws/install/turtlesim_msgs/share/turtlesim_msgs/package.dsv\n'}
[2.279293] (turtlesim_msgs) StdoutLine: {'line': b'-- Up-to-date symlink: /home/public/ros2ws/install/turtlesim_msgs/share/ament_index/resource_index/packages/turtlesim_msgs\n'}
[2.280496] (turtlesim_msgs) StdoutLine: {'line': b'-- Up-to-date symlink: /home/public/ros2ws/install/turtlesim_msgs/lib/python3.14/site-packages/turtlesim_msgs-1.10.9-py3.14.egg-info/PKG-INFO\n'}
[2.281046] (turtlesim_msgs) StdoutLine: {'line': b'-- Up-to-date symlink: /home/public/ros2ws/install/turtlesim_msgs/lib/python3.14/site-packages/turtlesim_msgs-1.10.9-py3.14.egg-info/SOURCES.txt\n'}
[2.281609] (turtlesim_msgs) StdoutLine: {'line': b'-- Up-to-date symlink: /home/public/ros2ws/install/turtlesim_msgs/lib/python3.14/site-packages/turtlesim_msgs-1.10.9-py3.14.egg-info/dependency_links.txt\n'}
[2.282204] (turtlesim_msgs) StdoutLine: {'line': b'-- Up-to-date symlink: /home/public/ros2ws/install/turtlesim_msgs/lib/python3.14/site-packages/turtlesim_msgs-1.10.9-py3.14.egg-info/top_level.txt\n'}
[2.283765] (turtlesim_msgs) StdoutLine: {'line': b'-- Up-to-date symlink: /home/public/ros2ws/install/turtlesim_msgs/lib/python3.14/site-packages/turtlesim_msgs/__init__.py\n'}
[2.284314] (turtlesim_msgs) StdoutLine: {'line': b'-- Up-to-date symlink: /home/public/ros2ws/install/turtlesim_msgs/lib/python3.14/site-packages/turtlesim_msgs/_turtlesim_msgs_s.ep.rosidl_typesupport_c.c\n'}
[2.284890] (turtlesim_msgs) StdoutLine: {'line': b'-- Up-to-date symlink: /home/public/ros2ws/install/turtlesim_msgs/lib/python3.14/site-packages/turtlesim_msgs/_turtlesim_msgs_s.ep.rosidl_typesupport_fastrtps_c.c\n'}
[2.285450] (turtlesim_msgs) StdoutLine: {'line': b'-- Up-to-date symlink: /home/public/ros2ws/install/turtlesim_msgs/lib/python3.14/site-packages/turtlesim_msgs/_turtlesim_msgs_s.ep.rosidl_typesupport_introspection_c.c\n'}
[2.286582] (turtlesim_msgs) StdoutLine: {'line': b'-- Up-to-date symlink: /home/public/ros2ws/install/turtlesim_msgs/lib/python3.14/site-packages/turtlesim_msgs/action/__init__.py\n'}
[2.287130] (turtlesim_msgs) StdoutLine: {'line': b'-- Up-to-date symlink: /home/public/ros2ws/install/turtlesim_msgs/lib/python3.14/site-packages/turtlesim_msgs/action/_rotate_absolute.py\n'}
[2.287692] (turtlesim_msgs) StdoutLine: {'line': b'-- Up-to-date symlink: /home/public/ros2ws/install/turtlesim_msgs/lib/python3.14/site-packages/turtlesim_msgs/action/_rotate_absolute_s.c\n'}
[2.288839] (turtlesim_msgs) StdoutLine: {'line': b'-- Up-to-date symlink: /home/public/ros2ws/install/turtlesim_msgs/lib/python3.14/site-packages/turtlesim_msgs/msg/__init__.py\n'}
[2.289400] (turtlesim_msgs) StdoutLine: {'line': b'-- Up-to-date symlink: /home/public/ros2ws/install/turtlesim_msgs/lib/python3.14/site-packages/turtlesim_msgs/msg/_color.py\n'}
[2.289976] (turtlesim_msgs) StdoutLine: {'line': b'-- Up-to-date symlink: /home/public/ros2ws/install/turtlesim_msgs/lib/python3.14/site-packages/turtlesim_msgs/msg/_color_s.c\n'}
[2.290542] (turtlesim_msgs) StdoutLine: {'line': b'-- Up-to-date symlink: /home/public/ros2ws/install/turtlesim_msgs/lib/python3.14/site-packages/turtlesim_msgs/msg/_pose.py\n'}
[2.291141] (turtlesim_msgs) StdoutLine: {'line': b'-- Up-to-date symlink: /home/public/ros2ws/install/turtlesim_msgs/lib/python3.14/site-packages/turtlesim_msgs/msg/_pose_s.c\n'}
[2.291705] (turtlesim_msgs) StdoutLine: {'line': b'-- Up-to-date symlink: /home/public/ros2ws/install/turtlesim_msgs/lib/python3.14/site-packages/turtlesim_msgs/py.typed\n'}
[2.292846] (turtlesim_msgs) StdoutLine: {'line': b'-- Up-to-date symlink: /home/public/ros2ws/install/turtlesim_msgs/lib/python3.14/site-packages/turtlesim_msgs/srv/__init__.py\n'}
[2.293431] (turtlesim_msgs) StdoutLine: {'line': b'-- Up-to-date symlink: /home/public/ros2ws/install/turtlesim_msgs/lib/python3.14/site-packages/turtlesim_msgs/srv/_kill.py\n'}
[2.294015] (turtlesim_msgs) StdoutLine: {'line': b'-- Up-to-date symlink: /home/public/ros2ws/install/turtlesim_msgs/lib/python3.14/site-packages/turtlesim_msgs/srv/_kill_s.c\n'}
[2.294559] (turtlesim_msgs) StdoutLine: {'line': b'-- Up-to-date symlink: /home/public/ros2ws/install/turtlesim_msgs/lib/python3.14/site-packages/turtlesim_msgs/srv/_set_pen.py\n'}
[2.295115] (turtlesim_msgs) StdoutLine: {'line': b'-- Up-to-date symlink: /home/public/ros2ws/install/turtlesim_msgs/lib/python3.14/site-packages/turtlesim_msgs/srv/_set_pen_s.c\n'}
[2.295672] (turtlesim_msgs) StdoutLine: {'line': b'-- Up-to-date symlink: /home/public/ros2ws/install/turtlesim_msgs/lib/python3.14/site-packages/turtlesim_msgs/srv/_spawn.py\n'}
[2.296228] (turtlesim_msgs) StdoutLine: {'line': b'-- Up-to-date symlink: /home/public/ros2ws/install/turtlesim_msgs/lib/python3.14/site-packages/turtlesim_msgs/srv/_spawn_s.c\n'}
[2.296783] (turtlesim_msgs) StdoutLine: {'line': b'-- Up-to-date symlink: /home/public/ros2ws/install/turtlesim_msgs/lib/python3.14/site-packages/turtlesim_msgs/srv/_teleport_absolute.py\n'}
[2.297349] (turtlesim_msgs) StdoutLine: {'line': b'-- Up-to-date symlink: /home/public/ros2ws/install/turtlesim_msgs/lib/python3.14/site-packages/turtlesim_msgs/srv/_teleport_absolute_s.c\n'}
[2.297930] (turtlesim_msgs) StdoutLine: {'line': b'-- Up-to-date symlink: /home/public/ros2ws/install/turtlesim_msgs/lib/python3.14/site-packages/turtlesim_msgs/srv/_teleport_relative.py\n'}
[2.298481] (turtlesim_msgs) StdoutLine: {'line': b'-- Up-to-date symlink: /home/public/ros2ws/install/turtlesim_msgs/lib/python3.14/site-packages/turtlesim_msgs/srv/_teleport_relative_s.c\n'}
[2.298629] (turtlesim_msgs) StdoutLine: {'line': b'-- Up-to-date symlink: /home/public/ros2ws/install/turtlesim_msgs/lib/python3.14/site-packages/turtlesim_msgs/turtlesim_msgs_s__rosidl_typesupport_c.so\n'}
[2.298814] (turtlesim_msgs) StdoutLine: {'line': b'-- Up-to-date symlink: /home/public/ros2ws/install/turtlesim_msgs/lib/python3.14/site-packages/turtlesim_msgs/turtlesim_msgs_s__rosidl_typesupport_fastrtps_c.so\n'}
[2.298977] (turtlesim_msgs) StdoutLine: {'line': b'-- Up-to-date symlink: /home/public/ros2ws/install/turtlesim_msgs/lib/python3.14/site-packages/turtlesim_msgs/turtlesim_msgs_s__rosidl_typesupport_introspection_c.so\n'}
[2.300535] (turtlesim_msgs) StdoutLine: {'line': b'-- Up-to-date symlink: /home/public/ros2ws/install/turtlesim_msgs/share/turtlesim_msgs/cmake/rosidl_cmake-extras.cmake\n'}
[2.301665] (turtlesim_msgs) StdoutLine: {'line': b'-- Up-to-date symlink: /home/public/ros2ws/install/turtlesim_msgs/share/turtlesim_msgs/cmake/ament_cmake_export_dependencies-extras.cmake\n'}
[2.302804] (turtlesim_msgs) StdoutLine: {'line': b'-- Up-to-date symlink: /home/public/ros2ws/install/turtlesim_msgs/share/turtlesim_msgs/cmake/ament_cmake_export_include_directories-extras.cmake\n'}
[2.303937] (turtlesim_msgs) StdoutLine: {'line': b'-- Up-to-date symlink: /home/public/ros2ws/install/turtlesim_msgs/share/turtlesim_msgs/cmake/ament_cmake_export_libraries-extras.cmake\n'}
[2.305061] (turtlesim_msgs) StdoutLine: {'line': b'-- Up-to-date symlink: /home/public/ros2ws/install/turtlesim_msgs/share/turtlesim_msgs/cmake/ament_cmake_export_targets-extras.cmake\n'}
[2.306203] (turtlesim_msgs) StdoutLine: {'line': b'-- Up-to-date symlink: /home/public/ros2ws/install/turtlesim_msgs/share/turtlesim_msgs/cmake/rosidl_cmake_export_typesupport_targets-extras.cmake\n'}
[2.307336] (turtlesim_msgs) StdoutLine: {'line': b'-- Up-to-date symlink: /home/public/ros2ws/install/turtlesim_msgs/share/turtlesim_msgs/cmake/rosidl_cmake_export_typesupport_libraries-extras.cmake\n'}
[2.310436] (-) TimerEvent: {}
[2.312313] (turtlesim_msgs) StdoutLine: {'line': b'-- Up-to-date symlink: /home/public/ros2ws/install/turtlesim_msgs/share/turtlesim_msgs/cmake/rosidl_cmake_aggregate_target-extras.cmake\n'}
[2.313966] (turtlesim_msgs) StdoutLine: {'line': b'-- Up-to-date symlink: /home/public/ros2ws/install/turtlesim_msgs/share/turtlesim_msgs/cmake/turtlesim_msgsConfig.cmake\n'}
[2.314495] (turtlesim_msgs) StdoutLine: {'line': b'-- Up-to-date symlink: /home/public/ros2ws/install/turtlesim_msgs/share/turtlesim_msgs/cmake/turtlesim_msgsConfig-version.cmake\n'}
[2.320347] (turtlesim_msgs) StdoutLine: {'line': b'-- Up-to-date symlink: /home/public/ros2ws/install/turtlesim_msgs/share/turtlesim_msgs/package.xml\n'}
[2.322667] (turtlesim_msgs) StdoutLine: {'line': b'-- Up-to-date: /home/public/ros2ws/install/turtlesim_msgs/lib/libturtlesim_msgs__rosidl_generator_c.so\n'}
[2.325049] (turtlesim_msgs) StdoutLine: {'line': b'-- Up-to-date: /home/public/ros2ws/install/turtlesim_msgs/lib/libturtlesim_msgs__rosidl_typesupport_fastrtps_c.so\n'}
[2.327637] (turtlesim_msgs) StdoutLine: {'line': b'-- Up-to-date: /home/public/ros2ws/install/turtlesim_msgs/lib/libturtlesim_msgs__rosidl_typesupport_fastrtps_cpp.so\n'}
[2.330149] (turtlesim_msgs) StdoutLine: {'line': b'-- Up-to-date: /home/public/ros2ws/install/turtlesim_msgs/lib/libturtlesim_msgs__rosidl_typesupport_introspection_c.so\n'}
[2.332747] (turtlesim_msgs) StdoutLine: {'line': b'-- Up-to-date: /home/public/ros2ws/install/turtlesim_msgs/lib/libturtlesim_msgs__rosidl_typesupport_c.so\n'}
[2.335572] (turtlesim_msgs) StdoutLine: {'line': b'-- Up-to-date: /home/public/ros2ws/install/turtlesim_msgs/lib/libturtlesim_msgs__rosidl_typesupport_introspection_cpp.so\n'}
[2.337934] (turtlesim_msgs) StdoutLine: {'line': b'-- Up-to-date: /home/public/ros2ws/install/turtlesim_msgs/lib/libturtlesim_msgs__rosidl_typesupport_cpp.so\n'}
[2.341336] (turtlesim_msgs) StdoutLine: {'line': b'-- Up-to-date: /home/public/ros2ws/install/turtlesim_msgs/lib/libturtlesim_msgs__rosidl_generator_py.so\n'}
[2.344956] (turtlesim_msgs) StdoutLine: {'line': b'-- Up-to-date: /home/public/ros2ws/install/turtlesim_msgs/share/turtlesim_msgs/cmake/export_turtlesim_msgs__rosidl_generator_cExport.cmake\n'}
[2.345150] (turtlesim_msgs) StdoutLine: {'line': b'-- Up-to-date: /home/public/ros2ws/install/turtlesim_msgs/share/turtlesim_msgs/cmake/export_turtlesim_msgs__rosidl_generator_cExport-noconfig.cmake\n'}
[2.346159] (turtlesim_msgs) StdoutLine: {'line': b'-- Up-to-date: /home/public/ros2ws/install/turtlesim_msgs/share/turtlesim_msgs/cmake/export_turtlesim_msgs__rosidl_typesupport_fastrtps_cExport.cmake\n'}
[2.346369] (turtlesim_msgs) StdoutLine: {'line': b'-- Up-to-date: /home/public/ros2ws/install/turtlesim_msgs/share/turtlesim_msgs/cmake/export_turtlesim_msgs__rosidl_typesupport_fastrtps_cExport-noconfig.cmake\n'}
[2.347760] (turtlesim_msgs) StdoutLine: {'line': b'-- Up-to-date: /home/public/ros2ws/install/turtlesim_msgs/share/turtlesim_msgs/cmake/export_turtlesim_msgs__rosidl_generator_cppExport.cmake\n'}
[2.349121] (turtlesim_msgs) StdoutLine: {'line': b'-- Up-to-date: /home/public/ros2ws/install/turtlesim_msgs/share/turtlesim_msgs/cmake/export_turtlesim_msgs__rosidl_typesupport_fastrtps_cppExport.cmake\n'}
[2.349295] (turtlesim_msgs) StdoutLine: {'line': b'-- Up-to-date: /home/public/ros2ws/install/turtlesim_msgs/share/turtlesim_msgs/cmake/export_turtlesim_msgs__rosidl_typesupport_fastrtps_cppExport-noconfig.cmake\n'}
[2.350336] (turtlesim_msgs) StdoutLine: {'line': b'-- Up-to-date: /home/public/ros2ws/install/turtlesim_msgs/share/turtlesim_msgs/cmake/turtlesim_msgs__rosidl_typesupport_introspection_cExport.cmake\n'}
[2.350500] (turtlesim_msgs) StdoutLine: {'line': b'-- Up-to-date: /home/public/ros2ws/install/turtlesim_msgs/share/turtlesim_msgs/cmake/turtlesim_msgs__rosidl_typesupport_introspection_cExport-noconfig.cmake\n'}
[2.351539] (turtlesim_msgs) StdoutLine: {'line': b'-- Up-to-date: /home/public/ros2ws/install/turtlesim_msgs/share/turtlesim_msgs/cmake/turtlesim_msgs__rosidl_typesupport_cExport.cmake\n'}
[2.351697] (turtlesim_msgs) StdoutLine: {'line': b'-- Up-to-date: /home/public/ros2ws/install/turtlesim_msgs/share/turtlesim_msgs/cmake/turtlesim_msgs__rosidl_typesupport_cExport-noconfig.cmake\n'}
[2.352746] (turtlesim_msgs) StdoutLine: {'line': b'-- Up-to-date: /home/public/ros2ws/install/turtlesim_msgs/share/turtlesim_msgs/cmake/turtlesim_msgs__rosidl_typesupport_introspection_cppExport.cmake\n'}
[2.352894] (turtlesim_msgs) StdoutLine: {'line': b'-- Up-to-date: /home/public/ros2ws/install/turtlesim_msgs/share/turtlesim_msgs/cmake/turtlesim_msgs__rosidl_typesupport_introspection_cppExport-noconfig.cmake\n'}
[2.354045] (turtlesim_msgs) StdoutLine: {'line': b'-- Up-to-date: /home/public/ros2ws/install/turtlesim_msgs/share/turtlesim_msgs/cmake/turtlesim_msgs__rosidl_typesupport_cppExport.cmake\n'}
[2.354202] (turtlesim_msgs) StdoutLine: {'line': b'-- Up-to-date: /home/public/ros2ws/install/turtlesim_msgs/share/turtlesim_msgs/cmake/turtlesim_msgs__rosidl_typesupport_cppExport-noconfig.cmake\n'}
[2.355338] (turtlesim_msgs) StdoutLine: {'line': b'-- Up-to-date: /home/public/ros2ws/install/turtlesim_msgs/share/turtlesim_msgs/cmake/export_turtlesim_msgs__rosidl_generator_pyExport.cmake\n'}
[2.355500] (turtlesim_msgs) StdoutLine: {'line': b'-- Up-to-date: /home/public/ros2ws/install/turtlesim_msgs/share/turtlesim_msgs/cmake/export_turtlesim_msgs__rosidl_generator_pyExport-noconfig.cmake\n'}
[2.410584] (-) TimerEvent: {}
[2.462116] (turtlesim_msgs) StdoutLine: {'line': b"Listing '/home/public/ros2ws/install/turtlesim_msgs/lib/python3.14/site-packages/turtlesim_msgs'...\n"}
[2.462388] (turtlesim_msgs) StdoutLine: {'line': b"Listing '/home/public/ros2ws/install/turtlesim_msgs/lib/python3.14/site-packages/turtlesim_msgs/action'...\n"}
[2.462456] (turtlesim_msgs) StdoutLine: {'line': b"Listing '/home/public/ros2ws/install/turtlesim_msgs/lib/python3.14/site-packages/turtlesim_msgs/msg'...\n"}
[2.462515] (turtlesim_msgs) StdoutLine: {'line': b"Listing '/home/public/ros2ws/install/turtlesim_msgs/lib/python3.14/site-packages/turtlesim_msgs/srv'...\n"}
[2.488431] (turtlesim_msgs) CommandEnded: {'returncode': 0}
[2.510671] (-) TimerEvent: {}
[2.564687] (turtlesim_msgs) JobEnded: {'identifier': 'turtlesim_msgs', 'rc': 0}
[2.565834] (turtlesim) JobStarted: {'identifier': 'turtlesim'}
[2.590061] (turtlesim) JobProgress: {'identifier': 'turtlesim', 'progress': 'cmake'}
[2.595435] (turtlesim) JobProgress: {'identifier': 'turtlesim', 'progress': 'build'}
[2.595986] (turtlesim) Command: {'cmd': ['/usr/bin/cmake', '--build', '/home/public/ros2ws/build/turtlesim', '--', '-j4', '-l4'], 'cwd': '/home/public/ros2ws/build/turtlesim', 'env': OrderedDict({'LESSOPEN': '| /usr/bin/lesspipe %s', 'LANGUAGE': 'en', 'USER': 'admin', 'LC_TIME': 'C.UTF-8', 'XDG_SESSION_TYPE': 'wayland', 'PTYXIS_VERSION': '50.1', 'SHLVL': '1', 'LD_LIBRARY_PATH': '/home/public/ros2ws/install/turtlesim_msgs/lib:/opt/ros/lyrical/opt/gz_math_vendor/lib:/opt/ros/lyrical/opt/gz_utils_vendor/lib:/opt/ros/lyrical/opt/rviz_ogre_vendor/lib:/opt/ros/lyrical/lib/aarch64-linux-gnu:/opt/ros/lyrical/opt/gz_cmake_vendor/lib:/opt/ros/lyrical/lib', 'HOME': '/home/admin', 'DESKTOP_SESSION': 'ubuntu', 'IM_CONFIG_ENTRY': 'profile', 'ROS_PYTHON_VERSION': '3', 'GTK_MODULES': 'gail:atk-bridge', 'LC_MONETARY': 'C.UTF-8', 'MANAGERPID': '3081', 'DBUS_STARTER_BUS_TYPE': 'session', 'SYSTEMD_EXEC_PID': '3110', 'DBUS_SESSION_BUS_ADDRESS': 'unix:path=/run/user/1000/bus,guid=e2de62902b556789e778b7eb69dfd9f0', 'COLORTERM': 'truecolor', 'DEBUGINFOD_URLS': 'https://debuginfod.ubuntu.com', 'WAYLAND_DISPLAY': 'wayland-0', 'ROS_DISTRO': 'lyrical', 'LOGNAME': 'admin', 'MANAGERPIDFDID': '713', '_': '/usr/bin/colcon', 'ROS_VERSION': '2', 'MEMORY_PRESSURE_WATCH': '/sys/fs/cgroup/user.slice/user-1000.slice/user@1000.service/session.slice/dbus.service/memory.pressure', 'XDG_SESSION_CLASS': 'user', 'USERNAME': 'admin', 'TERM': 'xterm-256color', 'GNOME_DESKTOP_SESSION_ID': 'this-is-deprecated', 'FLATPAK_TTY_PROGRESS': '1', 'PATH': '/opt/ros/lyrical/bin:/usr/local/sbin:/usr/local/bin:/usr/sbin:/usr/bin:/sbin:/bin:/usr/games:/usr/local/games:/snap/bin:/snap/bin', 'INVOCATION_ID': '353afd881557444d899c3fa8b680a80b', 'PAPERSIZE': 'a4', 'XDG_MENU_PREFIX': 'gnome-', 'PTYXIS_PROFILE': '46b325db7867804b9a1cc0046a1f6a7b', 'LC_ADDRESS': 'C.UTF-8', 'GNOME_SETUP_DISPLAY': 'unix:/tmp/.X11-unix/X1', 'XDG_RUNTIME_DIR': '/run/user/1000', 'DISPLAY': ':0', 'LANG': 'en_US.UTF-8', 'XDG_CURRENT_DESKTOP': 'ubuntu:GNOME', 'LC_TELEPHONE': 'C.UTF-8', 'XMODIFIERS': '@im=ibus', 'XDG_SESSION_DESKTOP': 'ubuntu', 'XAUTHORITY': '/run/user/1000/.mutter-Xwaylandauth.7TYEN3', 'LS_COLORS': 'rs=0:di=01;34:ln=01;36:mh=00:pi=40;33:so=01;35:do=01;35:bd=40;33;01:cd=40;33;01:or=40;31;01:mi=00:su=37;41:sg=30;43:ca=00:tw=30;42:ow=34;42:st=37;44:ex=01;32:*.tar=01;31:*.tgz=01;31:*.arc=01;31:*.arj=01;31:*.taz=01;31:*.lha=01;31:*.lz4=01;31:*.lzh=01;31:*.lzma=01;31:*.tlz=01;31:*.txz=01;31:*.tzo=01;31:*.t7z=01;31:*.zip=01;31:*.z=01;31:*.dz=01;31:*.gz=01;31:*.lrz=01;31:*.lz=01;31:*.lzo=01;31:*.xz=01;31:*.zst=01;31:*.tzst=01;31:*.bz2=01;31:*.bz=01;31:*.tbz=01;31:*.tbz2=01;31:*.tz=01;31:*.deb=01;31:*.rpm=01;31:*.jar=01;31:*.war=01;31:*.ear=01;31:*.sar=01;31:*.rar=01;31:*.alz=01;31:*.ace=01;31:*.zoo=01;31:*.cpio=01;31:*.7z=01;31:*.rz=01;31:*.cab=01;31:*.wim=01;31:*.swm=01;31:*.dwm=01;31:*.esd=01;31:*.avif=01;35:*.jpg=01;35:*.jpeg=01;35:*.mjpg=01;35:*.mjpeg=01;35:*.gif=01;35:*.bmp=01;35:*.pbm=01;35:*.pgm=01;35:*.ppm=01;35:*.tga=01;35:*.xbm=01;35:*.xpm=01;35:*.tif=01;35:*.tiff=01;35:*.png=01;35:*.svg=01;35:*.svgz=01;35:*.mng=01;35:*.pcx=01;35:*.mov=01;35:*.mpg=01;35:*.mpeg=01;35:*.m2v=01;35:*.mkv=01;35:*.webm=01;35:*.webp=01;35:*.ogm=01;35:*.mp4=01;35:*.m4v=01;35:*.mp4v=01;35:*.vob=01;35:*.qt=01;35:*.nuv=01;35:*.wmv=01;35:*.asf=01;35:*.rm=01;35:*.rmvb=01;35:*.flc=01;35:*.avi=01;35:*.fli=01;35:*.flv=01;35:*.gl=01;35:*.dl=01;35:*.xcf=01;35:*.xwd=01;35:*.yuv=01;35:*.cgm=01;35:*.emf=01;35:*.ogv=01;35:*.ogx=01;35:*.aac=00;36:*.au=00;36:*.flac=00;36:*.m4a=00;36:*.mid=00;36:*.midi=00;36:*.mka=00;36:*.mp3=00;36:*.mpc=00;36:*.ogg=00;36:*.ra=00;36:*.wav=00;36:*.oga=00;36:*.opus=00;36:*.spx=00;36:*.xspf=00;36:*~=00;90:*#=00;90:*.bak=00;90:*.old=00;90:*.orig=00;90:*.part=00;90:*.rej=00;90:*.swp=00;90:*.tmp=00;90:*.dpkg-dist=00;90:*.dpkg-old=00;90:*.ucf-dist=00;90:*.ucf-new=00;90:*.ucf-old=00;90:*.rpmnew=00;90:*.rpmorig=00;90:*.rpmsave=00;90:', 'SSH_AUTH_SOCK': '/run/user/1000/gcr/ssh', 'AMENT_PREFIX_PATH': '/home/public/ros2ws/install/turtlesim_msgs:/opt/ros/lyrical', 'SHELL': '/bin/bash', 'LC_NAME': 'C.UTF-8', 'QT_ACCESSIBILITY': '1', 'GDMSESSION': 'ubuntu', 'LESSCLOSE': '/usr/bin/lesspipe %s %s', 'LC_MEASUREMENT': 'C.UTF-8', 'GPG_AGENT_INFO': '/run/user/1000/gnupg/S.gpg-agent:0:1', 'LC_IDENTIFICATION': 'C.UTF-8', 'GSK_RENDERER': 'gl', 'ROS_AUTOMATIC_DISCOVERY_RANGE': 'SUBNET', 'QT_IM_MODULE': 'ibus', 'PWD': '/home/public/ros2ws/build/turtlesim', 'XDG_CONFIG_DIRS': '/etc/xdg/xdg-ubuntu:/etc/xdg', 'DBUS_STARTER_ADDRESS': 'unix:path=/run/user/1000/bus,guid=e2de62902b556789e778b7eb69dfd9f0', 'XDG_DATA_DIRS': '/usr/share/ubuntu:/usr/share/gnome:/usr/local/share/:/usr/share/:/var/lib/snapd/desktop', 'XDG_SESSION_EXTRA_DEVICE_ACCESS': 'render:accel', 'PYTHONPATH': '/home/public/ros2ws/install/turtlesim_msgs/lib/python3.14/site-packages:/opt/ros/lyrical/opt/gz_math_vendor/lib/python:/opt/ros/lyrical/lib/python3.14/site-packages', 'LC_NUMERIC': 'C.UTF-8', 'LC_PAPER': 'C.UTF-8', 'COLCON': '1', 'QT_IM_MODULES': 'wayland;ibus', 'MEMORY_PRESSURE_WRITE': 'c29tZSAyMDAwMDAgMjAwMDAwMAA=', 'VTE_VERSION': '8400', 'CMAKE_PREFIX_PATH': '/home/public/ros2ws/install/turtlesim_msgs:/opt/ros/lyrical/opt/gz_math_vendor:/opt/ros/lyrical/opt/gz_utils_vendor:/opt/ros/lyrical/opt/gz_cmake_vendor:/opt/ros/lyrical'}), 'shell': False}
[2.610799] (-) TimerEvent: {}
[2.618278] (turtlesim) StderrLine: {'line': b"gmake: Warning: File 'Makefile' has modification time 8915528 s in the future\n"}
[2.710914] (-) TimerEvent: {}
[2.737357] (turtlesim) StderrLine: {'line': b"gmake[1]: Warning: File 'CMakeFiles/Makefile2' has modification time 8915528 s in the future\n"}
[2.739892] (turtlesim) StderrLine: {'line': b"gmake[2]: Warning: File 'CMakeFiles/turtlesim_node_autogen_timestamp_deps.dir/build.make' has modification time 7876071 s in the future\n"}
[2.759363] (turtlesim) StderrLine: {'line': b'gmake[2]: warning:  Clock skew detected.  Your build may be incomplete.\n'}
[2.761331] (turtlesim) StderrLine: {'line': b"gmake[2]: Warning: File 'CMakeFiles/turtlesim_node_autogen_timestamp_deps.dir/build.make' has modification time 7876071 s in the future\n"}
[2.761589] (turtlesim) StderrLine: {'line': b'gmake[2]: warning:  Clock skew detected.  Your build may be incomplete.\n'}
[2.777981] (turtlesim) StdoutLine: {'line': b'[  0%] Built target turtlesim_node_autogen_timestamp_deps\n'}
[2.781043] (turtlesim) StderrLine: {'line': b"gmake[2]: Warning: File 'CMakeFiles/mimic_autogen_timestamp_deps.dir/build.make' has modification time 7876071 s in the future\n"}
[2.795017] (turtlesim) StderrLine: {'line': b'gmake[2]: warning:  Clock skew detected.  Your build may be incomplete.\n'}
[2.796963] (turtlesim) StderrLine: {'line': b"gmake[2]: Warning: File 'CMakeFiles/mimic_autogen_timestamp_deps.dir/build.make' has modification time 7876071 s in the future\n"}
[2.797204] (turtlesim) StderrLine: {'line': b'gmake[2]: warning:  Clock skew detected.  Your build may be incomplete.\n'}
[2.810999] (-) TimerEvent: {}
[2.813080] (turtlesim) StdoutLine: {'line': b'[  0%] Built target mimic_autogen_timestamp_deps\n'}
[2.825156] (turtlesim) StderrLine: {'line': b"gmake[2]: Warning: File 'CMakeFiles/turtlesim_node_autogen.dir/build.make' has modification time 7876071 s in the future\n"}
[2.868876] (turtlesim) StderrLine: {'line': b'gmake[2]: warning:  Clock skew detected.  Your build may be incomplete.\n'}
[2.869142] (turtlesim) StderrLine: {'line': b"gmake[2]: Warning: File 'CMakeFiles/turtlesim_node_autogen.dir/build.make' has modification time 7876071 s in the future\n"}
[2.881800] (turtlesim) StderrLine: {'line': b'gmake[2]: warning:  Clock skew detected.  Your build may be incomplete.\n'}
[2.894589] (turtlesim) StdoutLine: {'line': b'[  5%] Built target turtlesim_node_autogen\n'}
[2.905822] (turtlesim) StderrLine: {'line': b"gmake[2]: Warning: File 'CMakeFiles/mimic_autogen.dir/build.make' has modification time 7876071 s in the future\n"}
[2.911118] (-) TimerEvent: {}
[2.940568] (turtlesim) StderrLine: {'line': b'gmake[2]: warning:  Clock skew detected.  Your build may be incomplete.\n'}
[2.946799] (turtlesim) StderrLine: {'line': b"gmake[2]: Warning: File 'CMakeFiles/mimic_autogen.dir/build.make' has modification time 7876071 s in the future\n"}
[2.949576] (turtlesim) StderrLine: {'line': b'gmake[2]: warning:  Clock skew detected.  Your build may be incomplete.\n'}
[2.962495] (turtlesim) StdoutLine: {'line': b'[ 10%] Built target mimic_autogen\n'}
[2.981113] (turtlesim) StderrLine: {'line': b"gmake[2]: Warning: File 'CMakeFiles/turtlesim_node.dir/build.make' has modification time 7876071 s in the future\n"}
[3.005567] (turtlesim) StderrLine: {'line': b'gmake[2]: warning:  Clock skew detected.  Your build may be incomplete.\n'}
[3.012003] (-) TimerEvent: {}
[3.019046] (turtlesim) StderrLine: {'line': b"gmake[2]: Warning: File 'CMakeFiles/turtlesim_node.dir/build.make' has modification time 7876071 s in the future\n"}
[3.112247] (-) TimerEvent: {}
[3.153716] (turtlesim) StderrLine: {'line': b'gmake[2]: warning:  Clock skew detected.  Your build may be incomplete.\n'}
[3.199317] (turtlesim) StdoutLine: {'line': b'[ 45%] Built target turtlesim_node\n'}
[3.214446] (-) TimerEvent: {}
[3.238765] (turtlesim) StderrLine: {'line': b"gmake[2]: Warning: File 'CMakeFiles/mimic.dir/build.make' has modification time 7876071 s in the future\n"}
[3.314773] (-) TimerEvent: {}
[3.351764] (turtlesim) StderrLine: {'line': b'gmake[2]: warning:  Clock skew detected.  Your build may be incomplete.\n'}
[3.365401] (turtlesim) StderrLine: {'line': b"gmake[2]: Warning: File 'CMakeFiles/mimic.dir/build.make' has modification time 7876071 s in the future\n"}
[3.369778] (turtlesim) StderrLine: {'line': b'gmake[2]: warning:  Clock skew detected.  Your build may be incomplete.\n'}
[3.402807] (turtlesim) StdoutLine: {'line': b'[ 60%] Built target mimic\n'}
[3.410770] (turtlesim) StderrLine: {'line': b"gmake[2]: Warning: File 'CMakeFiles/draw_square_autogen_timestamp_deps.dir/build.make' has modification time 7876070 s in the future\n"}
[3.416098] (-) TimerEvent: {}
[3.450609] (turtlesim) StderrLine: {'line': b'gmake[2]: warning:  Clock skew detected.  Your build may be incomplete.\n'}
[3.455679] (turtlesim) StderrLine: {'line': b"gmake[2]: Warning: File 'CMakeFiles/draw_square_autogen_timestamp_deps.dir/build.make' has modification time 7876070 s in the future\n"}
[3.458886] (turtlesim) StderrLine: {'line': b'gmake[2]: warning:  Clock skew detected.  Your build may be incomplete.\n'}
[3.490866] (turtlesim) StdoutLine: {'line': b'[ 60%] Built target draw_square_autogen_timestamp_deps\n'}
[3.500979] (turtlesim) StderrLine: {'line': b"gmake[2]: Warning: File 'CMakeFiles/turtle_teleop_key_autogen_timestamp_deps.dir/build.make' has modification time 7876070 s in the future\n"}
[3.516380] (-) TimerEvent: {}
[3.530104] (turtlesim) StderrLine: {'line': b'gmake[2]: warning:  Clock skew detected.  Your build may be incomplete.\n'}
[3.532783] (turtlesim) StderrLine: {'line': b"gmake[2]: Warning: File 'CMakeFiles/turtle_teleop_key_autogen_timestamp_deps.dir/build.make' has modification time 7876070 s in the future\n"}
[3.533108] (turtlesim) StderrLine: {'line': b'gmake[2]: warning:  Clock skew detected.  Your build may be incomplete.\n'}
[3.554014] (turtlesim) StdoutLine: {'line': b'[ 60%] Built target turtle_teleop_key_autogen_timestamp_deps\n'}
[3.566997] (turtlesim) StderrLine: {'line': b"gmake[2]: Warning: File 'CMakeFiles/draw_square_autogen.dir/build.make' has modification time 7876070 s in the future\n"}
[3.607400] (turtlesim) StderrLine: {'line': b'gmake[2]: warning:  Clock skew detected.  Your build may be incomplete.\n'}
[3.614800] (turtlesim) StderrLine: {'line': b"gmake[2]: Warning: File 'CMakeFiles/draw_square_autogen.dir/build.make' has modification time 7876070 s in the future\n"}
[3.616503] (-) TimerEvent: {}
[3.630031] (turtlesim) StderrLine: {'line': b'gmake[2]: warning:  Clock skew detected.  Your build may be incomplete.\n'}
[3.655142] (turtlesim) StdoutLine: {'line': b'[ 65%] Built target draw_square_autogen\n'}
[3.669769] (turtlesim) StderrLine: {'line': b"gmake[2]: Warning: File 'CMakeFiles/turtle_teleop_key_autogen.dir/build.make' has modification time 7876070 s in the future\n"}
[3.711040] (turtlesim) StderrLine: {'line': b'gmake[2]: warning:  Clock skew detected.  Your build may be incomplete.\n'}
[3.716662] (-) TimerEvent: {}
[3.720384] (turtlesim) StderrLine: {'line': b"gmake[2]: Warning: File 'CMakeFiles/turtle_teleop_key_autogen.dir/build.make' has modification time 7876070 s in the future\n"}
[3.734028] (turtlesim) StderrLine: {'line': b'gmake[2]: warning:  Clock skew detected.  Your build may be incomplete.\n'}
[3.756328] (turtlesim) StdoutLine: {'line': b'[ 70%] Built target turtle_teleop_key_autogen\n'}
[3.772095] (turtlesim) StderrLine: {'line': b"gmake[2]: Warning: File 'CMakeFiles/draw_square.dir/build.make' has modification time 7876070 s in the future\n"}
[3.797000] (turtlesim) StderrLine: {'line': b'gmake[2]: warning:  Clock skew detected.  Your build may be incomplete.\n'}
[3.806070] (turtlesim) StderrLine: {'line': b"gmake[2]: Warning: File 'CMakeFiles/draw_square.dir/build.make' has modification time 7876070 s in the future\n"}
[3.808775] (turtlesim) StderrLine: {'line': b'gmake[2]: warning:  Clock skew detected.  Your build may be incomplete.\n'}
[3.817186] (-) TimerEvent: {}
[3.834821] (turtlesim) StdoutLine: {'line': b'[ 85%] Built target draw_square\n'}
[3.859007] (turtlesim) StderrLine: {'line': b"gmake[2]: Warning: File 'CMakeFiles/turtle_teleop_key.dir/build.make' has modification time 7876070 s in the future\n"}
[3.883731] (turtlesim) StderrLine: {'line': b'gmake[2]: warning:  Clock skew detected.  Your build may be incomplete.\n'}
[3.890572] (turtlesim) StderrLine: {'line': b"gmake[2]: Warning: File 'CMakeFiles/turtle_teleop_key.dir/build.make' has modification time 7876070 s in the future\n"}
[3.893995] (turtlesim) StderrLine: {'line': b'gmake[2]: warning:  Clock skew detected.  Your build may be incomplete.\n'}
[3.905840] (turtlesim) StdoutLine: {'line': b'[100%] Built target turtle_teleop_key\n'}
[3.907686] (turtlesim) StderrLine: {'line': b'gmake[1]: warning:  Clock skew detected.  Your build may be incomplete.\n'}
[3.917988] (-) TimerEvent: {}
[3.922351] (turtlesim) StderrLine: {'line': b'gmake: warning:  Clock skew detected.  Your build may be incomplete.\n'}
[3.928665] (turtlesim) CommandEnded: {'returncode': 0}
[3.934993] (turtlesim) JobProgress: {'identifier': 'turtlesim', 'progress': 'install'}
[3.935416] (turtlesim) Command: {'cmd': ['/usr/bin/cmake', '--install', '/home/public/ros2ws/build/turtlesim'], 'cwd': '/home/public/ros2ws/build/turtlesim', 'env': OrderedDict({'LESSOPEN': '| /usr/bin/lesspipe %s', 'LANGUAGE': 'en', 'USER': 'admin', 'LC_TIME': 'C.UTF-8', 'XDG_SESSION_TYPE': 'wayland', 'PTYXIS_VERSION': '50.1', 'SHLVL': '1', 'LD_LIBRARY_PATH': '/home/public/ros2ws/install/turtlesim_msgs/lib:/opt/ros/lyrical/opt/gz_math_vendor/lib:/opt/ros/lyrical/opt/gz_utils_vendor/lib:/opt/ros/lyrical/opt/rviz_ogre_vendor/lib:/opt/ros/lyrical/lib/aarch64-linux-gnu:/opt/ros/lyrical/opt/gz_cmake_vendor/lib:/opt/ros/lyrical/lib', 'HOME': '/home/admin', 'DESKTOP_SESSION': 'ubuntu', 'IM_CONFIG_ENTRY': 'profile', 'ROS_PYTHON_VERSION': '3', 'GTK_MODULES': 'gail:atk-bridge', 'LC_MONETARY': 'C.UTF-8', 'MANAGERPID': '3081', 'DBUS_STARTER_BUS_TYPE': 'session', 'SYSTEMD_EXEC_PID': '3110', 'DBUS_SESSION_BUS_ADDRESS': 'unix:path=/run/user/1000/bus,guid=e2de62902b556789e778b7eb69dfd9f0', 'COLORTERM': 'truecolor', 'DEBUGINFOD_URLS': 'https://debuginfod.ubuntu.com', 'WAYLAND_DISPLAY': 'wayland-0', 'ROS_DISTRO': 'lyrical', 'LOGNAME': 'admin', 'MANAGERPIDFDID': '713', '_': '/usr/bin/colcon', 'ROS_VERSION': '2', 'MEMORY_PRESSURE_WATCH': '/sys/fs/cgroup/user.slice/user-1000.slice/user@1000.service/session.slice/dbus.service/memory.pressure', 'XDG_SESSION_CLASS': 'user', 'USERNAME': 'admin', 'TERM': 'xterm-256color', 'GNOME_DESKTOP_SESSION_ID': 'this-is-deprecated', 'FLATPAK_TTY_PROGRESS': '1', 'PATH': '/opt/ros/lyrical/bin:/usr/local/sbin:/usr/local/bin:/usr/sbin:/usr/bin:/sbin:/bin:/usr/games:/usr/local/games:/snap/bin:/snap/bin', 'INVOCATION_ID': '353afd881557444d899c3fa8b680a80b', 'PAPERSIZE': 'a4', 'XDG_MENU_PREFIX': 'gnome-', 'PTYXIS_PROFILE': '46b325db7867804b9a1cc0046a1f6a7b', 'LC_ADDRESS': 'C.UTF-8', 'GNOME_SETUP_DISPLAY': 'unix:/tmp/.X11-unix/X1', 'XDG_RUNTIME_DIR': '/run/user/1000', 'DISPLAY': ':0', 'LANG': 'en_US.UTF-8', 'XDG_CURRENT_DESKTOP': 'ubuntu:GNOME', 'LC_TELEPHONE': 'C.UTF-8', 'XMODIFIERS': '@im=ibus', 'XDG_SESSION_DESKTOP': 'ubuntu', 'XAUTHORITY': '/run/user/1000/.mutter-Xwaylandauth.7TYEN3', 'LS_COLORS': 'rs=0:di=01;34:ln=01;36:mh=00:pi=40;33:so=01;35:do=01;35:bd=40;33;01:cd=40;33;01:or=40;31;01:mi=00:su=37;41:sg=30;43:ca=00:tw=30;42:ow=34;42:st=37;44:ex=01;32:*.tar=01;31:*.tgz=01;31:*.arc=01;31:*.arj=01;31:*.taz=01;31:*.lha=01;31:*.lz4=01;31:*.lzh=01;31:*.lzma=01;31:*.tlz=01;31:*.txz=01;31:*.tzo=01;31:*.t7z=01;31:*.zip=01;31:*.z=01;31:*.dz=01;31:*.gz=01;31:*.lrz=01;31:*.lz=01;31:*.lzo=01;31:*.xz=01;31:*.zst=01;31:*.tzst=01;31:*.bz2=01;31:*.bz=01;31:*.tbz=01;31:*.tbz2=01;31:*.tz=01;31:*.deb=01;31:*.rpm=01;31:*.jar=01;31:*.war=01;31:*.ear=01;31:*.sar=01;31:*.rar=01;31:*.alz=01;31:*.ace=01;31:*.zoo=01;31:*.cpio=01;31:*.7z=01;31:*.rz=01;31:*.cab=01;31:*.wim=01;31:*.swm=01;31:*.dwm=01;31:*.esd=01;31:*.avif=01;35:*.jpg=01;35:*.jpeg=01;35:*.mjpg=01;35:*.mjpeg=01;35:*.gif=01;35:*.bmp=01;35:*.pbm=01;35:*.pgm=01;35:*.ppm=01;35:*.tga=01;35:*.xbm=01;35:*.xpm=01;35:*.tif=01;35:*.tiff=01;35:*.png=01;35:*.svg=01;35:*.svgz=01;35:*.mng=01;35:*.pcx=01;35:*.mov=01;35:*.mpg=01;35:*.mpeg=01;35:*.m2v=01;35:*.mkv=01;35:*.webm=01;35:*.webp=01;35:*.ogm=01;35:*.mp4=01;35:*.m4v=01;35:*.mp4v=01;35:*.vob=01;35:*.qt=01;35:*.nuv=01;35:*.wmv=01;35:*.asf=01;35:*.rm=01;35:*.rmvb=01;35:*.flc=01;35:*.avi=01;35:*.fli=01;35:*.flv=01;35:*.gl=01;35:*.dl=01;35:*.xcf=01;35:*.xwd=01;35:*.yuv=01;35:*.cgm=01;35:*.emf=01;35:*.ogv=01;35:*.ogx=01;35:*.aac=00;36:*.au=00;36:*.flac=00;36:*.m4a=00;36:*.mid=00;36:*.midi=00;36:*.mka=00;36:*.mp3=00;36:*.mpc=00;36:*.ogg=00;36:*.ra=00;36:*.wav=00;36:*.oga=00;36:*.opus=00;36:*.spx=00;36:*.xspf=00;36:*~=00;90:*#=00;90:*.bak=00;90:*.old=00;90:*.orig=00;90:*.part=00;90:*.rej=00;90:*.swp=00;90:*.tmp=00;90:*.dpkg-dist=00;90:*.dpkg-old=00;90:*.ucf-dist=00;90:*.ucf-new=00;90:*.ucf-old=00;90:*.rpmnew=00;90:*.rpmorig=00;90:*.rpmsave=00;90:', 'SSH_AUTH_SOCK': '/run/user/1000/gcr/ssh', 'AMENT_PREFIX_PATH': '/home/public/ros2ws/install/turtlesim_msgs:/opt/ros/lyrical', 'SHELL': '/bin/bash', 'LC_NAME': 'C.UTF-8', 'QT_ACCESSIBILITY': '1', 'GDMSESSION': 'ubuntu', 'LESSCLOSE': '/usr/bin/lesspipe %s %s', 'LC_MEASUREMENT': 'C.UTF-8', 'GPG_AGENT_INFO': '/run/user/1000/gnupg/S.gpg-agent:0:1', 'LC_IDENTIFICATION': 'C.UTF-8', 'GSK_RENDERER': 'gl', 'ROS_AUTOMATIC_DISCOVERY_RANGE': 'SUBNET', 'QT_IM_MODULE': 'ibus', 'PWD': '/home/public/ros2ws/build/turtlesim', 'XDG_CONFIG_DIRS': '/etc/xdg/xdg-ubuntu:/etc/xdg', 'DBUS_STARTER_ADDRESS': 'unix:path=/run/user/1000/bus,guid=e2de62902b556789e778b7eb69dfd9f0', 'XDG_DATA_DIRS': '/usr/share/ubuntu:/usr/share/gnome:/usr/local/share/:/usr/share/:/var/lib/snapd/desktop', 'XDG_SESSION_EXTRA_DEVICE_ACCESS': 'render:accel', 'PYTHONPATH': '/home/public/ros2ws/install/turtlesim_msgs/lib/python3.14/site-packages:/opt/ros/lyrical/opt/gz_math_vendor/lib/python:/opt/ros/lyrical/lib/python3.14/site-packages', 'LC_NUMERIC': 'C.UTF-8', 'LC_PAPER': 'C.UTF-8', 'COLCON': '1', 'QT_IM_MODULES': 'wayland;ibus', 'MEMORY_PRESSURE_WRITE': 'c29tZSAyMDAwMDAgMjAwMDAwMAA=', 'VTE_VERSION': '8400', 'CMAKE_PREFIX_PATH': '/home/public/ros2ws/install/turtlesim_msgs:/opt/ros/lyrical/opt/gz_math_vendor:/opt/ros/lyrical/opt/gz_utils_vendor:/opt/ros/lyrical/opt/gz_cmake_vendor:/opt/ros/lyrical'}), 'shell': False}
[3.949716] (turtlesim) StdoutLine: {'line': b'-- Install configuration: ""\n'}
[3.951661] (turtlesim) StdoutLine: {'line': b'-- Execute custom install script\n'}
[3.954047] (turtlesim) StdoutLine: {'line': b'-- Up-to-date symlink: /home/public/ros2ws/install/turtlesim/lib/turtlesim/turtlesim_node\n'}
[3.954244] (turtlesim) StdoutLine: {'line': b'-- Up-to-date symlink: /home/public/ros2ws/install/turtlesim/lib/turtlesim/turtle_teleop_key\n'}
[3.954830] (turtlesim) StdoutLine: {'line': b'-- Up-to-date symlink: /home/public/ros2ws/install/turtlesim/lib/turtlesim/draw_square\n'}
[3.955012] (turtlesim) StdoutLine: {'line': b'-- Up-to-date symlink: /home/public/ros2ws/install/turtlesim/lib/turtlesim/mimic\n'}
[3.957718] (turtlesim) StdoutLine: {'line': b'-- Up-to-date symlink: /home/public/ros2ws/install/turtlesim/share/turtlesim/launch/multisim.launch.py\n'}
[3.960120] (turtlesim) StdoutLine: {'line': b'-- Up-to-date symlink: /home/public/ros2ws/install/turtlesim/share/ament_index/resource_index/package_run_dependencies/turtlesim\n'}
[3.961419] (turtlesim) StdoutLine: {'line': b'-- Up-to-date symlink: /home/public/ros2ws/install/turtlesim/share/ament_index/resource_index/parent_prefix_path/turtlesim\n'}
[3.962702] (turtlesim) StdoutLine: {'line': b'-- Up-to-date symlink: /home/public/ros2ws/install/turtlesim/share/turtlesim/environment/ament_prefix_path.sh\n'}
[3.963843] (turtlesim) StdoutLine: {'line': b'-- Up-to-date symlink: /home/public/ros2ws/install/turtlesim/share/turtlesim/environment/ament_prefix_path.dsv\n'}
[3.964829] (turtlesim) StdoutLine: {'line': b'-- Up-to-date symlink: /home/public/ros2ws/install/turtlesim/share/turtlesim/environment/path.sh\n'}
[3.965783] (turtlesim) StdoutLine: {'line': b'-- Up-to-date symlink: /home/public/ros2ws/install/turtlesim/share/turtlesim/environment/path.dsv\n'}
[3.966700] (turtlesim) StdoutLine: {'line': b'-- Up-to-date symlink: /home/public/ros2ws/install/turtlesim/share/turtlesim/local_setup.bash\n'}
[3.967679] (turtlesim) StdoutLine: {'line': b'-- Up-to-date symlink: /home/public/ros2ws/install/turtlesim/share/turtlesim/local_setup.fish\n'}
[3.968545] (turtlesim) StdoutLine: {'line': b'-- Up-to-date symlink: /home/public/ros2ws/install/turtlesim/share/turtlesim/local_setup.sh\n'}
[3.969775] (turtlesim) StdoutLine: {'line': b'-- Up-to-date symlink: /home/public/ros2ws/install/turtlesim/share/turtlesim/local_setup.zsh\n'}
[3.970699] (turtlesim) StdoutLine: {'line': b'-- Up-to-date symlink: /home/public/ros2ws/install/turtlesim/share/turtlesim/local_setup.dsv\n'}
[3.974176] (turtlesim) StdoutLine: {'line': b'-- Symlinking: /home/public/ros2ws/install/turtlesim/share/turtlesim/package.dsv\n'}
[3.987638] (turtlesim) StdoutLine: {'line': b'-- Up-to-date symlink: /home/public/ros2ws/install/turtlesim/share/ament_index/resource_index/packages/turtlesim\n'}
[3.989270] (turtlesim) StdoutLine: {'line': b'-- Up-to-date symlink: /home/public/ros2ws/install/turtlesim/share/turtlesim/cmake/turtlesimConfig.cmake\n'}
[3.990136] (turtlesim) StdoutLine: {'line': b'-- Up-to-date symlink: /home/public/ros2ws/install/turtlesim/share/turtlesim/cmake/turtlesimConfig-version.cmake\n'}
[3.991000] (turtlesim) StdoutLine: {'line': b'-- Up-to-date symlink: /home/public/ros2ws/install/turtlesim/share/turtlesim/package.xml\n'}
[3.991356] (turtlesim) StdoutLine: {'line': b'-- Up-to-date: /home/public/ros2ws/install/turtlesim/share/turtlesim/images\n'}
[3.992328] (turtlesim) StdoutLine: {'line': b'-- Up-to-date: /home/public/ros2ws/install/turtlesim/share/turtlesim/images/kilted.png\n'}
[3.992448] (turtlesim) StdoutLine: {'line': b'-- Up-to-date: /home/public/ros2ws/install/turtlesim/share/turtlesim/images/eloquent.png\n'}
[3.992713] (turtlesim) StdoutLine: {'line': b'-- Up-to-date: /home/public/ros2ws/install/turtlesim/share/turtlesim/images/jazzy.png\n'}
[3.992944] (turtlesim) StdoutLine: {'line': b'-- Up-to-date: /home/public/ros2ws/install/turtlesim/share/turtlesim/images/bouncy.png\n'}
[3.993086] (turtlesim) StdoutLine: {'line': b'-- Up-to-date: /home/public/ros2ws/install/turtlesim/share/turtlesim/images/galactic.png\n'}
[3.993322] (turtlesim) StdoutLine: {'line': b'-- Up-to-date: /home/public/ros2ws/install/turtlesim/share/turtlesim/images/foxy.png\n'}
[3.993437] (turtlesim) StdoutLine: {'line': b'-- Up-to-date: /home/public/ros2ws/install/turtlesim/share/turtlesim/images/humble.png\n'}
[3.993675] (turtlesim) StdoutLine: {'line': b'-- Up-to-date: /home/public/ros2ws/install/turtlesim/share/turtlesim/images/dashing.png\n'}
[3.993890] (turtlesim) StdoutLine: {'line': b'-- Up-to-date: /home/public/ros2ws/install/turtlesim/share/turtlesim/images/crystal.png\n'}
[3.994022] (turtlesim) StdoutLine: {'line': b'-- Up-to-date: /home/public/ros2ws/install/turtlesim/share/turtlesim/images/iron.png\n'}
[3.994291] (turtlesim) StdoutLine: {'line': b'-- Up-to-date: /home/public/ros2ws/install/turtlesim/share/turtlesim/images/lyrical.png\n'}
[3.994390] (turtlesim) StdoutLine: {'line': b'-- Up-to-date: /home/public/ros2ws/install/turtlesim/share/turtlesim/images/ardent.png\n'}
[3.994451] (turtlesim) StdoutLine: {'line': b'-- Up-to-date: /home/public/ros2ws/install/turtlesim/share/turtlesim/images/rolling.png\n'}
[3.998726] (turtlesim) CommandEnded: {'returncode': 0}
[4.018493] (-) TimerEvent: {}
[4.048410] (turtlesim) JobEnded: {'identifier': 'turtlesim', 'rc': 0}
[4.118633] (-) TimerEvent: {}
[4.219192] (-) TimerEvent: {}
[4.320308] (-) TimerEvent: {}
[4.392257] (hiwonder_board) Command: {'cmd': ['/usr/bin/python3', '-W', 'ignore:setup.py install is deprecated', '-W', 'ignore:easy_install command is deprecated', 'setup.py', 'develop', '--editable', '--build-directory', '/home/public/ros2ws/build/hiwonder_board/build', '--no-deps', 'symlink_data'], 'cwd': '/home/public/ros2ws/build/hiwonder_board', 'env': {'LESSOPEN': '| /usr/bin/lesspipe %s', 'LANGUAGE': 'en', 'USER': 'admin', 'LC_TIME': 'C.UTF-8', 'XDG_SESSION_TYPE': 'wayland', 'PTYXIS_VERSION': '50.1', 'SHLVL': '1', 'LD_LIBRARY_PATH': '/opt/ros/lyrical/opt/gz_math_vendor/lib:/opt/ros/lyrical/opt/gz_utils_vendor/lib:/opt/ros/lyrical/opt/rviz_ogre_vendor/lib:/opt/ros/lyrical/lib/aarch64-linux-gnu:/opt/ros/lyrical/opt/gz_cmake_vendor/lib:/opt/ros/lyrical/lib', 'HOME': '/home/admin', 'DESKTOP_SESSION': 'ubuntu', 'IM_CONFIG_ENTRY': 'profile', 'ROS_PYTHON_VERSION': '3', 'GTK_MODULES': 'gail:atk-bridge', 'LC_MONETARY': 'C.UTF-8', 'MANAGERPID': '3081', 'DBUS_STARTER_BUS_TYPE': 'session', 'SYSTEMD_EXEC_PID': '3110', 'DBUS_SESSION_BUS_ADDRESS': 'unix:path=/run/user/1000/bus,guid=e2de62902b556789e778b7eb69dfd9f0', 'COLORTERM': 'truecolor', 'DEBUGINFOD_URLS': 'https://debuginfod.ubuntu.com', 'WAYLAND_DISPLAY': 'wayland-0', 'ROS_DISTRO': 'lyrical', 'LOGNAME': 'admin', 'MANAGERPIDFDID': '713', '_': '/usr/bin/colcon', 'ROS_VERSION': '2', 'MEMORY_PRESSURE_WATCH': '/sys/fs/cgroup/user.slice/user-1000.slice/user@1000.service/session.slice/dbus.service/memory.pressure', 'XDG_SESSION_CLASS': 'user', 'USERNAME': 'admin', 'TERM': 'xterm-256color', 'GNOME_DESKTOP_SESSION_ID': 'this-is-deprecated', 'FLATPAK_TTY_PROGRESS': '1', 'PATH': '/opt/ros/lyrical/bin:/usr/local/sbin:/usr/local/bin:/usr/sbin:/usr/bin:/sbin:/bin:/usr/games:/usr/local/games:/snap/bin:/snap/bin', 'INVOCATION_ID': '353afd881557444d899c3fa8b680a80b', 'PAPERSIZE': 'a4', 'XDG_MENU_PREFIX': 'gnome-', 'PTYXIS_PROFILE': '46b325db7867804b9a1cc0046a1f6a7b', 'LC_ADDRESS': 'C.UTF-8', 'GNOME_SETUP_DISPLAY': 'unix:/tmp/.X11-unix/X1', 'XDG_RUNTIME_DIR': '/run/user/1000', 'DISPLAY': ':0', 'LANG': 'en_US.UTF-8', 'XDG_CURRENT_DESKTOP': 'ubuntu:GNOME', 'LC_TELEPHONE': 'C.UTF-8', 'XMODIFIERS': '@im=ibus', 'XDG_SESSION_DESKTOP': 'ubuntu', 'XAUTHORITY': '/run/user/1000/.mutter-Xwaylandauth.7TYEN3', 'LS_COLORS': 'rs=0:di=01;34:ln=01;36:mh=00:pi=40;33:so=01;35:do=01;35:bd=40;33;01:cd=40;33;01:or=40;31;01:mi=00:su=37;41:sg=30;43:ca=00:tw=30;42:ow=34;42:st=37;44:ex=01;32:*.tar=01;31:*.tgz=01;31:*.arc=01;31:*.arj=01;31:*.taz=01;31:*.lha=01;31:*.lz4=01;31:*.lzh=01;31:*.lzma=01;31:*.tlz=01;31:*.txz=01;31:*.tzo=01;31:*.t7z=01;31:*.zip=01;31:*.z=01;31:*.dz=01;31:*.gz=01;31:*.lrz=01;31:*.lz=01;31:*.lzo=01;31:*.xz=01;31:*.zst=01;31:*.tzst=01;31:*.bz2=01;31:*.bz=01;31:*.tbz=01;31:*.tbz2=01;31:*.tz=01;31:*.deb=01;31:*.rpm=01;31:*.jar=01;31:*.war=01;31:*.ear=01;31:*.sar=01;31:*.rar=01;31:*.alz=01;31:*.ace=01;31:*.zoo=01;31:*.cpio=01;31:*.7z=01;31:*.rz=01;31:*.cab=01;31:*.wim=01;31:*.swm=01;31:*.dwm=01;31:*.esd=01;31:*.avif=01;35:*.jpg=01;35:*.jpeg=01;35:*.mjpg=01;35:*.mjpeg=01;35:*.gif=01;35:*.bmp=01;35:*.pbm=01;35:*.pgm=01;35:*.ppm=01;35:*.tga=01;35:*.xbm=01;35:*.xpm=01;35:*.tif=01;35:*.tiff=01;35:*.png=01;35:*.svg=01;35:*.svgz=01;35:*.mng=01;35:*.pcx=01;35:*.mov=01;35:*.mpg=01;35:*.mpeg=01;35:*.m2v=01;35:*.mkv=01;35:*.webm=01;35:*.webp=01;35:*.ogm=01;35:*.mp4=01;35:*.m4v=01;35:*.mp4v=01;35:*.vob=01;35:*.qt=01;35:*.nuv=01;35:*.wmv=01;35:*.asf=01;35:*.rm=01;35:*.rmvb=01;35:*.flc=01;35:*.avi=01;35:*.fli=01;35:*.flv=01;35:*.gl=01;35:*.dl=01;35:*.xcf=01;35:*.xwd=01;35:*.yuv=01;35:*.cgm=01;35:*.emf=01;35:*.ogv=01;35:*.ogx=01;35:*.aac=00;36:*.au=00;36:*.flac=00;36:*.m4a=00;36:*.mid=00;36:*.midi=00;36:*.mka=00;36:*.mp3=00;36:*.mpc=00;36:*.ogg=00;36:*.ra=00;36:*.wav=00;36:*.oga=00;36:*.opus=00;36:*.spx=00;36:*.xspf=00;36:*~=00;90:*#=00;90:*.bak=00;90:*.old=00;90:*.orig=00;90:*.part=00;90:*.rej=00;90:*.swp=00;90:*.tmp=00;90:*.dpkg-dist=00;90:*.dpkg-old=00;90:*.ucf-dist=00;90:*.ucf-new=00;90:*.ucf-old=00;90:*.rpmnew=00;90:*.rpmorig=00;90:*.rpmsave=00;90:', 'SSH_AUTH_SOCK': '/run/user/1000/gcr/ssh', 'AMENT_PREFIX_PATH': '/opt/ros/lyrical', 'SHELL': '/bin/bash', 'LC_NAME': 'C.UTF-8', 'QT_ACCESSIBILITY': '1', 'GDMSESSION': 'ubuntu', 'LESSCLOSE': '/usr/bin/lesspipe %s %s', 'LC_MEASUREMENT': 'C.UTF-8', 'GPG_AGENT_INFO': '/run/user/1000/gnupg/S.gpg-agent:0:1', 'LC_IDENTIFICATION': 'C.UTF-8', 'GSK_RENDERER': 'gl', 'ROS_AUTOMATIC_DISCOVERY_RANGE': 'SUBNET', 'QT_IM_MODULE': 'ibus', 'PWD': '/home/public/ros2ws/build/hiwonder_board', 'XDG_CONFIG_DIRS': '/etc/xdg/xdg-ubuntu:/etc/xdg', 'DBUS_STARTER_ADDRESS': 'unix:path=/run/user/1000/bus,guid=e2de62902b556789e778b7eb69dfd9f0', 'XDG_DATA_DIRS': '/usr/share/ubuntu:/usr/share/gnome:/usr/local/share/:/usr/share/:/var/lib/snapd/desktop', 'XDG_SESSION_EXTRA_DEVICE_ACCESS': 'render:accel', 'PYTHONPATH': '/home/public/ros2ws/build/hiwonder_board/prefix_override:/usr/lib/python3/dist-packages/colcon_core/task/python/colcon_distutils_commands:/home/public/ros2ws/install/hiwonder_board/lib/python3.14/site-packages:/opt/ros/lyrical/opt/gz_math_vendor/lib/python:/opt/ros/lyrical/lib/python3.14/site-packages', 'LC_NUMERIC': 'C.UTF-8', 'LC_PAPER': 'C.UTF-8', 'COLCON': '1', 'QT_IM_MODULES': 'wayland;ibus', 'MEMORY_PRESSURE_WRITE': 'c29tZSAyMDAwMDAgMjAwMDAwMAA=', 'VTE_VERSION': '8400', 'CMAKE_PREFIX_PATH': '/opt/ros/lyrical/opt/gz_math_vendor:/opt/ros/lyrical/opt/gz_utils_vendor:/opt/ros/lyrical/opt/gz_cmake_vendor'}, 'shell': False}
[4.420347] (-) TimerEvent: {}
[4.421040] (controls_core) Command: {'cmd': ['/usr/bin/python3', '-W', 'ignore:setup.py install is deprecated', '-W', 'ignore:easy_install command is deprecated', 'setup.py', 'develop', '--editable', '--build-directory', '/home/public/ros2ws/build/controls_core/build', '--no-deps', 'symlink_data'], 'cwd': '/home/public/ros2ws/build/controls_core', 'env': {'LESSOPEN': '| /usr/bin/lesspipe %s', 'LANGUAGE': 'en', 'USER': 'admin', 'LC_TIME': 'C.UTF-8', 'XDG_SESSION_TYPE': 'wayland', 'PTYXIS_VERSION': '50.1', 'SHLVL': '1', 'LD_LIBRARY_PATH': '/opt/ros/lyrical/opt/gz_math_vendor/lib:/opt/ros/lyrical/opt/gz_utils_vendor/lib:/opt/ros/lyrical/opt/rviz_ogre_vendor/lib:/opt/ros/lyrical/lib/aarch64-linux-gnu:/opt/ros/lyrical/opt/gz_cmake_vendor/lib:/opt/ros/lyrical/lib', 'HOME': '/home/admin', 'DESKTOP_SESSION': 'ubuntu', 'IM_CONFIG_ENTRY': 'profile', 'ROS_PYTHON_VERSION': '3', 'GTK_MODULES': 'gail:atk-bridge', 'LC_MONETARY': 'C.UTF-8', 'MANAGERPID': '3081', 'DBUS_STARTER_BUS_TYPE': 'session', 'SYSTEMD_EXEC_PID': '3110', 'DBUS_SESSION_BUS_ADDRESS': 'unix:path=/run/user/1000/bus,guid=e2de62902b556789e778b7eb69dfd9f0', 'COLORTERM': 'truecolor', 'DEBUGINFOD_URLS': 'https://debuginfod.ubuntu.com', 'WAYLAND_DISPLAY': 'wayland-0', 'ROS_DISTRO': 'lyrical', 'LOGNAME': 'admin', 'MANAGERPIDFDID': '713', '_': '/usr/bin/colcon', 'ROS_VERSION': '2', 'MEMORY_PRESSURE_WATCH': '/sys/fs/cgroup/user.slice/user-1000.slice/user@1000.service/session.slice/dbus.service/memory.pressure', 'XDG_SESSION_CLASS': 'user', 'USERNAME': 'admin', 'TERM': 'xterm-256color', 'GNOME_DESKTOP_SESSION_ID': 'this-is-deprecated', 'FLATPAK_TTY_PROGRESS': '1', 'PATH': '/opt/ros/lyrical/bin:/usr/local/sbin:/usr/local/bin:/usr/sbin:/usr/bin:/sbin:/bin:/usr/games:/usr/local/games:/snap/bin:/snap/bin', 'INVOCATION_ID': '353afd881557444d899c3fa8b680a80b', 'PAPERSIZE': 'a4', 'XDG_MENU_PREFIX': 'gnome-', 'PTYXIS_PROFILE': '46b325db7867804b9a1cc0046a1f6a7b', 'LC_ADDRESS': 'C.UTF-8', 'GNOME_SETUP_DISPLAY': 'unix:/tmp/.X11-unix/X1', 'XDG_RUNTIME_DIR': '/run/user/1000', 'DISPLAY': ':0', 'LANG': 'en_US.UTF-8', 'XDG_CURRENT_DESKTOP': 'ubuntu:GNOME', 'LC_TELEPHONE': 'C.UTF-8', 'XMODIFIERS': '@im=ibus', 'XDG_SESSION_DESKTOP': 'ubuntu', 'XAUTHORITY': '/run/user/1000/.mutter-Xwaylandauth.7TYEN3', 'LS_COLORS': 'rs=0:di=01;34:ln=01;36:mh=00:pi=40;33:so=01;35:do=01;35:bd=40;33;01:cd=40;33;01:or=40;31;01:mi=00:su=37;41:sg=30;43:ca=00:tw=30;42:ow=34;42:st=37;44:ex=01;32:*.tar=01;31:*.tgz=01;31:*.arc=01;31:*.arj=01;31:*.taz=01;31:*.lha=01;31:*.lz4=01;31:*.lzh=01;31:*.lzma=01;31:*.tlz=01;31:*.txz=01;31:*.tzo=01;31:*.t7z=01;31:*.zip=01;31:*.z=01;31:*.dz=01;31:*.gz=01;31:*.lrz=01;31:*.lz=01;31:*.lzo=01;31:*.xz=01;31:*.zst=01;31:*.tzst=01;31:*.bz2=01;31:*.bz=01;31:*.tbz=01;31:*.tbz2=01;31:*.tz=01;31:*.deb=01;31:*.rpm=01;31:*.jar=01;31:*.war=01;31:*.ear=01;31:*.sar=01;31:*.rar=01;31:*.alz=01;31:*.ace=01;31:*.zoo=01;31:*.cpio=01;31:*.7z=01;31:*.rz=01;31:*.cab=01;31:*.wim=01;31:*.swm=01;31:*.dwm=01;31:*.esd=01;31:*.avif=01;35:*.jpg=01;35:*.jpeg=01;35:*.mjpg=01;35:*.mjpeg=01;35:*.gif=01;35:*.bmp=01;35:*.pbm=01;35:*.pgm=01;35:*.ppm=01;35:*.tga=01;35:*.xbm=01;35:*.xpm=01;35:*.tif=01;35:*.tiff=01;35:*.png=01;35:*.svg=01;35:*.svgz=01;35:*.mng=01;35:*.pcx=01;35:*.mov=01;35:*.mpg=01;35:*.mpeg=01;35:*.m2v=01;35:*.mkv=01;35:*.webm=01;35:*.webp=01;35:*.ogm=01;35:*.mp4=01;35:*.m4v=01;35:*.mp4v=01;35:*.vob=01;35:*.qt=01;35:*.nuv=01;35:*.wmv=01;35:*.asf=01;35:*.rm=01;35:*.rmvb=01;35:*.flc=01;35:*.avi=01;35:*.fli=01;35:*.flv=01;35:*.gl=01;35:*.dl=01;35:*.xcf=01;35:*.xwd=01;35:*.yuv=01;35:*.cgm=01;35:*.emf=01;35:*.ogv=01;35:*.ogx=01;35:*.aac=00;36:*.au=00;36:*.flac=00;36:*.m4a=00;36:*.mid=00;36:*.midi=00;36:*.mka=00;36:*.mp3=00;36:*.mpc=00;36:*.ogg=00;36:*.ra=00;36:*.wav=00;36:*.oga=00;36:*.opus=00;36:*.spx=00;36:*.xspf=00;36:*~=00;90:*#=00;90:*.bak=00;90:*.old=00;90:*.orig=00;90:*.part=00;90:*.rej=00;90:*.swp=00;90:*.tmp=00;90:*.dpkg-dist=00;90:*.dpkg-old=00;90:*.ucf-dist=00;90:*.ucf-new=00;90:*.ucf-old=00;90:*.rpmnew=00;90:*.rpmorig=00;90:*.rpmsave=00;90:', 'SSH_AUTH_SOCK': '/run/user/1000/gcr/ssh', 'AMENT_PREFIX_PATH': '/opt/ros/lyrical', 'SHELL': '/bin/bash', 'LC_NAME': 'C.UTF-8', 'QT_ACCESSIBILITY': '1', 'GDMSESSION': 'ubuntu', 'LESSCLOSE': '/usr/bin/lesspipe %s %s', 'LC_MEASUREMENT': 'C.UTF-8', 'GPG_AGENT_INFO': '/run/user/1000/gnupg/S.gpg-agent:0:1', 'LC_IDENTIFICATION': 'C.UTF-8', 'GSK_RENDERER': 'gl', 'ROS_AUTOMATIC_DISCOVERY_RANGE': 'SUBNET', 'QT_IM_MODULE': 'ibus', 'PWD': '/home/public/ros2ws/build/controls_core', 'XDG_CONFIG_DIRS': '/etc/xdg/xdg-ubuntu:/etc/xdg', 'DBUS_STARTER_ADDRESS': 'unix:path=/run/user/1000/bus,guid=e2de62902b556789e778b7eb69dfd9f0', 'XDG_DATA_DIRS': '/usr/share/ubuntu:/usr/share/gnome:/usr/local/share/:/usr/share/:/var/lib/snapd/desktop', 'XDG_SESSION_EXTRA_DEVICE_ACCESS': 'render:accel', 'PYTHONPATH': '/home/public/ros2ws/build/controls_core/prefix_override:/usr/lib/python3/dist-packages/colcon_core/task/python/colcon_distutils_commands:/home/public/ros2ws/install/controls_core/lib/python3.14/site-packages:/opt/ros/lyrical/opt/gz_math_vendor/lib/python:/opt/ros/lyrical/lib/python3.14/site-packages', 'LC_NUMERIC': 'C.UTF-8', 'LC_PAPER': 'C.UTF-8', 'COLCON': '1', 'QT_IM_MODULES': 'wayland;ibus', 'MEMORY_PRESSURE_WRITE': 'c29tZSAyMDAwMDAgMjAwMDAwMAA=', 'VTE_VERSION': '8400', 'CMAKE_PREFIX_PATH': '/opt/ros/lyrical/opt/gz_math_vendor:/opt/ros/lyrical/opt/gz_utils_vendor:/opt/ros/lyrical/opt/gz_cmake_vendor'}, 'shell': False}
[4.427253] (opencv2_nodes) Command: {'cmd': ['/usr/bin/python3', '-W', 'ignore:setup.py install is deprecated', '-W', 'ignore:easy_install command is deprecated', 'setup.py', 'develop', '--editable', '--build-directory', '/home/public/ros2ws/build/opencv2_nodes/build', '--no-deps', 'symlink_data'], 'cwd': '/home/public/ros2ws/build/opencv2_nodes', 'env': {'LESSOPEN': '| /usr/bin/lesspipe %s', 'LANGUAGE': 'en', 'USER': 'admin', 'LC_TIME': 'C.UTF-8', 'XDG_SESSION_TYPE': 'wayland', 'PTYXIS_VERSION': '50.1', 'SHLVL': '1', 'LD_LIBRARY_PATH': '/opt/ros/lyrical/opt/gz_math_vendor/lib:/opt/ros/lyrical/opt/gz_utils_vendor/lib:/opt/ros/lyrical/opt/rviz_ogre_vendor/lib:/opt/ros/lyrical/lib/aarch64-linux-gnu:/opt/ros/lyrical/opt/gz_cmake_vendor/lib:/opt/ros/lyrical/lib', 'HOME': '/home/admin', 'DESKTOP_SESSION': 'ubuntu', 'IM_CONFIG_ENTRY': 'profile', 'ROS_PYTHON_VERSION': '3', 'GTK_MODULES': 'gail:atk-bridge', 'LC_MONETARY': 'C.UTF-8', 'MANAGERPID': '3081', 'DBUS_STARTER_BUS_TYPE': 'session', 'SYSTEMD_EXEC_PID': '3110', 'DBUS_SESSION_BUS_ADDRESS': 'unix:path=/run/user/1000/bus,guid=e2de62902b556789e778b7eb69dfd9f0', 'COLORTERM': 'truecolor', 'DEBUGINFOD_URLS': 'https://debuginfod.ubuntu.com', 'WAYLAND_DISPLAY': 'wayland-0', 'ROS_DISTRO': 'lyrical', 'LOGNAME': 'admin', 'MANAGERPIDFDID': '713', '_': '/usr/bin/colcon', 'ROS_VERSION': '2', 'MEMORY_PRESSURE_WATCH': '/sys/fs/cgroup/user.slice/user-1000.slice/user@1000.service/session.slice/dbus.service/memory.pressure', 'XDG_SESSION_CLASS': 'user', 'USERNAME': 'admin', 'TERM': 'xterm-256color', 'GNOME_DESKTOP_SESSION_ID': 'this-is-deprecated', 'FLATPAK_TTY_PROGRESS': '1', 'PATH': '/opt/ros/lyrical/bin:/usr/local/sbin:/usr/local/bin:/usr/sbin:/usr/bin:/sbin:/bin:/usr/games:/usr/local/games:/snap/bin:/snap/bin', 'INVOCATION_ID': '353afd881557444d899c3fa8b680a80b', 'PAPERSIZE': 'a4', 'XDG_MENU_PREFIX': 'gnome-', 'PTYXIS_PROFILE': '46b325db7867804b9a1cc0046a1f6a7b', 'LC_ADDRESS': 'C.UTF-8', 'GNOME_SETUP_DISPLAY': 'unix:/tmp/.X11-unix/X1', 'XDG_RUNTIME_DIR': '/run/user/1000', 'DISPLAY': ':0', 'LANG': 'en_US.UTF-8', 'XDG_CURRENT_DESKTOP': 'ubuntu:GNOME', 'LC_TELEPHONE': 'C.UTF-8', 'XMODIFIERS': '@im=ibus', 'XDG_SESSION_DESKTOP': 'ubuntu', 'XAUTHORITY': '/run/user/1000/.mutter-Xwaylandauth.7TYEN3', 'LS_COLORS': 'rs=0:di=01;34:ln=01;36:mh=00:pi=40;33:so=01;35:do=01;35:bd=40;33;01:cd=40;33;01:or=40;31;01:mi=00:su=37;41:sg=30;43:ca=00:tw=30;42:ow=34;42:st=37;44:ex=01;32:*.tar=01;31:*.tgz=01;31:*.arc=01;31:*.arj=01;31:*.taz=01;31:*.lha=01;31:*.lz4=01;31:*.lzh=01;31:*.lzma=01;31:*.tlz=01;31:*.txz=01;31:*.tzo=01;31:*.t7z=01;31:*.zip=01;31:*.z=01;31:*.dz=01;31:*.gz=01;31:*.lrz=01;31:*.lz=01;31:*.lzo=01;31:*.xz=01;31:*.zst=01;31:*.tzst=01;31:*.bz2=01;31:*.bz=01;31:*.tbz=01;31:*.tbz2=01;31:*.tz=01;31:*.deb=01;31:*.rpm=01;31:*.jar=01;31:*.war=01;31:*.ear=01;31:*.sar=01;31:*.rar=01;31:*.alz=01;31:*.ace=01;31:*.zoo=01;31:*.cpio=01;31:*.7z=01;31:*.rz=01;31:*.cab=01;31:*.wim=01;31:*.swm=01;31:*.dwm=01;31:*.esd=01;31:*.avif=01;35:*.jpg=01;35:*.jpeg=01;35:*.mjpg=01;35:*.mjpeg=01;35:*.gif=01;35:*.bmp=01;35:*.pbm=01;35:*.pgm=01;35:*.ppm=01;35:*.tga=01;35:*.xbm=01;35:*.xpm=01;35:*.tif=01;35:*.tiff=01;35:*.png=01;35:*.svg=01;35:*.svgz=01;35:*.mng=01;35:*.pcx=01;35:*.mov=01;35:*.mpg=01;35:*.mpeg=01;35:*.m2v=01;35:*.mkv=01;35:*.webm=01;35:*.webp=01;35:*.ogm=01;35:*.mp4=01;35:*.m4v=01;35:*.mp4v=01;35:*.vob=01;35:*.qt=01;35:*.nuv=01;35:*.wmv=01;35:*.asf=01;35:*.rm=01;35:*.rmvb=01;35:*.flc=01;35:*.avi=01;35:*.fli=01;35:*.flv=01;35:*.gl=01;35:*.dl=01;35:*.xcf=01;35:*.xwd=01;35:*.yuv=01;35:*.cgm=01;35:*.emf=01;35:*.ogv=01;35:*.ogx=01;35:*.aac=00;36:*.au=00;36:*.flac=00;36:*.m4a=00;36:*.mid=00;36:*.midi=00;36:*.mka=00;36:*.mp3=00;36:*.mpc=00;36:*.ogg=00;36:*.ra=00;36:*.wav=00;36:*.oga=00;36:*.opus=00;36:*.spx=00;36:*.xspf=00;36:*~=00;90:*#=00;90:*.bak=00;90:*.old=00;90:*.orig=00;90:*.part=00;90:*.rej=00;90:*.swp=00;90:*.tmp=00;90:*.dpkg-dist=00;90:*.dpkg-old=00;90:*.ucf-dist=00;90:*.ucf-new=00;90:*.ucf-old=00;90:*.rpmnew=00;90:*.rpmorig=00;90:*.rpmsave=00;90:', 'SSH_AUTH_SOCK': '/run/user/1000/gcr/ssh', 'AMENT_PREFIX_PATH': '/opt/ros/lyrical', 'SHELL': '/bin/bash', 'LC_NAME': 'C.UTF-8', 'QT_ACCESSIBILITY': '1', 'GDMSESSION': 'ubuntu', 'LESSCLOSE': '/usr/bin/lesspipe %s %s', 'LC_MEASUREMENT': 'C.UTF-8', 'GPG_AGENT_INFO': '/run/user/1000/gnupg/S.gpg-agent:0:1', 'LC_IDENTIFICATION': 'C.UTF-8', 'GSK_RENDERER': 'gl', 'ROS_AUTOMATIC_DISCOVERY_RANGE': 'SUBNET', 'QT_IM_MODULE': 'ibus', 'PWD': '/home/public/ros2ws/build/opencv2_nodes', 'XDG_CONFIG_DIRS': '/etc/xdg/xdg-ubuntu:/etc/xdg', 'DBUS_STARTER_ADDRESS': 'unix:path=/run/user/1000/bus,guid=e2de62902b556789e778b7eb69dfd9f0', 'XDG_DATA_DIRS': '/usr/share/ubuntu:/usr/share/gnome:/usr/local/share/:/usr/share/:/var/lib/snapd/desktop', 'XDG_SESSION_EXTRA_DEVICE_ACCESS': 'render:accel', 'PYTHONPATH': '/home/public/ros2ws/build/opencv2_nodes/prefix_override:/usr/lib/python3/dist-packages/colcon_core/task/python/colcon_distutils_commands:/home/public/ros2ws/install/opencv2_nodes/lib/python3.14/site-packages:/opt/ros/lyrical/opt/gz_math_vendor/lib/python:/opt/ros/lyrical/lib/python3.14/site-packages', 'LC_NUMERIC': 'C.UTF-8', 'LC_PAPER': 'C.UTF-8', 'COLCON': '1', 'QT_IM_MODULES': 'wayland;ibus', 'MEMORY_PRESSURE_WRITE': 'c29tZSAyMDAwMDAgMjAwMDAwMAA=', 'VTE_VERSION': '8400', 'CMAKE_PREFIX_PATH': '/opt/ros/lyrical/opt/gz_math_vendor:/opt/ros/lyrical/opt/gz_utils_vendor:/opt/ros/lyrical/opt/gz_cmake_vendor'}, 'shell': False}
[4.520506] (-) TimerEvent: {}
[4.620978] (-) TimerEvent: {}
[4.721390] (-) TimerEvent: {}
[4.821736] (-) TimerEvent: {}
[4.922136] (-) TimerEvent: {}
[4.925012] (hiwonder_board) StdoutLine: {'line': b'running develop\n'}
[4.931420] (controls_core) StdoutLine: {'line': b'running develop\n'}
[4.940561] (opencv2_nodes) StdoutLine: {'line': b'running develop\n'}
[5.022241] (-) TimerEvent: {}
[5.122589] (-) TimerEvent: {}
[5.158794] (hiwonder_board) StdoutLine: {'line': b'running egg_info\n'}
[5.162480] (controls_core) StdoutLine: {'line': b'running egg_info\n'}
[5.172956] (opencv2_nodes) StdoutLine: {'line': b'running egg_info\n'}
[5.183884] (hiwonder_board) StdoutLine: {'line': b'writing hiwonder_board.egg-info/PKG-INFO\n'}
[5.184857] (hiwonder_board) StdoutLine: {'line': b'writing dependency_links to hiwonder_board.egg-info/dependency_links.txt\n'}
[5.185740] (hiwonder_board) StdoutLine: {'line': b'writing entry points to hiwonder_board.egg-info/entry_points.txt\n'}
[5.186462] (hiwonder_board) StdoutLine: {'line': b'writing requirements to hiwonder_board.egg-info/requires.txt\n'}
[5.186916] (hiwonder_board) StdoutLine: {'line': b'writing top-level names to hiwonder_board.egg-info/top_level.txt\n'}
[5.187342] (controls_core) StdoutLine: {'line': b'writing controls_core.egg-info/PKG-INFO\n'}
[5.188608] (controls_core) StdoutLine: {'line': b'writing dependency_links to controls_core.egg-info/dependency_links.txt\n'}
[5.189318] (controls_core) StdoutLine: {'line': b'writing entry points to controls_core.egg-info/entry_points.txt\n'}
[5.190718] (controls_core) StdoutLine: {'line': b'writing requirements to controls_core.egg-info/requires.txt\n'}
[5.191836] (controls_core) StdoutLine: {'line': b'writing top-level names to controls_core.egg-info/top_level.txt\n'}
[5.198934] (opencv2_nodes) StdoutLine: {'line': b'writing opencv2_nodes.egg-info/PKG-INFO\n'}
[5.199868] (opencv2_nodes) StdoutLine: {'line': b'writing dependency_links to opencv2_nodes.egg-info/dependency_links.txt\n'}
[5.200601] (opencv2_nodes) StdoutLine: {'line': b'writing entry points to opencv2_nodes.egg-info/entry_points.txt\n'}
[5.201305] (opencv2_nodes) StdoutLine: {'line': b'writing requirements to opencv2_nodes.egg-info/requires.txt\n'}
[5.201736] (opencv2_nodes) StdoutLine: {'line': b'writing top-level names to opencv2_nodes.egg-info/top_level.txt\n'}
[5.222668] (-) TimerEvent: {}
[5.241164] (hiwonder_board) StdoutLine: {'line': b"reading manifest file 'hiwonder_board.egg-info/SOURCES.txt'\n"}
[5.243324] (hiwonder_board) StdoutLine: {'line': b"writing manifest file 'hiwonder_board.egg-info/SOURCES.txt'\n"}
[5.245799] (controls_core) StdoutLine: {'line': b"reading manifest file 'controls_core.egg-info/SOURCES.txt'\n"}
[5.247539] (controls_core) StdoutLine: {'line': b"writing manifest file 'controls_core.egg-info/SOURCES.txt'\n"}
[5.256437] (opencv2_nodes) StdoutLine: {'line': b"reading manifest file 'opencv2_nodes.egg-info/SOURCES.txt'\n"}
[5.258408] (opencv2_nodes) StdoutLine: {'line': b"writing manifest file 'opencv2_nodes.egg-info/SOURCES.txt'\n"}
[5.270021] (hiwonder_board) StdoutLine: {'line': b'running build_ext\n'}
[5.270267] (hiwonder_board) StdoutLine: {'line': b'Creating /home/public/ros2ws/install/hiwonder_board/lib/python3.14/site-packages/hiwonder-board.egg-link (link to .)\n'}
[5.271338] (hiwonder_board) StdoutLine: {'line': b'Installing hiwonder_board_node script to /home/public/ros2ws/install/hiwonder_board/lib/hiwonder_board\n'}
[5.271680] (hiwonder_board) StdoutLine: {'line': b'Installing test_listener script to /home/public/ros2ws/install/hiwonder_board/lib/hiwonder_board\n'}
[5.271960] (hiwonder_board) StdoutLine: {'line': b'Installing test_talker script to /home/public/ros2ws/install/hiwonder_board/lib/hiwonder_board\n'}
[5.272353] (hiwonder_board) StdoutLine: {'line': b'\n'}
[5.272458] (hiwonder_board) StdoutLine: {'line': b'Installed /home/public/ros2ws/build/hiwonder_board\n'}
[5.272569] (hiwonder_board) StdoutLine: {'line': b'running symlink_data\n'}
[5.274194] (controls_core) StdoutLine: {'line': b'running build_ext\n'}
[5.274376] (controls_core) StdoutLine: {'line': b'Creating /home/public/ros2ws/install/controls_core/lib/python3.14/site-packages/controls-core.egg-link (link to .)\n'}
[5.275773] (controls_core) StdoutLine: {'line': b'Installing main_control_node script to /home/public/ros2ws/install/controls_core/lib/controls_core\n'}
[5.276438] (controls_core) StdoutLine: {'line': b'\n'}
[5.276583] (controls_core) StdoutLine: {'line': b'Installed /home/public/ros2ws/build/controls_core\n'}
[5.276716] (controls_core) StdoutLine: {'line': b'running symlink_data\n'}
[5.299543] (opencv2_nodes) StdoutLine: {'line': b'running build_ext\n'}
[5.300137] (opencv2_nodes) StdoutLine: {'line': b'Creating /home/public/ros2ws/install/opencv2_nodes/lib/python3.14/site-packages/opencv2-nodes.egg-link (link to .)\n'}
[5.303353] (opencv2_nodes) StdoutLine: {'line': b'Installing bin_mask script to /home/public/ros2ws/install/opencv2_nodes/lib/opencv2_nodes\n'}
[5.304436] (opencv2_nodes) StdoutLine: {'line': b'Installing edge_recog script to /home/public/ros2ws/install/opencv2_nodes/lib/opencv2_nodes\n'}
[5.305185] (opencv2_nodes) StdoutLine: {'line': b'Installing image_publisher script to /home/public/ros2ws/install/opencv2_nodes/lib/opencv2_nodes\n'}
[5.305746] (opencv2_nodes) StdoutLine: {'line': b'Installing line_recog script to /home/public/ros2ws/install/opencv2_nodes/lib/opencv2_nodes\n'}
[5.306854] (opencv2_nodes) StdoutLine: {'line': b'\n'}
[5.307423] (opencv2_nodes) StdoutLine: {'line': b'Installed /home/public/ros2ws/build/opencv2_nodes\n'}
[5.307717] (opencv2_nodes) StdoutLine: {'line': b'running symlink_data\n'}
[5.323038] (-) TimerEvent: {}
[5.426444] (-) TimerEvent: {}
[5.530981] (-) TimerEvent: {}
[5.549118] (hiwonder_board) CommandEnded: {'returncode': 0}
[5.568387] (hiwonder_board) JobEnded: {'identifier': 'hiwonder_board', 'rc': 0}
[5.569917] (controls_core) CommandEnded: {'returncode': 0}
[5.601340] (controls_core) JobEnded: {'identifier': 'controls_core', 'rc': 0}
[5.604716] (opencv2_nodes) CommandEnded: {'returncode': 0}
[5.623072] (opencv2_nodes) JobEnded: {'identifier': 'opencv2_nodes', 'rc': 0}
[5.624174] (-) EventReactorShutdown: {}
