[0.000000] (-) TimerEvent: {}
[0.000228] (controls_core) JobQueued: {'identifier': 'controls_core', 'dependencies': OrderedDict()}
[0.000313] (hiwonder_board) JobQueued: {'identifier': 'hiwonder_board', 'dependencies': OrderedDict()}
[0.000336] (opencv2_nodes) JobQueued: {'identifier': 'opencv2_nodes', 'dependencies': OrderedDict()}
[0.000352] (turtlesim_msgs) JobQueued: {'identifier': 'turtlesim_msgs', 'dependencies': OrderedDict()}
[0.000366] (turtlesim) JobQueued: {'identifier': 'turtlesim', 'dependencies': OrderedDict({'turtlesim_msgs': '/home/public/MSE112_MPi5_Hiwonder_ROS2/ros2ws/install/turtlesim_msgs'})}
[0.000782] (turtlesim_msgs) JobStarted: {'identifier': 'turtlesim_msgs'}
[0.019541] (controls_core) JobStarted: {'identifier': 'controls_core'}
[0.038315] (hiwonder_board) JobStarted: {'identifier': 'hiwonder_board'}
[0.055830] (opencv2_nodes) JobStarted: {'identifier': 'opencv2_nodes'}
[0.068509] (turtlesim_msgs) JobProgress: {'identifier': 'turtlesim_msgs', 'progress': 'cmake'}
[0.072189] (turtlesim_msgs) JobProgress: {'identifier': 'turtlesim_msgs', 'progress': 'build'}
[0.072349] (turtlesim_msgs) Command: {'cmd': ['/usr/bin/cmake', '--build', '/home/public/MSE112_MPi5_Hiwonder_ROS2/ros2ws/build/turtlesim_msgs', '--', '-j4', '-l4'], 'cwd': '/home/public/MSE112_MPi5_Hiwonder_ROS2/ros2ws/build/turtlesim_msgs', 'env': OrderedDict({'LESSOPEN': '| /usr/bin/lesspipe %s', 'LANGUAGE': 'en', 'USER': 'admin', 'LC_TIME': 'C.UTF-8', 'XDG_SESSION_TYPE': 'wayland', 'PTYXIS_VERSION': '50.1', 'SHLVL': '1', 'LD_LIBRARY_PATH': '/opt/ros/lyrical/opt/gz_math_vendor/lib:/opt/ros/lyrical/opt/gz_utils_vendor/lib:/opt/ros/lyrical/opt/rviz_ogre_vendor/lib:/opt/ros/lyrical/lib/aarch64-linux-gnu:/opt/ros/lyrical/opt/gz_cmake_vendor/lib:/opt/ros/lyrical/lib', 'HOME': '/home/admin', 'OLDPWD': '/home/public/MSE112_MPi5_Hiwonder_ROS2', 'DESKTOP_SESSION': 'ubuntu', 'IM_CONFIG_ENTRY': 'profile', 'ROS_PYTHON_VERSION': '3', 'GTK_MODULES': 'gail:atk-bridge', 'LC_MONETARY': 'C.UTF-8', 'MANAGERPID': '3073', 'DBUS_STARTER_BUS_TYPE': 'session', 'SYSTEMD_EXEC_PID': '3103', 'DBUS_SESSION_BUS_ADDRESS': 'unix:path=/run/user/1000/bus,guid=a6ae6f848a62440a423e515169dfd9f7', 'COLORTERM': 'truecolor', 'DEBUGINFOD_URLS': 'https://debuginfod.ubuntu.com', 'WAYLAND_DISPLAY': 'wayland-0', 'ROS_DISTRO': 'lyrical', 'LOGNAME': 'admin', 'MANAGERPIDFDID': '4951', '_': '/usr/bin/colcon', 'ROS_VERSION': '2', 'MEMORY_PRESSURE_WATCH': '/sys/fs/cgroup/user.slice/user-1000.slice/user@1000.service/session.slice/dbus.service/memory.pressure', 'XDG_SESSION_CLASS': 'user', 'USERNAME': 'admin', 'TERM': 'xterm-256color', 'GNOME_DESKTOP_SESSION_ID': 'this-is-deprecated', 'FLATPAK_TTY_PROGRESS': '1', 'PATH': '/opt/ros/lyrical/bin:/usr/local/sbin:/usr/local/bin:/usr/sbin:/usr/bin:/sbin:/bin:/usr/games:/usr/local/games:/snap/bin:/snap/bin', 'INVOCATION_ID': 'e77d9c8c0e604ffb8485e35b168d0638', 'PAPERSIZE': 'a4', 'XDG_MENU_PREFIX': 'gnome-', 'PTYXIS_PROFILE': '46b325db7867804b9a1cc0046a1f6a7b', 'LC_ADDRESS': 'C.UTF-8', 'GNOME_SETUP_DISPLAY': 'unix:/tmp/.X11-unix/X1', 'XDG_RUNTIME_DIR': '/run/user/1000', 'DISPLAY': ':0', 'LANG': 'en_US.UTF-8', 'XDG_CURRENT_DESKTOP': 'ubuntu:GNOME', 'LC_TELEPHONE': 'C.UTF-8', 'XMODIFIERS': '@im=ibus', 'XDG_SESSION_DESKTOP': 'ubuntu', 'XAUTHORITY': '/run/user/1000/.mutter-Xwaylandauth.0PXSN3', 'LS_COLORS': 'rs=0:di=01;34:ln=01;36:mh=00:pi=40;33:so=01;35:do=01;35:bd=40;33;01:cd=40;33;01:or=40;31;01:mi=00:su=37;41:sg=30;43:ca=00:tw=30;42:ow=34;42:st=37;44:ex=01;32:*.tar=01;31:*.tgz=01;31:*.arc=01;31:*.arj=01;31:*.taz=01;31:*.lha=01;31:*.lz4=01;31:*.lzh=01;31:*.lzma=01;31:*.tlz=01;31:*.txz=01;31:*.tzo=01;31:*.t7z=01;31:*.zip=01;31:*.z=01;31:*.dz=01;31:*.gz=01;31:*.lrz=01;31:*.lz=01;31:*.lzo=01;31:*.xz=01;31:*.zst=01;31:*.tzst=01;31:*.bz2=01;31:*.bz=01;31:*.tbz=01;31:*.tbz2=01;31:*.tz=01;31:*.deb=01;31:*.rpm=01;31:*.jar=01;31:*.war=01;31:*.ear=01;31:*.sar=01;31:*.rar=01;31:*.alz=01;31:*.ace=01;31:*.zoo=01;31:*.cpio=01;31:*.7z=01;31:*.rz=01;31:*.cab=01;31:*.wim=01;31:*.swm=01;31:*.dwm=01;31:*.esd=01;31:*.avif=01;35:*.jpg=01;35:*.jpeg=01;35:*.mjpg=01;35:*.mjpeg=01;35:*.gif=01;35:*.bmp=01;35:*.pbm=01;35:*.pgm=01;35:*.ppm=01;35:*.tga=01;35:*.xbm=01;35:*.xpm=01;35:*.tif=01;35:*.tiff=01;35:*.png=01;35:*.svg=01;35:*.svgz=01;35:*.mng=01;35:*.pcx=01;35:*.mov=01;35:*.mpg=01;35:*.mpeg=01;35:*.m2v=01;35:*.mkv=01;35:*.webm=01;35:*.webp=01;35:*.ogm=01;35:*.mp4=01;35:*.m4v=01;35:*.mp4v=01;35:*.vob=01;35:*.qt=01;35:*.nuv=01;35:*.wmv=01;35:*.asf=01;35:*.rm=01;35:*.rmvb=01;35:*.flc=01;35:*.avi=01;35:*.fli=01;35:*.flv=01;35:*.gl=01;35:*.dl=01;35:*.xcf=01;35:*.xwd=01;35:*.yuv=01;35:*.cgm=01;35:*.emf=01;35:*.ogv=01;35:*.ogx=01;35:*.aac=00;36:*.au=00;36:*.flac=00;36:*.m4a=00;36:*.mid=00;36:*.midi=00;36:*.mka=00;36:*.mp3=00;36:*.mpc=00;36:*.ogg=00;36:*.ra=00;36:*.wav=00;36:*.oga=00;36:*.opus=00;36:*.spx=00;36:*.xspf=00;36:*~=00;90:*#=00;90:*.bak=00;90:*.old=00;90:*.orig=00;90:*.part=00;90:*.rej=00;90:*.swp=00;90:*.tmp=00;90:*.dpkg-dist=00;90:*.dpkg-old=00;90:*.ucf-dist=00;90:*.ucf-new=00;90:*.ucf-old=00;90:*.rpmnew=00;90:*.rpmorig=00;90:*.rpmsave=00;90:', 'SSH_AUTH_SOCK': '/run/user/1000/gcr/ssh', 'AMENT_PREFIX_PATH': '/opt/ros/lyrical', 'SHELL': '/bin/bash', 'LC_NAME': 'C.UTF-8', 'QT_ACCESSIBILITY': '1', 'GDMSESSION': 'ubuntu', 'LESSCLOSE': '/usr/bin/lesspipe %s %s', 'LC_MEASUREMENT': 'C.UTF-8', 'GPG_AGENT_INFO': '/run/user/1000/gnupg/S.gpg-agent:0:1', 'LC_IDENTIFICATION': 'C.UTF-8', 'GSK_RENDERER': 'gl', 'ROS_AUTOMATIC_DISCOVERY_RANGE': 'SUBNET', 'QT_IM_MODULE': 'ibus', 'PWD': '/home/public/MSE112_MPi5_Hiwonder_ROS2/ros2ws/build/turtlesim_msgs', 'XDG_CONFIG_DIRS': '/etc/xdg/xdg-ubuntu:/etc/xdg', 'DBUS_STARTER_ADDRESS': 'unix:path=/run/user/1000/bus,guid=a6ae6f848a62440a423e515169dfd9f7', 'XDG_DATA_DIRS': '/usr/share/ubuntu:/usr/share/gnome:/usr/local/share/:/usr/share/:/var/lib/snapd/desktop', 'XDG_SESSION_EXTRA_DEVICE_ACCESS': 'render:accel', 'PYTHONPATH': '/opt/ros/lyrical/opt/gz_math_vendor/lib/python:/opt/ros/lyrical/lib/python3.14/site-packages', 'LC_NUMERIC': 'C.UTF-8', 'LC_PAPER': 'C.UTF-8', 'COLCON': '1', 'QT_IM_MODULES': 'wayland;ibus', 'MEMORY_PRESSURE_WRITE': 'c29tZSAyMDAwMDAgMjAwMDAwMAA=', 'VTE_VERSION': '8400', 'CMAKE_PREFIX_PATH': '/opt/ros/lyrical/opt/gz_math_vendor:/opt/ros/lyrical/opt/gz_utils_vendor:/opt/ros/lyrical/opt/gz_cmake_vendor:/opt/ros/lyrical'}), 'shell': False}
[0.099673] (-) TimerEvent: {}
[0.200017] (-) TimerEvent: {}
[0.300365] (-) TimerEvent: {}
[0.400875] (-) TimerEvent: {}
[0.501513] (-) TimerEvent: {}
[0.602029] (-) TimerEvent: {}
[0.702487] (-) TimerEvent: {}
[0.802912] (-) TimerEvent: {}
[0.903510] (-) TimerEvent: {}
[0.944862] (turtlesim_msgs) StdoutLine: {'line': b'[  1%] Built target turtlesim_msgs__rosidl_generator_type_description\n'}
[0.945954] (turtlesim_msgs) StdoutLine: {'line': b'[  2%] Built target turtlesim_msgs__rs\n'}
[0.947608] (turtlesim_msgs) StdoutLine: {'line': b'[  2%] Built target turtlesim_msgs__cpp\n'}
[0.948290] (turtlesim_msgs) StdoutLine: {'line': b'[ 27%] Built target turtlesim_msgs__rosidl_generator_c\n'}
[0.949361] (turtlesim_msgs) StdoutLine: {'line': b'[ 37%] Built target turtlesim_msgs__rosidl_typesupport_cpp\n'}
[0.949447] (turtlesim_msgs) StdoutLine: {'line': b'[ 46%] Built target turtlesim_msgs__rosidl_typesupport_fastrtps_c\n'}
[0.949511] (turtlesim_msgs) StdoutLine: {'line': b'[ 55%] Built target turtlesim_msgs__rosidl_typesupport_introspection_c\n'}
[0.949855] (turtlesim_msgs) StdoutLine: {'line': b'[ 65%] Built target turtlesim_msgs__rosidl_typesupport_fastrtps_cpp\n'}
[0.949925] (turtlesim_msgs) StdoutLine: {'line': b'[ 74%] Built target turtlesim_msgs__rosidl_typesupport_c\n'}
[0.949988] (turtlesim_msgs) StdoutLine: {'line': b'[ 84%] Built target turtlesim_msgs__rosidl_typesupport_introspection_cpp\n'}
[0.950050] (turtlesim_msgs) StdoutLine: {'line': b'[ 84%] Built target turtlesim_msgs\n'}
[0.950111] (turtlesim_msgs) StdoutLine: {'line': b'[ 85%] Built target turtlesim_msgs__py\n'}
[0.950174] (turtlesim_msgs) StderrLine: {'line': b'\x1b[0mCMake Error: The current CMakeCache.txt directory /home/public/MSE112_MPi5_Hiwonder_ROS2/ros2ws/build/turtlesim_msgs/CMakeCache.txt is different than the directory /home/public/ros2ws/build/turtlesim_msgs where CMakeCache.txt was created. This may result in binaries being created in the wrong place. If you are not sure, reedit the CMakeCache.txt\x1b[0m\n'}
[0.950378] (turtlesim_msgs) StderrLine: {'line': b"gmake: Warning: File 'Makefile' has modification time 8915533 s in the future\n"}
[0.950447] (turtlesim_msgs) StderrLine: {'line': b"gmake[1]: Warning: File 'CMakeFiles/Makefile2' has modification time 8915533 s in the future\n"}
[0.950507] (turtlesim_msgs) StderrLine: {'line': b"gmake[2]: Warning: File 'CMakeFiles/turtlesim_msgs__rosidl_generator_type_description.dir/build.make' has modification time 7875868 s in the future\n"}
[0.950565] (turtlesim_msgs) StderrLine: {'line': b"gmake[2]: Warning: File '/home/public/ros2ws/build/turtlesim_msgs/turtlesim_msgs__rs/CMakeFiles/turtlesim_msgs__rs.dir/build.make' has modification time 7875868 s in the future\n"}
[0.950622] (turtlesim_msgs) StderrLine: {'line': b'gmake[2]: warning:  Clock skew detected.  Your build may be incomplete.\n'}
[0.950693] (turtlesim_msgs) StderrLine: {'line': b'gmake[2]: warning:  Clock skew detected.  Your build may be incomplete.\n'}
[0.950750] (turtlesim_msgs) StderrLine: {'line': b"gmake[2]: Warning: File 'CMakeFiles/turtlesim_msgs__rosidl_generator_type_description.dir/build.make' has modification time 7875868 s in the future\n"}
[0.950807] (turtlesim_msgs) StderrLine: {'line': b"gmake[2]: Warning: File '/home/public/ros2ws/build/turtlesim_msgs/turtlesim_msgs__rs/CMakeFiles/turtlesim_msgs__rs.dir/build.make' has modification time 7875868 s in the future\n"}
[0.950863] (turtlesim_msgs) StderrLine: {'line': b'gmake[2]: warning:  Clock skew detected.  Your build may be incomplete.\n'}
[0.950927] (turtlesim_msgs) StderrLine: {'line': b'gmake[2]: warning:  Clock skew detected.  Your build may be incomplete.\n'}
[0.950988] (turtlesim_msgs) StderrLine: {'line': b"gmake[2]: Warning: File 'CMakeFiles/turtlesim_msgs__cpp.dir/build.make' has modification time 7875868 s in the future\n"}
[0.951050] (turtlesim_msgs) StderrLine: {'line': b"gmake[2]: Warning: File 'CMakeFiles/turtlesim_msgs__rosidl_generator_c.dir/build.make' has modification time 7875868 s in the future\n"}
[0.951111] (turtlesim_msgs) StderrLine: {'line': b'gmake[2]: warning:  Clock skew detected.  Your build may be incomplete.\n'}
[0.951170] (turtlesim_msgs) StderrLine: {'line': b"gmake[2]: Warning: File 'CMakeFiles/turtlesim_msgs__cpp.dir/build.make' has modification time 7875868 s in the future\n"}
[0.951229] (turtlesim_msgs) StderrLine: {'line': b'gmake[2]: warning:  Clock skew detected.  Your build may be incomplete.\n'}
[0.951287] (turtlesim_msgs) StderrLine: {'line': b'gmake[2]: warning:  Clock skew detected.  Your build may be incomplete.\n'}
[0.951345] (turtlesim_msgs) StderrLine: {'line': b"gmake[2]: Warning: File 'CMakeFiles/turtlesim_msgs__rosidl_generator_c.dir/build.make' has modification time 7875868 s in the future\n"}
[0.951404] (turtlesim_msgs) StderrLine: {'line': b'gmake[2]: warning:  Clock skew detected.  Your build may be incomplete.\n'}
[0.951462] (turtlesim_msgs) StderrLine: {'line': b"gmake[2]: Warning: File 'CMakeFiles/turtlesim_msgs__rosidl_typesupport_cpp.dir/build.make' has modification time 7875868 s in the future\n"}
[0.951523] (turtlesim_msgs) StderrLine: {'line': b"gmake[2]: Warning: File 'CMakeFiles/turtlesim_msgs__rosidl_typesupport_fastrtps_c.dir/build.make' has modification time 7875868 s in the future\n"}
[0.951582] (turtlesim_msgs) StderrLine: {'line': b"gmake[2]: Warning: File 'CMakeFiles/turtlesim_msgs__rosidl_typesupport_fastrtps_cpp.dir/build.make' has modification time 7875868 s in the future\n"}
[0.951770] (turtlesim_msgs) StderrLine: {'line': b'gmake[2]: warning:  Clock skew detected.  Your build may be incomplete.\n'}
[0.951926] (turtlesim_msgs) StderrLine: {'line': b"gmake[2]: Warning: File 'CMakeFiles/turtlesim_msgs__rosidl_typesupport_cpp.dir/build.make' has modification time 7875868 s in the future\n"}
[0.952117] (turtlesim_msgs) StderrLine: {'line': b'gmake[2]: warning:  Clock skew detected.  Your build may be incomplete.\n'}
[0.952190] (turtlesim_msgs) StderrLine: {'line': b"gmake[2]: Warning: File 'CMakeFiles/turtlesim_msgs__rosidl_typesupport_fastrtps_c.dir/build.make' has modification time 7875868 s in the future\n"}
[0.952249] (turtlesim_msgs) StderrLine: {'line': b"gmake[2]: Warning: File 'CMakeFiles/turtlesim_msgs__rosidl_typesupport_introspection_c.dir/build.make' has modification time 7875868 s in the future\n"}
[0.952309] (turtlesim_msgs) StderrLine: {'line': b'gmake[2]: warning:  Clock skew detected.  Your build may be incomplete.\n'}
[0.952363] (turtlesim_msgs) StderrLine: {'line': b"gmake[2]: Warning: File 'CMakeFiles/turtlesim_msgs__rosidl_typesupport_fastrtps_cpp.dir/build.make' has modification time 7875868 s in the future\n"}
[0.952427] (turtlesim_msgs) StderrLine: {'line': b'gmake[2]: warning:  Clock skew detected.  Your build may be incomplete.\n'}
[0.952494] (turtlesim_msgs) StderrLine: {'line': b"gmake[2]: Warning: File 'CMakeFiles/turtlesim_msgs__rosidl_typesupport_introspection_c.dir/build.make' has modification time 7875868 s in the future\n"}
[0.952575] (turtlesim_msgs) StderrLine: {'line': b'gmake[2]: warning:  Clock skew detected.  Your build may be incomplete.\n'}
[0.952651] (turtlesim_msgs) StderrLine: {'line': b'gmake[2]: warning:  Clock skew detected.  Your build may be incomplete.\n'}
[0.952901] (turtlesim_msgs) StderrLine: {'line': b'gmake[2]: warning:  Clock skew detected.  Your build may be incomplete.\n'}
[0.952994] (turtlesim_msgs) StderrLine: {'line': b'gmake[2]: warning:  Clock skew detected.  Your build may be incomplete.\n'}
[0.953063] (turtlesim_msgs) StderrLine: {'line': b"gmake[2]: Warning: File 'CMakeFiles/turtlesim_msgs__rosidl_typesupport_c.dir/build.make' has modification time 7875868 s in the future\n"}
[0.953145] (turtlesim_msgs) StderrLine: {'line': b"gmake[2]: Warning: File 'CMakeFiles/turtlesim_msgs__rosidl_typesupport_introspection_cpp.dir/build.make' has modification time 7875868 s in the future\n"}
[0.953212] (turtlesim_msgs) StderrLine: {'line': b'gmake[2]: warning:  Clock skew detected.  Your build may be incomplete.\n'}
[0.953273] (turtlesim_msgs) StderrLine: {'line': b"gmake[2]: Warning: File 'CMakeFiles/turtlesim_msgs__rosidl_typesupport_c.dir/build.make' has modification time 7875868 s in the future\n"}
[0.953335] (turtlesim_msgs) StderrLine: {'line': b'gmake[2]: warning:  Clock skew detected.  Your build may be incomplete.\n'}
[0.953397] (turtlesim_msgs) StderrLine: {'line': b'gmake[2]: warning:  Clock skew detected.  Your build may be incomplete.\n'}
[0.953456] (turtlesim_msgs) StderrLine: {'line': b"gmake[2]: Warning: File 'CMakeFiles/turtlesim_msgs__rosidl_typesupport_introspection_cpp.dir/build.make' has modification time 7875868 s in the future\n"}
[0.953518] (turtlesim_msgs) StderrLine: {'line': b'gmake[2]: warning:  Clock skew detected.  Your build may be incomplete.\n'}
[0.953583] (turtlesim_msgs) StderrLine: {'line': b"gmake[2]: Warning: File 'CMakeFiles/turtlesim_msgs.dir/build.make' has modification time 7875868 s in the future\n"}
[0.953679] (turtlesim_msgs) StderrLine: {'line': b'gmake[2]: warning:  Clock skew detected.  Your build may be incomplete.\n'}
[0.953749] (turtlesim_msgs) StderrLine: {'line': b"gmake[2]: Warning: File 'CMakeFiles/turtlesim_msgs.dir/build.make' has modification time 7875868 s in the future\n"}
[0.953811] (turtlesim_msgs) StderrLine: {'line': b'gmake[2]: warning:  Clock skew detected.  Your build may be incomplete.\n'}
[0.953871] (turtlesim_msgs) StderrLine: {'line': b"gmake[2]: Warning: File '/home/public/ros2ws/build/turtlesim_msgs/turtlesim_msgs__py/CMakeFiles/turtlesim_msgs__py.dir/build.make' has modification time 7875868 s in the future\n"}
[0.953934] (turtlesim_msgs) StderrLine: {'line': b'gmake[2]: warning:  Clock skew detected.  Your build may be incomplete.\n'}
[0.953992] (turtlesim_msgs) StderrLine: {'line': b"gmake[2]: Warning: File '/home/public/ros2ws/build/turtlesim_msgs/turtlesim_msgs__py/CMakeFiles/turtlesim_msgs__py.dir/build.make' has modification time 7875868 s in the future\n"}
[0.954054] (turtlesim_msgs) StderrLine: {'line': b'gmake[2]: warning:  Clock skew detected.  Your build may be incomplete.\n'}
[0.958323] (turtlesim_msgs) StderrLine: {'line': b"gmake[2]: Warning: File 'CMakeFiles/turtlesim_msgs__rosidl_generator_py.dir/build.make' has modification time 7875868 s in the future\n"}
[0.984052] (turtlesim_msgs) StderrLine: {'line': b'gmake[2]: warning:  Clock skew detected.  Your build may be incomplete.\n'}
[0.988873] (turtlesim_msgs) StderrLine: {'line': b"gmake[2]: Warning: File 'CMakeFiles/turtlesim_msgs__rosidl_generator_py.dir/build.make' has modification time 7875868 s in the future\n"}
[1.003562] (-) TimerEvent: {}
[1.018756] (turtlesim_msgs) StderrLine: {'line': b'gmake[2]: warning:  Clock skew detected.  Your build may be incomplete.\n'}
[1.030174] (turtlesim_msgs) StdoutLine: {'line': b'[ 94%] Built target turtlesim_msgs__rosidl_generator_py\n'}
[1.038340] (turtlesim_msgs) StderrLine: {'line': b"gmake[2]: Warning: File 'CMakeFiles/ament_cmake_python_sync_turtlesim_msgs.dir/build.make' has modification time 7875868 s in the future\n"}
[1.044158] (turtlesim_msgs) StderrLine: {'line': b"gmake[2]: Warning: File 'CMakeFiles/turtlesim_msgs_s__rosidl_typesupport_fastrtps_c.dir/build.make' has modification time 7875868 s in the future\n"}
[1.047775] (turtlesim_msgs) StderrLine: {'line': b"gmake[2]: Warning: File 'CMakeFiles/turtlesim_msgs_s__rosidl_typesupport_introspection_c.dir/build.make' has modification time 7875868 s in the future\n"}
[1.057857] (turtlesim_msgs) StderrLine: {'line': b'gmake[2]: warning:  Clock skew detected.  Your build may be incomplete.\n'}
[1.060063] (turtlesim_msgs) StderrLine: {'line': b"gmake[2]: Warning: File 'CMakeFiles/ament_cmake_python_sync_turtlesim_msgs.dir/build.make' has modification time 7875868 s in the future\n"}
[1.072326] (turtlesim_msgs) StderrLine: {'line': b'gmake[2]: warning:  Clock skew detected.  Your build may be incomplete.\n'}
[1.072887] (turtlesim_msgs) StderrLine: {'line': b'gmake[2]: warning:  Clock skew detected.  Your build may be incomplete.\n'}
[1.075622] (turtlesim_msgs) StderrLine: {'line': b"gmake[2]: Warning: File 'CMakeFiles/turtlesim_msgs_s__rosidl_typesupport_introspection_c.dir/build.make' has modification time 7875868 s in the future\n"}
[1.075860] (turtlesim_msgs) StderrLine: {'line': b"gmake[2]: Warning: File 'CMakeFiles/turtlesim_msgs_s__rosidl_typesupport_fastrtps_c.dir/build.make' has modification time 7875868 s in the future\n"}
[1.078060] (turtlesim_msgs) StderrLine: {'line': b'gmake[2]: warning:  Clock skew detected.  Your build may be incomplete.\n'}
[1.078340] (turtlesim_msgs) StderrLine: {'line': b'gmake[2]: warning:  Clock skew detected.  Your build may be incomplete.\n'}
[1.090800] (turtlesim_msgs) StdoutLine: {'line': b'[ 98%] Built target turtlesim_msgs_s__rosidl_typesupport_fastrtps_c\n'}
[1.091169] (turtlesim_msgs) StdoutLine: {'line': b'[ 98%] Built target turtlesim_msgs_s__rosidl_typesupport_introspection_c\n'}
[1.103696] (-) TimerEvent: {}
[1.106580] (turtlesim_msgs) StderrLine: {'line': b"gmake[2]: Warning: File 'CMakeFiles/turtlesim_msgs_s__rosidl_typesupport_c.dir/build.make' has modification time 7875868 s in the future\n"}
[1.129616] (turtlesim_msgs) StderrLine: {'line': b'gmake[2]: warning:  Clock skew detected.  Your build may be incomplete.\n'}
[1.132929] (turtlesim_msgs) StderrLine: {'line': b"gmake[2]: Warning: File 'CMakeFiles/turtlesim_msgs_s__rosidl_typesupport_c.dir/build.make' has modification time 7875868 s in the future\n"}
[1.137430] (turtlesim_msgs) StderrLine: {'line': b'gmake[2]: warning:  Clock skew detected.  Your build may be incomplete.\n'}
[1.140773] (turtlesim_msgs) StderrLine: {'line': b'gmake[2]: warning:  Clock skew detected.  Your build may be incomplete.\n'}
[1.152688] (turtlesim_msgs) StdoutLine: {'line': b'[100%] Built target turtlesim_msgs_s__rosidl_typesupport_c\n'}
[1.156656] (turtlesim_msgs) StdoutLine: {'line': b'[100%] Built target ament_cmake_python_sync_turtlesim_msgs\n'}
[1.163611] (turtlesim_msgs) StderrLine: {'line': b"gmake[2]: Warning: File 'CMakeFiles/ament_cmake_python_build_turtlesim_msgs_egg.dir/build.make' has modification time 7875868 s in the future\n"}
[1.178201] (turtlesim_msgs) StderrLine: {'line': b'gmake[2]: warning:  Clock skew detected.  Your build may be incomplete.\n'}
[1.179729] (turtlesim_msgs) StderrLine: {'line': b"gmake[2]: Warning: File 'CMakeFiles/ament_cmake_python_build_turtlesim_msgs_egg.dir/build.make' has modification time 7875868 s in the future\n"}
[1.203806] (-) TimerEvent: {}
[1.304196] (-) TimerEvent: {}
[1.405286] (-) TimerEvent: {}
[1.506984] (-) TimerEvent: {}
[1.611570] (-) TimerEvent: {}
[1.633129] (turtlesim_msgs) StdoutLine: {'line': b'running egg_info\n'}
[1.680287] (turtlesim_msgs) StdoutLine: {'line': b'writing turtlesim_msgs.egg-info/PKG-INFO\n'}
[1.681788] (turtlesim_msgs) StdoutLine: {'line': b'writing dependency_links to turtlesim_msgs.egg-info/dependency_links.txt\n'}
[1.682853] (turtlesim_msgs) StdoutLine: {'line': b'writing top-level names to turtlesim_msgs.egg-info/top_level.txt\n'}
[1.711682] (-) TimerEvent: {}
[1.773920] (turtlesim_msgs) StdoutLine: {'line': b"reading manifest file 'turtlesim_msgs.egg-info/SOURCES.txt'\n"}
[1.775993] (turtlesim_msgs) StdoutLine: {'line': b"writing manifest file 'turtlesim_msgs.egg-info/SOURCES.txt'\n"}
[1.811836] (-) TimerEvent: {}
[1.892030] (turtlesim_msgs) StderrLine: {'line': b'gmake[2]: warning:  Clock skew detected.  Your build may be incomplete.\n'}
[1.906776] (turtlesim_msgs) StdoutLine: {'line': b'[100%] Built target ament_cmake_python_build_turtlesim_msgs_egg\n'}
[1.907784] (turtlesim_msgs) StderrLine: {'line': b'gmake[1]: warning:  Clock skew detected.  Your build may be incomplete.\n'}
[1.911953] (-) TimerEvent: {}
[1.925003] (turtlesim_msgs) StderrLine: {'line': b'gmake: warning:  Clock skew detected.  Your build may be incomplete.\n'}
[1.928264] (turtlesim_msgs) CommandEnded: {'returncode': 0}
[1.935004] (turtlesim_msgs) JobProgress: {'identifier': 'turtlesim_msgs', 'progress': 'install'}
[1.950488] (turtlesim_msgs) Command: {'cmd': ['/usr/bin/cmake', '--install', '/home/public/MSE112_MPi5_Hiwonder_ROS2/ros2ws/build/turtlesim_msgs'], 'cwd': '/home/public/MSE112_MPi5_Hiwonder_ROS2/ros2ws/build/turtlesim_msgs', 'env': OrderedDict({'LESSOPEN': '| /usr/bin/lesspipe %s', 'LANGUAGE': 'en', 'USER': 'admin', 'LC_TIME': 'C.UTF-8', 'XDG_SESSION_TYPE': 'wayland', 'PTYXIS_VERSION': '50.1', 'SHLVL': '1', 'LD_LIBRARY_PATH': '/opt/ros/lyrical/opt/gz_math_vendor/lib:/opt/ros/lyrical/opt/gz_utils_vendor/lib:/opt/ros/lyrical/opt/rviz_ogre_vendor/lib:/opt/ros/lyrical/lib/aarch64-linux-gnu:/opt/ros/lyrical/opt/gz_cmake_vendor/lib:/opt/ros/lyrical/lib', 'HOME': '/home/admin', 'OLDPWD': '/home/public/MSE112_MPi5_Hiwonder_ROS2', 'DESKTOP_SESSION': 'ubuntu', 'IM_CONFIG_ENTRY': 'profile', 'ROS_PYTHON_VERSION': '3', 'GTK_MODULES': 'gail:atk-bridge', 'LC_MONETARY': 'C.UTF-8', 'MANAGERPID': '3073', 'DBUS_STARTER_BUS_TYPE': 'session', 'SYSTEMD_EXEC_PID': '3103', 'DBUS_SESSION_BUS_ADDRESS': 'unix:path=/run/user/1000/bus,guid=a6ae6f848a62440a423e515169dfd9f7', 'COLORTERM': 'truecolor', 'DEBUGINFOD_URLS': 'https://debuginfod.ubuntu.com', 'WAYLAND_DISPLAY': 'wayland-0', 'ROS_DISTRO': 'lyrical', 'LOGNAME': 'admin', 'MANAGERPIDFDID': '4951', '_': '/usr/bin/colcon', 'ROS_VERSION': '2', 'MEMORY_PRESSURE_WATCH': '/sys/fs/cgroup/user.slice/user-1000.slice/user@1000.service/session.slice/dbus.service/memory.pressure', 'XDG_SESSION_CLASS': 'user', 'USERNAME': 'admin', 'TERM': 'xterm-256color', 'GNOME_DESKTOP_SESSION_ID': 'this-is-deprecated', 'FLATPAK_TTY_PROGRESS': '1', 'PATH': '/opt/ros/lyrical/bin:/usr/local/sbin:/usr/local/bin:/usr/sbin:/usr/bin:/sbin:/bin:/usr/games:/usr/local/games:/snap/bin:/snap/bin', 'INVOCATION_ID': 'e77d9c8c0e604ffb8485e35b168d0638', 'PAPERSIZE': 'a4', 'XDG_MENU_PREFIX': 'gnome-', 'PTYXIS_PROFILE': '46b325db7867804b9a1cc0046a1f6a7b', 'LC_ADDRESS': 'C.UTF-8', 'GNOME_SETUP_DISPLAY': 'unix:/tmp/.X11-unix/X1', 'XDG_RUNTIME_DIR': '/run/user/1000', 'DISPLAY': ':0', 'LANG': 'en_US.UTF-8', 'XDG_CURRENT_DESKTOP': 'ubuntu:GNOME', 'LC_TELEPHONE': 'C.UTF-8', 'XMODIFIERS': '@im=ibus', 'XDG_SESSION_DESKTOP': 'ubuntu', 'XAUTHORITY': '/run/user/1000/.mutter-Xwaylandauth.0PXSN3', 'LS_COLORS': 'rs=0:di=01;34:ln=01;36:mh=00:pi=40;33:so=01;35:do=01;35:bd=40;33;01:cd=40;33;01:or=40;31;01:mi=00:su=37;41:sg=30;43:ca=00:tw=30;42:ow=34;42:st=37;44:ex=01;32:*.tar=01;31:*.tgz=01;31:*.arc=01;31:*.arj=01;31:*.taz=01;31:*.lha=01;31:*.lz4=01;31:*.lzh=01;31:*.lzma=01;31:*.tlz=01;31:*.txz=01;31:*.tzo=01;31:*.t7z=01;31:*.zip=01;31:*.z=01;31:*.dz=01;31:*.gz=01;31:*.lrz=01;31:*.lz=01;31:*.lzo=01;31:*.xz=01;31:*.zst=01;31:*.tzst=01;31:*.bz2=01;31:*.bz=01;31:*.tbz=01;31:*.tbz2=01;31:*.tz=01;31:*.deb=01;31:*.rpm=01;31:*.jar=01;31:*.war=01;31:*.ear=01;31:*.sar=01;31:*.rar=01;31:*.alz=01;31:*.ace=01;31:*.zoo=01;31:*.cpio=01;31:*.7z=01;31:*.rz=01;31:*.cab=01;31:*.wim=01;31:*.swm=01;31:*.dwm=01;31:*.esd=01;31:*.avif=01;35:*.jpg=01;35:*.jpeg=01;35:*.mjpg=01;35:*.mjpeg=01;35:*.gif=01;35:*.bmp=01;35:*.pbm=01;35:*.pgm=01;35:*.ppm=01;35:*.tga=01;35:*.xbm=01;35:*.xpm=01;35:*.tif=01;35:*.tiff=01;35:*.png=01;35:*.svg=01;35:*.svgz=01;35:*.mng=01;35:*.pcx=01;35:*.mov=01;35:*.mpg=01;35:*.mpeg=01;35:*.m2v=01;35:*.mkv=01;35:*.webm=01;35:*.webp=01;35:*.ogm=01;35:*.mp4=01;35:*.m4v=01;35:*.mp4v=01;35:*.vob=01;35:*.qt=01;35:*.nuv=01;35:*.wmv=01;35:*.asf=01;35:*.rm=01;35:*.rmvb=01;35:*.flc=01;35:*.avi=01;35:*.fli=01;35:*.flv=01;35:*.gl=01;35:*.dl=01;35:*.xcf=01;35:*.xwd=01;35:*.yuv=01;35:*.cgm=01;35:*.emf=01;35:*.ogv=01;35:*.ogx=01;35:*.aac=00;36:*.au=00;36:*.flac=00;36:*.m4a=00;36:*.mid=00;36:*.midi=00;36:*.mka=00;36:*.mp3=00;36:*.mpc=00;36:*.ogg=00;36:*.ra=00;36:*.wav=00;36:*.oga=00;36:*.opus=00;36:*.spx=00;36:*.xspf=00;36:*~=00;90:*#=00;90:*.bak=00;90:*.old=00;90:*.orig=00;90:*.part=00;90:*.rej=00;90:*.swp=00;90:*.tmp=00;90:*.dpkg-dist=00;90:*.dpkg-old=00;90:*.ucf-dist=00;90:*.ucf-new=00;90:*.ucf-old=00;90:*.rpmnew=00;90:*.rpmorig=00;90:*.rpmsave=00;90:', 'SSH_AUTH_SOCK': '/run/user/1000/gcr/ssh', 'AMENT_PREFIX_PATH': '/opt/ros/lyrical', 'SHELL': '/bin/bash', 'LC_NAME': 'C.UTF-8', 'QT_ACCESSIBILITY': '1', 'GDMSESSION': 'ubuntu', 'LESSCLOSE': '/usr/bin/lesspipe %s %s', 'LC_MEASUREMENT': 'C.UTF-8', 'GPG_AGENT_INFO': '/run/user/1000/gnupg/S.gpg-agent:0:1', 'LC_IDENTIFICATION': 'C.UTF-8', 'GSK_RENDERER': 'gl', 'ROS_AUTOMATIC_DISCOVERY_RANGE': 'SUBNET', 'QT_IM_MODULE': 'ibus', 'PWD': '/home/public/MSE112_MPi5_Hiwonder_ROS2/ros2ws/build/turtlesim_msgs', 'XDG_CONFIG_DIRS': '/etc/xdg/xdg-ubuntu:/etc/xdg', 'DBUS_STARTER_ADDRESS': 'unix:path=/run/user/1000/bus,guid=a6ae6f848a62440a423e515169dfd9f7', 'XDG_DATA_DIRS': '/usr/share/ubuntu:/usr/share/gnome:/usr/local/share/:/usr/share/:/var/lib/snapd/desktop', 'XDG_SESSION_EXTRA_DEVICE_ACCESS': 'render:accel', 'PYTHONPATH': '/opt/ros/lyrical/opt/gz_math_vendor/lib/python:/opt/ros/lyrical/lib/python3.14/site-packages', 'LC_NUMERIC': 'C.UTF-8', 'LC_PAPER': 'C.UTF-8', 'COLCON': '1', 'QT_IM_MODULES': 'wayland;ibus', 'MEMORY_PRESSURE_WRITE': 'c29tZSAyMDAwMDAgMjAwMDAwMAA=', 'VTE_VERSION': '8400', 'CMAKE_PREFIX_PATH': '/opt/ros/lyrical/opt/gz_math_vendor:/opt/ros/lyrical/opt/gz_utils_vendor:/opt/ros/lyrical/opt/gz_cmake_vendor:/opt/ros/lyrical'}), 'shell': False}
[1.967680] (turtlesim_msgs) StdoutLine: {'line': b'-- Install configuration: ""\n'}
[1.972451] (turtlesim_msgs) StdoutLine: {'line': b'-- Execute custom install script\n'}
[1.984956] (turtlesim_msgs) StdoutLine: {'line': b'-- Up-to-date symlink: /home/public/ros2ws/install/turtlesim_msgs/share/ament_index/resource_index/rosidl_interfaces/turtlesim_msgs\n'}
[1.988514] (turtlesim_msgs) StdoutLine: {'line': b'-- Up-to-date symlink: /home/public/ros2ws/install/turtlesim_msgs/share/turtlesim_msgs/action/RotateAbsolute.json\n'}
[1.991599] (turtlesim_msgs) StdoutLine: {'line': b'-- Up-to-date symlink: /home/public/ros2ws/install/turtlesim_msgs/share/turtlesim_msgs/msg/Color.json\n'}
[1.993714] (turtlesim_msgs) StdoutLine: {'line': b'-- Up-to-date symlink: /home/public/ros2ws/install/turtlesim_msgs/share/turtlesim_msgs/msg/Pose.json\n'}
[1.996410] (turtlesim_msgs) StdoutLine: {'line': b'-- Up-to-date symlink: /home/public/ros2ws/install/turtlesim_msgs/share/turtlesim_msgs/srv/Kill.json\n'}
[2.001909] (turtlesim_msgs) StdoutLine: {'line': b'-- Up-to-date symlink: /home/public/ros2ws/install/turtlesim_msgs/share/turtlesim_msgs/srv/SetPen.json\n'}
[2.003717] (turtlesim_msgs) StdoutLine: {'line': b'-- Up-to-date symlink: /home/public/ros2ws/install/turtlesim_msgs/share/turtlesim_msgs/srv/Spawn.json\n'}
[2.005374] (turtlesim_msgs) StdoutLine: {'line': b'-- Up-to-date symlink: /home/public/ros2ws/install/turtlesim_msgs/share/turtlesim_msgs/srv/TeleportAbsolute.json\n'}
[2.007163] (turtlesim_msgs) StdoutLine: {'line': b'-- Up-to-date symlink: /home/public/ros2ws/install/turtlesim_msgs/share/turtlesim_msgs/srv/TeleportRelative.json\n'}
[2.012045] (-) TimerEvent: {}
[2.014508] (turtlesim_msgs) StdoutLine: {'line': b'-- Up-to-date symlink: /home/public/ros2ws/install/turtlesim_msgs/include/turtlesim_msgs/turtlesim_msgs/action/detail/rotate_absolute__functions.h\n'}
[2.015253] (turtlesim_msgs) StdoutLine: {'line': b'-- Up-to-date symlink: /home/public/ros2ws/install/turtlesim_msgs/include/turtlesim_msgs/turtlesim_msgs/action/detail/rotate_absolute__struct.h\n'}
[2.016059] (turtlesim_msgs) StdoutLine: {'line': b'-- Up-to-date symlink: /home/public/ros2ws/install/turtlesim_msgs/include/turtlesim_msgs/turtlesim_msgs/action/detail/rotate_absolute__type_support.h\n'}
[2.017086] (turtlesim_msgs) StdoutLine: {'line': b'-- Up-to-date symlink: /home/public/ros2ws/install/turtlesim_msgs/include/turtlesim_msgs/turtlesim_msgs/action/rotate_absolute.h\n'}
[2.018753] (turtlesim_msgs) StdoutLine: {'line': b'-- Up-to-date symlink: /home/public/ros2ws/install/turtlesim_msgs/include/turtlesim_msgs/turtlesim_msgs/msg/color.h\n'}
[2.020741] (turtlesim_msgs) StdoutLine: {'line': b'-- Up-to-date symlink: /home/public/ros2ws/install/turtlesim_msgs/include/turtlesim_msgs/turtlesim_msgs/msg/detail/color__functions.h\n'}
[2.021617] (turtlesim_msgs) StdoutLine: {'line': b'-- Up-to-date symlink: /home/public/ros2ws/install/turtlesim_msgs/include/turtlesim_msgs/turtlesim_msgs/msg/detail/color__struct.h\n'}
[2.022485] (turtlesim_msgs) StdoutLine: {'line': b'-- Up-to-date symlink: /home/public/ros2ws/install/turtlesim_msgs/include/turtlesim_msgs/turtlesim_msgs/msg/detail/color__type_support.h\n'}
[2.023346] (turtlesim_msgs) StdoutLine: {'line': b'-- Up-to-date symlink: /home/public/ros2ws/install/turtlesim_msgs/include/turtlesim_msgs/turtlesim_msgs/msg/detail/pose__functions.h\n'}
[2.024182] (turtlesim_msgs) StdoutLine: {'line': b'-- Up-to-date symlink: /home/public/ros2ws/install/turtlesim_msgs/include/turtlesim_msgs/turtlesim_msgs/msg/detail/pose__struct.h\n'}
[2.025156] (turtlesim_msgs) StdoutLine: {'line': b'-- Up-to-date symlink: /home/public/ros2ws/install/turtlesim_msgs/include/turtlesim_msgs/turtlesim_msgs/msg/detail/pose__type_support.h\n'}
[2.026001] (turtlesim_msgs) StdoutLine: {'line': b'-- Up-to-date symlink: /home/public/ros2ws/install/turtlesim_msgs/include/turtlesim_msgs/turtlesim_msgs/msg/pose.h\n'}
[2.026838] (turtlesim_msgs) StdoutLine: {'line': b'-- Up-to-date symlink: /home/public/ros2ws/install/turtlesim_msgs/include/turtlesim_msgs/turtlesim_msgs/msg/rosidl_generator_c__visibility_control.h\n'}
[2.029781] (turtlesim_msgs) StdoutLine: {'line': b'-- Up-to-date symlink: /home/public/ros2ws/install/turtlesim_msgs/include/turtlesim_msgs/turtlesim_msgs/srv/detail/kill__functions.h\n'}
[2.030745] (turtlesim_msgs) StdoutLine: {'line': b'-- Up-to-date symlink: /home/public/ros2ws/install/turtlesim_msgs/include/turtlesim_msgs/turtlesim_msgs/srv/detail/kill__struct.h\n'}
[2.031642] (turtlesim_msgs) StdoutLine: {'line': b'-- Up-to-date symlink: /home/public/ros2ws/install/turtlesim_msgs/include/turtlesim_msgs/turtlesim_msgs/srv/detail/kill__type_support.h\n'}
[2.032555] (turtlesim_msgs) StdoutLine: {'line': b'-- Up-to-date symlink: /home/public/ros2ws/install/turtlesim_msgs/include/turtlesim_msgs/turtlesim_msgs/srv/detail/set_pen__functions.h\n'}
[2.033537] (turtlesim_msgs) StdoutLine: {'line': b'-- Up-to-date symlink: /home/public/ros2ws/install/turtlesim_msgs/include/turtlesim_msgs/turtlesim_msgs/srv/detail/set_pen__struct.h\n'}
[2.037153] (turtlesim_msgs) StdoutLine: {'line': b'-- Up-to-date symlink: /home/public/ros2ws/install/turtlesim_msgs/include/turtlesim_msgs/turtlesim_msgs/srv/detail/set_pen__type_support.h\n'}
[2.038118] (turtlesim_msgs) StdoutLine: {'line': b'-- Up-to-date symlink: /home/public/ros2ws/install/turtlesim_msgs/include/turtlesim_msgs/turtlesim_msgs/srv/detail/spawn__functions.h\n'}
[2.039100] (turtlesim_msgs) StdoutLine: {'line': b'-- Up-to-date symlink: /home/public/ros2ws/install/turtlesim_msgs/include/turtlesim_msgs/turtlesim_msgs/srv/detail/spawn__struct.h\n'}
[2.039941] (turtlesim_msgs) StdoutLine: {'line': b'-- Up-to-date symlink: /home/public/ros2ws/install/turtlesim_msgs/include/turtlesim_msgs/turtlesim_msgs/srv/detail/spawn__type_support.h\n'}
[2.040864] (turtlesim_msgs) StdoutLine: {'line': b'-- Up-to-date symlink: /home/public/ros2ws/install/turtlesim_msgs/include/turtlesim_msgs/turtlesim_msgs/srv/detail/teleport_absolute__functions.h\n'}
[2.041720] (turtlesim_msgs) StdoutLine: {'line': b'-- Up-to-date symlink: /home/public/ros2ws/install/turtlesim_msgs/include/turtlesim_msgs/turtlesim_msgs/srv/detail/teleport_absolute__struct.h\n'}
[2.042565] (turtlesim_msgs) StdoutLine: {'line': b'-- Up-to-date symlink: /home/public/ros2ws/install/turtlesim_msgs/include/turtlesim_msgs/turtlesim_msgs/srv/detail/teleport_absolute__type_support.h\n'}
[2.043403] (turtlesim_msgs) StdoutLine: {'line': b'-- Up-to-date symlink: /home/public/ros2ws/install/turtlesim_msgs/include/turtlesim_msgs/turtlesim_msgs/srv/detail/teleport_relative__functions.h\n'}
[2.044237] (turtlesim_msgs) StdoutLine: {'line': b'-- Up-to-date symlink: /home/public/ros2ws/install/turtlesim_msgs/include/turtlesim_msgs/turtlesim_msgs/srv/detail/teleport_relative__struct.h\n'}
[2.045044] (turtlesim_msgs) StdoutLine: {'line': b'-- Up-to-date symlink: /home/public/ros2ws/install/turtlesim_msgs/include/turtlesim_msgs/turtlesim_msgs/srv/detail/teleport_relative__type_support.h\n'}
[2.045870] (turtlesim_msgs) StdoutLine: {'line': b'-- Up-to-date symlink: /home/public/ros2ws/install/turtlesim_msgs/include/turtlesim_msgs/turtlesim_msgs/srv/kill.h\n'}
[2.046717] (turtlesim_msgs) StdoutLine: {'line': b'-- Up-to-date symlink: /home/public/ros2ws/install/turtlesim_msgs/include/turtlesim_msgs/turtlesim_msgs/srv/set_pen.h\n'}
[2.047559] (turtlesim_msgs) StdoutLine: {'line': b'-- Up-to-date symlink: /home/public/ros2ws/install/turtlesim_msgs/include/turtlesim_msgs/turtlesim_msgs/srv/spawn.h\n'}
[2.048417] (turtlesim_msgs) StdoutLine: {'line': b'-- Up-to-date symlink: /home/public/ros2ws/install/turtlesim_msgs/include/turtlesim_msgs/turtlesim_msgs/srv/teleport_absolute.h\n'}
[2.049369] (turtlesim_msgs) StdoutLine: {'line': b'-- Up-to-date symlink: /home/public/ros2ws/install/turtlesim_msgs/include/turtlesim_msgs/turtlesim_msgs/srv/teleport_relative.h\n'}
[2.052121] (turtlesim_msgs) StdoutLine: {'line': b'-- Up-to-date symlink: /home/public/ros2ws/install/turtlesim_msgs/share/turtlesim_msgs/environment/library_path.sh\n'}
[2.055181] (turtlesim_msgs) StdoutLine: {'line': b'-- Up-to-date symlink: /home/public/ros2ws/install/turtlesim_msgs/share/turtlesim_msgs/environment/library_path.dsv\n'}
[2.057242] (turtlesim_msgs) StdoutLine: {'line': b'-- Up-to-date symlink: /home/public/ros2ws/install/turtlesim_msgs/include/turtlesim_msgs/turtlesim_msgs/action/detail/rotate_absolute__rosidl_typesupport_fastrtps_c.h\n'}
[2.061844] (turtlesim_msgs) StdoutLine: {'line': b'-- Up-to-date symlink: /home/public/ros2ws/install/turtlesim_msgs/include/turtlesim_msgs/turtlesim_msgs/msg/detail/color__rosidl_typesupport_fastrtps_c.h\n'}
[2.063294] (turtlesim_msgs) StdoutLine: {'line': b'-- Up-to-date symlink: /home/public/ros2ws/install/turtlesim_msgs/include/turtlesim_msgs/turtlesim_msgs/msg/detail/pose__rosidl_typesupport_fastrtps_c.h\n'}
[2.064279] (turtlesim_msgs) StdoutLine: {'line': b'-- Up-to-date symlink: /home/public/ros2ws/install/turtlesim_msgs/include/turtlesim_msgs/turtlesim_msgs/msg/rosidl_typesupport_fastrtps_c__visibility_control.h\n'}
[2.065120] (turtlesim_msgs) StdoutLine: {'line': b'-- Up-to-date symlink: /home/public/ros2ws/install/turtlesim_msgs/include/turtlesim_msgs/turtlesim_msgs/srv/detail/kill__rosidl_typesupport_fastrtps_c.h\n'}
[2.065937] (turtlesim_msgs) StdoutLine: {'line': b'-- Up-to-date symlink: /home/public/ros2ws/install/turtlesim_msgs/include/turtlesim_msgs/turtlesim_msgs/srv/detail/set_pen__rosidl_typesupport_fastrtps_c.h\n'}
[2.066918] (turtlesim_msgs) StdoutLine: {'line': b'-- Up-to-date symlink: /home/public/ros2ws/install/turtlesim_msgs/include/turtlesim_msgs/turtlesim_msgs/srv/detail/spawn__rosidl_typesupport_fastrtps_c.h\n'}
[2.067890] (turtlesim_msgs) StdoutLine: {'line': b'-- Up-to-date symlink: /home/public/ros2ws/install/turtlesim_msgs/include/turtlesim_msgs/turtlesim_msgs/srv/detail/teleport_absolute__rosidl_typesupport_fastrtps_c.h\n'}
[2.068747] (turtlesim_msgs) StdoutLine: {'line': b'-- Up-to-date symlink: /home/public/ros2ws/install/turtlesim_msgs/include/turtlesim_msgs/turtlesim_msgs/srv/detail/teleport_relative__rosidl_typesupport_fastrtps_c.h\n'}
[2.070344] (turtlesim_msgs) StdoutLine: {'line': b'-- Up-to-date symlink: /home/public/ros2ws/install/turtlesim_msgs/include/turtlesim_msgs/turtlesim_msgs/action/detail/rotate_absolute__builder.hpp\n'}
[2.071166] (turtlesim_msgs) StdoutLine: {'line': b'-- Up-to-date symlink: /home/public/ros2ws/install/turtlesim_msgs/include/turtlesim_msgs/turtlesim_msgs/action/detail/rotate_absolute__struct.hpp\n'}
[2.072139] (turtlesim_msgs) StdoutLine: {'line': b'-- Up-to-date symlink: /home/public/ros2ws/install/turtlesim_msgs/include/turtlesim_msgs/turtlesim_msgs/action/detail/rotate_absolute__traits.hpp\n'}
[2.073119] (turtlesim_msgs) StdoutLine: {'line': b'-- Up-to-date symlink: /home/public/ros2ws/install/turtlesim_msgs/include/turtlesim_msgs/turtlesim_msgs/action/detail/rotate_absolute__type_support.hpp\n'}
[2.074107] (turtlesim_msgs) StdoutLine: {'line': b'-- Up-to-date symlink: /home/public/ros2ws/install/turtlesim_msgs/include/turtlesim_msgs/turtlesim_msgs/action/rotate_absolute.hpp\n'}
[2.074940] (turtlesim_msgs) StdoutLine: {'line': b'-- Up-to-date symlink: /home/public/ros2ws/install/turtlesim_msgs/include/turtlesim_msgs/turtlesim_msgs/msg/color.hpp\n'}
[2.075918] (turtlesim_msgs) StdoutLine: {'line': b'-- Up-to-date symlink: /home/public/ros2ws/install/turtlesim_msgs/include/turtlesim_msgs/turtlesim_msgs/msg/detail/color__builder.hpp\n'}
[2.076775] (turtlesim_msgs) StdoutLine: {'line': b'-- Up-to-date symlink: /home/public/ros2ws/install/turtlesim_msgs/include/turtlesim_msgs/turtlesim_msgs/msg/detail/color__struct.hpp\n'}
[2.077748] (turtlesim_msgs) StdoutLine: {'line': b'-- Up-to-date symlink: /home/public/ros2ws/install/turtlesim_msgs/include/turtlesim_msgs/turtlesim_msgs/msg/detail/color__traits.hpp\n'}
[2.078728] (turtlesim_msgs) StdoutLine: {'line': b'-- Up-to-date symlink: /home/public/ros2ws/install/turtlesim_msgs/include/turtlesim_msgs/turtlesim_msgs/msg/detail/color__type_support.hpp\n'}
[2.079713] (turtlesim_msgs) StdoutLine: {'line': b'-- Up-to-date symlink: /home/public/ros2ws/install/turtlesim_msgs/include/turtlesim_msgs/turtlesim_msgs/msg/detail/pose__builder.hpp\n'}
[2.080667] (turtlesim_msgs) StdoutLine: {'line': b'-- Up-to-date symlink: /home/public/ros2ws/install/turtlesim_msgs/include/turtlesim_msgs/turtlesim_msgs/msg/detail/pose__struct.hpp\n'}
[2.081648] (turtlesim_msgs) StdoutLine: {'line': b'-- Up-to-date symlink: /home/public/ros2ws/install/turtlesim_msgs/include/turtlesim_msgs/turtlesim_msgs/msg/detail/pose__traits.hpp\n'}
[2.082617] (turtlesim_msgs) StdoutLine: {'line': b'-- Up-to-date symlink: /home/public/ros2ws/install/turtlesim_msgs/include/turtlesim_msgs/turtlesim_msgs/msg/detail/pose__type_support.hpp\n'}
[2.083599] (turtlesim_msgs) StdoutLine: {'line': b'-- Up-to-date symlink: /home/public/ros2ws/install/turtlesim_msgs/include/turtlesim_msgs/turtlesim_msgs/msg/pose.hpp\n'}
[2.084435] (turtlesim_msgs) StdoutLine: {'line': b'-- Up-to-date symlink: /home/public/ros2ws/install/turtlesim_msgs/include/turtlesim_msgs/turtlesim_msgs/msg/rosidl_generator_cpp__visibility_control.hpp\n'}
[2.085430] (turtlesim_msgs) StdoutLine: {'line': b'-- Up-to-date symlink: /home/public/ros2ws/install/turtlesim_msgs/include/turtlesim_msgs/turtlesim_msgs/srv/detail/kill__builder.hpp\n'}
[2.086251] (turtlesim_msgs) StdoutLine: {'line': b'-- Up-to-date symlink: /home/public/ros2ws/install/turtlesim_msgs/include/turtlesim_msgs/turtlesim_msgs/srv/detail/kill__struct.hpp\n'}
[2.087215] (turtlesim_msgs) StdoutLine: {'line': b'-- Up-to-date symlink: /home/public/ros2ws/install/turtlesim_msgs/include/turtlesim_msgs/turtlesim_msgs/srv/detail/kill__traits.hpp\n'}
[2.088171] (turtlesim_msgs) StdoutLine: {'line': b'-- Up-to-date symlink: /home/public/ros2ws/install/turtlesim_msgs/include/turtlesim_msgs/turtlesim_msgs/srv/detail/kill__type_support.hpp\n'}
[2.089150] (turtlesim_msgs) StdoutLine: {'line': b'-- Up-to-date symlink: /home/public/ros2ws/install/turtlesim_msgs/include/turtlesim_msgs/turtlesim_msgs/srv/detail/set_pen__builder.hpp\n'}
[2.089976] (turtlesim_msgs) StdoutLine: {'line': b'-- Up-to-date symlink: /home/public/ros2ws/install/turtlesim_msgs/include/turtlesim_msgs/turtlesim_msgs/srv/detail/set_pen__struct.hpp\n'}
[2.090950] (turtlesim_msgs) StdoutLine: {'line': b'-- Up-to-date symlink: /home/public/ros2ws/install/turtlesim_msgs/include/turtlesim_msgs/turtlesim_msgs/srv/detail/set_pen__traits.hpp\n'}
[2.091920] (turtlesim_msgs) StdoutLine: {'line': b'-- Up-to-date symlink: /home/public/ros2ws/install/turtlesim_msgs/include/turtlesim_msgs/turtlesim_msgs/srv/detail/set_pen__type_support.hpp\n'}
[2.092881] (turtlesim_msgs) StdoutLine: {'line': b'-- Up-to-date symlink: /home/public/ros2ws/install/turtlesim_msgs/include/turtlesim_msgs/turtlesim_msgs/srv/detail/spawn__builder.hpp\n'}
[2.093836] (turtlesim_msgs) StdoutLine: {'line': b'-- Up-to-date symlink: /home/public/ros2ws/install/turtlesim_msgs/include/turtlesim_msgs/turtlesim_msgs/srv/detail/spawn__struct.hpp\n'}
[2.094809] (turtlesim_msgs) StdoutLine: {'line': b'-- Up-to-date symlink: /home/public/ros2ws/install/turtlesim_msgs/include/turtlesim_msgs/turtlesim_msgs/srv/detail/spawn__traits.hpp\n'}
[2.095795] (turtlesim_msgs) StdoutLine: {'line': b'-- Up-to-date symlink: /home/public/ros2ws/install/turtlesim_msgs/include/turtlesim_msgs/turtlesim_msgs/srv/detail/spawn__type_support.hpp\n'}
[2.096764] (turtlesim_msgs) StdoutLine: {'line': b'-- Up-to-date symlink: /home/public/ros2ws/install/turtlesim_msgs/include/turtlesim_msgs/turtlesim_msgs/srv/detail/teleport_absolute__builder.hpp\n'}
[2.097574] (turtlesim_msgs) StdoutLine: {'line': b'-- Up-to-date symlink: /home/public/ros2ws/install/turtlesim_msgs/include/turtlesim_msgs/turtlesim_msgs/srv/detail/teleport_absolute__struct.hpp\n'}
[2.098551] (turtlesim_msgs) StdoutLine: {'line': b'-- Up-to-date symlink: /home/public/ros2ws/install/turtlesim_msgs/include/turtlesim_msgs/turtlesim_msgs/srv/detail/teleport_absolute__traits.hpp\n'}
[2.099378] (turtlesim_msgs) StdoutLine: {'line': b'-- Up-to-date symlink: /home/public/ros2ws/install/turtlesim_msgs/include/turtlesim_msgs/turtlesim_msgs/srv/detail/teleport_absolute__type_support.hpp\n'}
[2.100367] (turtlesim_msgs) StdoutLine: {'line': b'-- Up-to-date symlink: /home/public/ros2ws/install/turtlesim_msgs/include/turtlesim_msgs/turtlesim_msgs/srv/detail/teleport_relative__builder.hpp\n'}
[2.101209] (turtlesim_msgs) StdoutLine: {'line': b'-- Up-to-date symlink: /home/public/ros2ws/install/turtlesim_msgs/include/turtlesim_msgs/turtlesim_msgs/srv/detail/teleport_relative__struct.hpp\n'}
[2.102071] (turtlesim_msgs) StdoutLine: {'line': b'-- Up-to-date symlink: /home/public/ros2ws/install/turtlesim_msgs/include/turtlesim_msgs/turtlesim_msgs/srv/detail/teleport_relative__traits.hpp\n'}
[2.102916] (turtlesim_msgs) StdoutLine: {'line': b'-- Up-to-date symlink: /home/public/ros2ws/install/turtlesim_msgs/include/turtlesim_msgs/turtlesim_msgs/srv/detail/teleport_relative__type_support.hpp\n'}
[2.103912] (turtlesim_msgs) StdoutLine: {'line': b'-- Up-to-date symlink: /home/public/ros2ws/install/turtlesim_msgs/include/turtlesim_msgs/turtlesim_msgs/srv/kill.hpp\n'}
[2.104760] (turtlesim_msgs) StdoutLine: {'line': b'-- Up-to-date symlink: /home/public/ros2ws/install/turtlesim_msgs/include/turtlesim_msgs/turtlesim_msgs/srv/set_pen.hpp\n'}
[2.105734] (turtlesim_msgs) StdoutLine: {'line': b'-- Up-to-date symlink: /home/public/ros2ws/install/turtlesim_msgs/include/turtlesim_msgs/turtlesim_msgs/srv/spawn.hpp\n'}
[2.106812] (turtlesim_msgs) StdoutLine: {'line': b'-- Up-to-date symlink: /home/public/ros2ws/install/turtlesim_msgs/include/turtlesim_msgs/turtlesim_msgs/srv/teleport_absolute.hpp\n'}
[2.107861] (turtlesim_msgs) StdoutLine: {'line': b'-- Up-to-date symlink: /home/public/ros2ws/install/turtlesim_msgs/include/turtlesim_msgs/turtlesim_msgs/srv/teleport_relative.hpp\n'}
[2.109433] (turtlesim_msgs) StdoutLine: {'line': b'-- Up-to-date symlink: /home/public/ros2ws/install/turtlesim_msgs/include/turtlesim_msgs/turtlesim_msgs/action/detail/rotate_absolute__rosidl_typesupport_fastrtps_cpp.hpp\n'}
[2.110409] (turtlesim_msgs) StdoutLine: {'line': b'-- Up-to-date symlink: /home/public/ros2ws/install/turtlesim_msgs/include/turtlesim_msgs/turtlesim_msgs/msg/detail/color__rosidl_typesupport_fastrtps_cpp.hpp\n'}
[2.111240] (turtlesim_msgs) StdoutLine: {'line': b'-- Up-to-date symlink: /home/public/ros2ws/install/turtlesim_msgs/include/turtlesim_msgs/turtlesim_msgs/msg/detail/pose__rosidl_typesupport_fastrtps_cpp.hpp\n'}
[2.112111] (-) TimerEvent: {}
[2.112303] (turtlesim_msgs) StdoutLine: {'line': b'-- Up-to-date symlink: /home/public/ros2ws/install/turtlesim_msgs/include/turtlesim_msgs/turtlesim_msgs/msg/rosidl_typesupport_fastrtps_cpp__visibility_control.h\n'}
[2.113227] (turtlesim_msgs) StdoutLine: {'line': b'-- Up-to-date symlink: /home/public/ros2ws/install/turtlesim_msgs/include/turtlesim_msgs/turtlesim_msgs/srv/detail/kill__rosidl_typesupport_fastrtps_cpp.hpp\n'}
[2.114063] (turtlesim_msgs) StdoutLine: {'line': b'-- Up-to-date symlink: /home/public/ros2ws/install/turtlesim_msgs/include/turtlesim_msgs/turtlesim_msgs/srv/detail/set_pen__rosidl_typesupport_fastrtps_cpp.hpp\n'}
[2.115056] (turtlesim_msgs) StdoutLine: {'line': b'-- Up-to-date symlink: /home/public/ros2ws/install/turtlesim_msgs/include/turtlesim_msgs/turtlesim_msgs/srv/detail/spawn__rosidl_typesupport_fastrtps_cpp.hpp\n'}
[2.116940] (turtlesim_msgs) StdoutLine: {'line': b'-- Up-to-date symlink: /home/public/ros2ws/install/turtlesim_msgs/include/turtlesim_msgs/turtlesim_msgs/srv/detail/teleport_absolute__rosidl_typesupport_fastrtps_cpp.hpp\n'}
[2.117273] (turtlesim_msgs) StdoutLine: {'line': b'-- Up-to-date symlink: /home/public/ros2ws/install/turtlesim_msgs/include/turtlesim_msgs/turtlesim_msgs/srv/detail/teleport_relative__rosidl_typesupport_fastrtps_cpp.hpp\n'}
[2.118790] (turtlesim_msgs) StdoutLine: {'line': b'-- Up-to-date symlink: /home/public/ros2ws/install/turtlesim_msgs/include/turtlesim_msgs/turtlesim_msgs/action/detail/rotate_absolute__rosidl_typesupport_introspection_c.h\n'}
[2.119565] (turtlesim_msgs) StdoutLine: {'line': b'-- Up-to-date symlink: /home/public/ros2ws/install/turtlesim_msgs/include/turtlesim_msgs/turtlesim_msgs/msg/detail/color__rosidl_typesupport_introspection_c.h\n'}
[2.120404] (turtlesim_msgs) StdoutLine: {'line': b'-- Up-to-date symlink: /home/public/ros2ws/install/turtlesim_msgs/include/turtlesim_msgs/turtlesim_msgs/msg/detail/pose__rosidl_typesupport_introspection_c.h\n'}
[2.121380] (turtlesim_msgs) StdoutLine: {'line': b'-- Up-to-date symlink: /home/public/ros2ws/install/turtlesim_msgs/include/turtlesim_msgs/turtlesim_msgs/msg/rosidl_typesupport_introspection_c__visibility_control.h\n'}
[2.122217] (turtlesim_msgs) StdoutLine: {'line': b'-- Up-to-date symlink: /home/public/ros2ws/install/turtlesim_msgs/include/turtlesim_msgs/turtlesim_msgs/srv/detail/kill__rosidl_typesupport_introspection_c.h\n'}
[2.123024] (turtlesim_msgs) StdoutLine: {'line': b'-- Up-to-date symlink: /home/public/ros2ws/install/turtlesim_msgs/include/turtlesim_msgs/turtlesim_msgs/srv/detail/set_pen__rosidl_typesupport_introspection_c.h\n'}
[2.124000] (turtlesim_msgs) StdoutLine: {'line': b'-- Up-to-date symlink: /home/public/ros2ws/install/turtlesim_msgs/include/turtlesim_msgs/turtlesim_msgs/srv/detail/spawn__rosidl_typesupport_introspection_c.h\n'}
[2.124993] (turtlesim_msgs) StdoutLine: {'line': b'-- Up-to-date symlink: /home/public/ros2ws/install/turtlesim_msgs/include/turtlesim_msgs/turtlesim_msgs/srv/detail/teleport_absolute__rosidl_typesupport_introspection_c.h\n'}
[2.125867] (turtlesim_msgs) StdoutLine: {'line': b'-- Up-to-date symlink: /home/public/ros2ws/install/turtlesim_msgs/include/turtlesim_msgs/turtlesim_msgs/srv/detail/teleport_relative__rosidl_typesupport_introspection_c.h\n'}
[2.127343] (turtlesim_msgs) StdoutLine: {'line': b'-- Up-to-date symlink: /home/public/ros2ws/install/turtlesim_msgs/include/turtlesim_msgs/turtlesim_msgs/action/detail/rotate_absolute__rosidl_typesupport_introspection_cpp.hpp\n'}
[2.128193] (turtlesim_msgs) StdoutLine: {'line': b'-- Up-to-date symlink: /home/public/ros2ws/install/turtlesim_msgs/include/turtlesim_msgs/turtlesim_msgs/msg/detail/color__rosidl_typesupport_introspection_cpp.hpp\n'}
[2.129168] (turtlesim_msgs) StdoutLine: {'line': b'-- Up-to-date symlink: /home/public/ros2ws/install/turtlesim_msgs/include/turtlesim_msgs/turtlesim_msgs/msg/detail/pose__rosidl_typesupport_introspection_cpp.hpp\n'}
[2.130216] (turtlesim_msgs) StdoutLine: {'line': b'-- Up-to-date symlink: /home/public/ros2ws/install/turtlesim_msgs/include/turtlesim_msgs/turtlesim_msgs/srv/detail/kill__rosidl_typesupport_introspection_cpp.hpp\n'}
[2.131560] (turtlesim_msgs) StdoutLine: {'line': b'-- Up-to-date symlink: /home/public/ros2ws/install/turtlesim_msgs/include/turtlesim_msgs/turtlesim_msgs/srv/detail/set_pen__rosidl_typesupport_introspection_cpp.hpp\n'}
[2.131910] (turtlesim_msgs) StdoutLine: {'line': b'-- Up-to-date symlink: /home/public/ros2ws/install/turtlesim_msgs/include/turtlesim_msgs/turtlesim_msgs/srv/detail/spawn__rosidl_typesupport_introspection_cpp.hpp\n'}
[2.132868] (turtlesim_msgs) StdoutLine: {'line': b'-- Up-to-date symlink: /home/public/ros2ws/install/turtlesim_msgs/include/turtlesim_msgs/turtlesim_msgs/srv/detail/teleport_absolute__rosidl_typesupport_introspection_cpp.hpp\n'}
[2.133813] (turtlesim_msgs) StdoutLine: {'line': b'-- Up-to-date symlink: /home/public/ros2ws/install/turtlesim_msgs/include/turtlesim_msgs/turtlesim_msgs/srv/detail/teleport_relative__rosidl_typesupport_introspection_cpp.hpp\n'}
[2.135750] (turtlesim_msgs) StdoutLine: {'line': b'-- Up-to-date symlink: /home/public/ros2ws/install/turtlesim_msgs/share/turtlesim_msgs/environment/pythonpath.sh\n'}
[2.137516] (turtlesim_msgs) StdoutLine: {'line': b'-- Up-to-date symlink: /home/public/ros2ws/install/turtlesim_msgs/share/turtlesim_msgs/environment/pythonpath.dsv\n'}
[2.143675] (turtlesim_msgs) StdoutLine: {'line': b'-- Up-to-date symlink: /home/public/ros2ws/install/turtlesim_msgs/lib/python3.14/site-packages/turtlesim_msgs/turtlesim_msgs_s__rosidl_typesupport_fastrtps_c.so\n'}
[2.145454] (turtlesim_msgs) StdoutLine: {'line': b'-- Up-to-date symlink: /home/public/ros2ws/install/turtlesim_msgs/lib/python3.14/site-packages/turtlesim_msgs/turtlesim_msgs_s__rosidl_typesupport_introspection_c.so\n'}
[2.147263] (turtlesim_msgs) StdoutLine: {'line': b'-- Up-to-date symlink: /home/public/ros2ws/install/turtlesim_msgs/lib/python3.14/site-packages/turtlesim_msgs/turtlesim_msgs_s__rosidl_typesupport_c.so\n'}
[2.151311] (turtlesim_msgs) StdoutLine: {'line': b'-- Up-to-date symlink: /home/public/ros2ws/install/turtlesim_msgs/share/ament_index/resource_index/rust_packages/turtlesim_msgs\n'}
[2.153441] (turtlesim_msgs) StdoutLine: {'line': b'-- Up-to-date symlink: /home/public/ros2ws/install/turtlesim_msgs/share/turtlesim_msgs/rust/Cargo.toml\n'}
[2.154392] (turtlesim_msgs) StdoutLine: {'line': b'-- Up-to-date symlink: /home/public/ros2ws/install/turtlesim_msgs/share/turtlesim_msgs/rust/build.rs\n'}
[2.156451] (turtlesim_msgs) StdoutLine: {'line': b'-- Up-to-date symlink: /home/public/ros2ws/install/turtlesim_msgs/share/turtlesim_msgs/rust/src/action.rs\n'}
[2.158386] (turtlesim_msgs) StdoutLine: {'line': b'-- Up-to-date symlink: /home/public/ros2ws/install/turtlesim_msgs/share/turtlesim_msgs/rust/src/action/rmw.rs\n'}
[2.159251] (turtlesim_msgs) StdoutLine: {'line': b'-- Up-to-date symlink: /home/public/ros2ws/install/turtlesim_msgs/share/turtlesim_msgs/rust/src/lib.rs\n'}
[2.160226] (turtlesim_msgs) StdoutLine: {'line': b'-- Up-to-date symlink: /home/public/ros2ws/install/turtlesim_msgs/share/turtlesim_msgs/rust/src/msg.rs\n'}
[2.162041] (turtlesim_msgs) StdoutLine: {'line': b'-- Up-to-date symlink: /home/public/ros2ws/install/turtlesim_msgs/share/turtlesim_msgs/rust/src/msg/rmw.rs\n'}
[2.163015] (turtlesim_msgs) StdoutLine: {'line': b'-- Up-to-date symlink: /home/public/ros2ws/install/turtlesim_msgs/share/turtlesim_msgs/rust/src/srv.rs\n'}
[2.164954] (turtlesim_msgs) StdoutLine: {'line': b'-- Up-to-date symlink: /home/public/ros2ws/install/turtlesim_msgs/share/turtlesim_msgs/rust/src/srv/rmw.rs\n'}
[2.169981] (turtlesim_msgs) StdoutLine: {'line': b'-- Up-to-date symlink: /home/public/ros2ws/install/turtlesim_msgs/share/turtlesim_msgs/action/RotateAbsolute.idl\n'}
[2.172778] (turtlesim_msgs) StdoutLine: {'line': b'-- Up-to-date symlink: /home/public/ros2ws/install/turtlesim_msgs/share/turtlesim_msgs/msg/Color.idl\n'}
[2.174734] (turtlesim_msgs) StdoutLine: {'line': b'-- Up-to-date symlink: /home/public/ros2ws/install/turtlesim_msgs/share/turtlesim_msgs/msg/Pose.idl\n'}
[2.177534] (turtlesim_msgs) StdoutLine: {'line': b'-- Up-to-date symlink: /home/public/ros2ws/install/turtlesim_msgs/share/turtlesim_msgs/srv/Kill.idl\n'}
[2.179217] (turtlesim_msgs) StdoutLine: {'line': b'-- Up-to-date symlink: /home/public/ros2ws/install/turtlesim_msgs/share/turtlesim_msgs/srv/SetPen.idl\n'}
[2.181012] (turtlesim_msgs) StdoutLine: {'line': b'-- Up-to-date symlink: /home/public/ros2ws/install/turtlesim_msgs/share/turtlesim_msgs/srv/Spawn.idl\n'}
[2.182836] (turtlesim_msgs) StdoutLine: {'line': b'-- Up-to-date symlink: /home/public/ros2ws/install/turtlesim_msgs/share/turtlesim_msgs/srv/TeleportAbsolute.idl\n'}
[2.184784] (turtlesim_msgs) StdoutLine: {'line': b'-- Up-to-date symlink: /home/public/ros2ws/install/turtlesim_msgs/share/turtlesim_msgs/srv/TeleportRelative.idl\n'}
[2.186737] (turtlesim_msgs) StdoutLine: {'line': b'-- Up-to-date symlink: /home/public/ros2ws/install/turtlesim_msgs/share/turtlesim_msgs/action/RotateAbsolute.action\n'}
[2.188673] (turtlesim_msgs) StdoutLine: {'line': b'-- Up-to-date symlink: /home/public/ros2ws/install/turtlesim_msgs/share/turtlesim_msgs/msg/Color.msg\n'}
[2.190502] (turtlesim_msgs) StdoutLine: {'line': b'-- Up-to-date symlink: /home/public/ros2ws/install/turtlesim_msgs/share/turtlesim_msgs/msg/Pose.msg\n'}
[2.192308] (turtlesim_msgs) StdoutLine: {'line': b'-- Up-to-date symlink: /home/public/ros2ws/install/turtlesim_msgs/share/turtlesim_msgs/srv/Kill.srv\n'}
[2.194100] (turtlesim_msgs) StdoutLine: {'line': b'-- Up-to-date symlink: /home/public/ros2ws/install/turtlesim_msgs/share/turtlesim_msgs/srv/SetPen.srv\n'}
[2.195888] (turtlesim_msgs) StdoutLine: {'line': b'-- Up-to-date symlink: /home/public/ros2ws/install/turtlesim_msgs/share/turtlesim_msgs/srv/Spawn.srv\n'}
[2.197694] (turtlesim_msgs) StdoutLine: {'line': b'-- Up-to-date symlink: /home/public/ros2ws/install/turtlesim_msgs/share/turtlesim_msgs/srv/TeleportAbsolute.srv\n'}
[2.199493] (turtlesim_msgs) StdoutLine: {'line': b'-- Up-to-date symlink: /home/public/ros2ws/install/turtlesim_msgs/share/turtlesim_msgs/srv/TeleportRelative.srv\n'}
[2.203549] (turtlesim_msgs) StdoutLine: {'line': b'-- Up-to-date symlink: /home/public/ros2ws/install/turtlesim_msgs/share/ament_index/resource_index/package_run_dependencies/turtlesim_msgs\n'}
[2.207415] (turtlesim_msgs) StdoutLine: {'line': b'-- Up-to-date symlink: /home/public/ros2ws/install/turtlesim_msgs/share/ament_index/resource_index/parent_prefix_path/turtlesim_msgs\n'}
[2.209201] (turtlesim_msgs) StdoutLine: {'line': b'-- Up-to-date symlink: /home/public/ros2ws/install/turtlesim_msgs/share/turtlesim_msgs/environment/ament_prefix_path.sh\n'}
[2.211004] (turtlesim_msgs) StdoutLine: {'line': b'-- Up-to-date symlink: /home/public/ros2ws/install/turtlesim_msgs/share/turtlesim_msgs/environment/ament_prefix_path.dsv\n'}
[2.212185] (-) TimerEvent: {}
[2.212964] (turtlesim_msgs) StdoutLine: {'line': b'-- Up-to-date symlink: /home/public/ros2ws/install/turtlesim_msgs/share/turtlesim_msgs/environment/path.sh\n'}
[2.215134] (turtlesim_msgs) StdoutLine: {'line': b'-- Up-to-date symlink: /home/public/ros2ws/install/turtlesim_msgs/share/turtlesim_msgs/environment/path.dsv\n'}
[2.217071] (turtlesim_msgs) StdoutLine: {'line': b'-- Up-to-date symlink: /home/public/ros2ws/install/turtlesim_msgs/share/turtlesim_msgs/local_setup.bash\n'}
[2.218890] (turtlesim_msgs) StdoutLine: {'line': b'-- Up-to-date symlink: /home/public/ros2ws/install/turtlesim_msgs/share/turtlesim_msgs/local_setup.fish\n'}
[2.220856] (turtlesim_msgs) StdoutLine: {'line': b'-- Up-to-date symlink: /home/public/ros2ws/install/turtlesim_msgs/share/turtlesim_msgs/local_setup.sh\n'}
[2.222750] (turtlesim_msgs) StdoutLine: {'line': b'-- Up-to-date symlink: /home/public/ros2ws/install/turtlesim_msgs/share/turtlesim_msgs/local_setup.zsh\n'}
[2.224558] (turtlesim_msgs) StdoutLine: {'line': b'-- Up-to-date symlink: /home/public/ros2ws/install/turtlesim_msgs/share/turtlesim_msgs/local_setup.dsv\n'}
[2.225537] (turtlesim_msgs) StdoutLine: {'line': b'-- Symlinking: /home/public/ros2ws/install/turtlesim_msgs/share/turtlesim_msgs/package.dsv\n'}
[2.242317] (turtlesim_msgs) StdoutLine: {'line': b'-- Up-to-date symlink: /home/public/ros2ws/install/turtlesim_msgs/share/ament_index/resource_index/packages/turtlesim_msgs\n'}
[2.244204] (turtlesim_msgs) StdoutLine: {'line': b'-- Up-to-date symlink: /home/public/ros2ws/install/turtlesim_msgs/lib/python3.14/site-packages/turtlesim_msgs-1.10.9-py3.14.egg-info/PKG-INFO\n'}
[2.245026] (turtlesim_msgs) StdoutLine: {'line': b'-- Up-to-date symlink: /home/public/ros2ws/install/turtlesim_msgs/lib/python3.14/site-packages/turtlesim_msgs-1.10.9-py3.14.egg-info/SOURCES.txt\n'}
[2.245994] (turtlesim_msgs) StdoutLine: {'line': b'-- Up-to-date symlink: /home/public/ros2ws/install/turtlesim_msgs/lib/python3.14/site-packages/turtlesim_msgs-1.10.9-py3.14.egg-info/dependency_links.txt\n'}
[2.246953] (turtlesim_msgs) StdoutLine: {'line': b'-- Up-to-date symlink: /home/public/ros2ws/install/turtlesim_msgs/lib/python3.14/site-packages/turtlesim_msgs-1.10.9-py3.14.egg-info/top_level.txt\n'}
[2.248990] (turtlesim_msgs) StdoutLine: {'line': b'-- Up-to-date symlink: /home/public/ros2ws/install/turtlesim_msgs/lib/python3.14/site-packages/turtlesim_msgs/__init__.py\n'}
[2.249945] (turtlesim_msgs) StdoutLine: {'line': b'-- Up-to-date symlink: /home/public/ros2ws/install/turtlesim_msgs/lib/python3.14/site-packages/turtlesim_msgs/_turtlesim_msgs_s.ep.rosidl_typesupport_c.c\n'}
[2.250819] (turtlesim_msgs) StdoutLine: {'line': b'-- Up-to-date symlink: /home/public/ros2ws/install/turtlesim_msgs/lib/python3.14/site-packages/turtlesim_msgs/_turtlesim_msgs_s.ep.rosidl_typesupport_fastrtps_c.c\n'}
[2.251743] (turtlesim_msgs) StdoutLine: {'line': b'-- Up-to-date symlink: /home/public/ros2ws/install/turtlesim_msgs/lib/python3.14/site-packages/turtlesim_msgs/_turtlesim_msgs_s.ep.rosidl_typesupport_introspection_c.c\n'}
[2.253690] (turtlesim_msgs) StdoutLine: {'line': b'-- Up-to-date symlink: /home/public/ros2ws/install/turtlesim_msgs/lib/python3.14/site-packages/turtlesim_msgs/action/__init__.py\n'}
[2.254503] (turtlesim_msgs) StdoutLine: {'line': b'-- Up-to-date symlink: /home/public/ros2ws/install/turtlesim_msgs/lib/python3.14/site-packages/turtlesim_msgs/action/_rotate_absolute.py\n'}
[2.255339] (turtlesim_msgs) StdoutLine: {'line': b'-- Up-to-date symlink: /home/public/ros2ws/install/turtlesim_msgs/lib/python3.14/site-packages/turtlesim_msgs/action/_rotate_absolute_s.c\n'}
[2.257174] (turtlesim_msgs) StdoutLine: {'line': b'-- Up-to-date symlink: /home/public/ros2ws/install/turtlesim_msgs/lib/python3.14/site-packages/turtlesim_msgs/msg/__init__.py\n'}
[2.258136] (turtlesim_msgs) StdoutLine: {'line': b'-- Up-to-date symlink: /home/public/ros2ws/install/turtlesim_msgs/lib/python3.14/site-packages/turtlesim_msgs/msg/_color.py\n'}
[2.258971] (turtlesim_msgs) StdoutLine: {'line': b'-- Up-to-date symlink: /home/public/ros2ws/install/turtlesim_msgs/lib/python3.14/site-packages/turtlesim_msgs/msg/_color_s.c\n'}
[2.259838] (turtlesim_msgs) StdoutLine: {'line': b'-- Up-to-date symlink: /home/public/ros2ws/install/turtlesim_msgs/lib/python3.14/site-packages/turtlesim_msgs/msg/_pose.py\n'}
[2.260692] (turtlesim_msgs) StdoutLine: {'line': b'-- Up-to-date symlink: /home/public/ros2ws/install/turtlesim_msgs/lib/python3.14/site-packages/turtlesim_msgs/msg/_pose_s.c\n'}
[2.261521] (turtlesim_msgs) StdoutLine: {'line': b'-- Up-to-date symlink: /home/public/ros2ws/install/turtlesim_msgs/lib/python3.14/site-packages/turtlesim_msgs/py.typed\n'}
[2.263486] (turtlesim_msgs) StdoutLine: {'line': b'-- Up-to-date symlink: /home/public/ros2ws/install/turtlesim_msgs/lib/python3.14/site-packages/turtlesim_msgs/srv/__init__.py\n'}
[2.264332] (turtlesim_msgs) StdoutLine: {'line': b'-- Up-to-date symlink: /home/public/ros2ws/install/turtlesim_msgs/lib/python3.14/site-packages/turtlesim_msgs/srv/_kill.py\n'}
[2.265193] (turtlesim_msgs) StdoutLine: {'line': b'-- Up-to-date symlink: /home/public/ros2ws/install/turtlesim_msgs/lib/python3.14/site-packages/turtlesim_msgs/srv/_kill_s.c\n'}
[2.266158] (turtlesim_msgs) StdoutLine: {'line': b'-- Up-to-date symlink: /home/public/ros2ws/install/turtlesim_msgs/lib/python3.14/site-packages/turtlesim_msgs/srv/_set_pen.py\n'}
[2.267117] (turtlesim_msgs) StdoutLine: {'line': b'-- Up-to-date symlink: /home/public/ros2ws/install/turtlesim_msgs/lib/python3.14/site-packages/turtlesim_msgs/srv/_set_pen_s.c\n'}
[2.268103] (turtlesim_msgs) StdoutLine: {'line': b'-- Up-to-date symlink: /home/public/ros2ws/install/turtlesim_msgs/lib/python3.14/site-packages/turtlesim_msgs/srv/_spawn.py\n'}
[2.268914] (turtlesim_msgs) StdoutLine: {'line': b'-- Up-to-date symlink: /home/public/ros2ws/install/turtlesim_msgs/lib/python3.14/site-packages/turtlesim_msgs/srv/_spawn_s.c\n'}
[2.269758] (turtlesim_msgs) StdoutLine: {'line': b'-- Up-to-date symlink: /home/public/ros2ws/install/turtlesim_msgs/lib/python3.14/site-packages/turtlesim_msgs/srv/_teleport_absolute.py\n'}
[2.270705] (turtlesim_msgs) StdoutLine: {'line': b'-- Up-to-date symlink: /home/public/ros2ws/install/turtlesim_msgs/lib/python3.14/site-packages/turtlesim_msgs/srv/_teleport_absolute_s.c\n'}
[2.271687] (turtlesim_msgs) StdoutLine: {'line': b'-- Up-to-date symlink: /home/public/ros2ws/install/turtlesim_msgs/lib/python3.14/site-packages/turtlesim_msgs/srv/_teleport_relative.py\n'}
[2.272654] (turtlesim_msgs) StdoutLine: {'line': b'-- Up-to-date symlink: /home/public/ros2ws/install/turtlesim_msgs/lib/python3.14/site-packages/turtlesim_msgs/srv/_teleport_relative_s.c\n'}
[2.272817] (turtlesim_msgs) StdoutLine: {'line': b'-- Up-to-date symlink: /home/public/ros2ws/install/turtlesim_msgs/lib/python3.14/site-packages/turtlesim_msgs/turtlesim_msgs_s__rosidl_typesupport_c.so\n'}
[2.272936] (turtlesim_msgs) StdoutLine: {'line': b'-- Up-to-date symlink: /home/public/ros2ws/install/turtlesim_msgs/lib/python3.14/site-packages/turtlesim_msgs/turtlesim_msgs_s__rosidl_typesupport_fastrtps_c.so\n'}
[2.273038] (turtlesim_msgs) StdoutLine: {'line': b'-- Up-to-date symlink: /home/public/ros2ws/install/turtlesim_msgs/lib/python3.14/site-packages/turtlesim_msgs/turtlesim_msgs_s__rosidl_typesupport_introspection_c.so\n'}
[2.276420] (turtlesim_msgs) StdoutLine: {'line': b'-- Up-to-date symlink: /home/public/ros2ws/install/turtlesim_msgs/share/turtlesim_msgs/cmake/rosidl_cmake-extras.cmake\n'}
[2.279026] (turtlesim_msgs) StdoutLine: {'line': b'-- Up-to-date symlink: /home/public/ros2ws/install/turtlesim_msgs/share/turtlesim_msgs/cmake/ament_cmake_export_dependencies-extras.cmake\n'}
[2.281707] (turtlesim_msgs) StdoutLine: {'line': b'-- Up-to-date symlink: /home/public/ros2ws/install/turtlesim_msgs/share/turtlesim_msgs/cmake/ament_cmake_export_include_directories-extras.cmake\n'}
[2.284448] (turtlesim_msgs) StdoutLine: {'line': b'-- Up-to-date symlink: /home/public/ros2ws/install/turtlesim_msgs/share/turtlesim_msgs/cmake/ament_cmake_export_libraries-extras.cmake\n'}
[2.287076] (turtlesim_msgs) StdoutLine: {'line': b'-- Up-to-date symlink: /home/public/ros2ws/install/turtlesim_msgs/share/turtlesim_msgs/cmake/ament_cmake_export_targets-extras.cmake\n'}
[2.288881] (turtlesim_msgs) StdoutLine: {'line': b'-- Up-to-date symlink: /home/public/ros2ws/install/turtlesim_msgs/share/turtlesim_msgs/cmake/rosidl_cmake_export_typesupport_targets-extras.cmake\n'}
[2.290568] (turtlesim_msgs) StdoutLine: {'line': b'-- Up-to-date symlink: /home/public/ros2ws/install/turtlesim_msgs/share/turtlesim_msgs/cmake/rosidl_cmake_export_typesupport_libraries-extras.cmake\n'}
[2.294798] (turtlesim_msgs) StdoutLine: {'line': b'-- Up-to-date symlink: /home/public/ros2ws/install/turtlesim_msgs/share/turtlesim_msgs/cmake/rosidl_cmake_aggregate_target-extras.cmake\n'}
[2.297418] (turtlesim_msgs) StdoutLine: {'line': b'-- Up-to-date symlink: /home/public/ros2ws/install/turtlesim_msgs/share/turtlesim_msgs/cmake/turtlesim_msgsConfig.cmake\n'}
[2.298246] (turtlesim_msgs) StdoutLine: {'line': b'-- Up-to-date symlink: /home/public/ros2ws/install/turtlesim_msgs/share/turtlesim_msgs/cmake/turtlesim_msgsConfig-version.cmake\n'}
[2.302564] (turtlesim_msgs) StdoutLine: {'line': b'-- Up-to-date symlink: /home/public/ros2ws/install/turtlesim_msgs/share/turtlesim_msgs/package.xml\n'}
[2.305989] (turtlesim_msgs) StdoutLine: {'line': b'-- Up-to-date: /home/public/ros2ws/install/turtlesim_msgs/lib/libturtlesim_msgs__rosidl_generator_c.so\n'}
[2.309151] (turtlesim_msgs) StdoutLine: {'line': b'-- Up-to-date: /home/public/ros2ws/install/turtlesim_msgs/lib/libturtlesim_msgs__rosidl_typesupport_fastrtps_c.so\n'}
[2.311907] (turtlesim_msgs) StdoutLine: {'line': b'-- Up-to-date: /home/public/ros2ws/install/turtlesim_msgs/lib/libturtlesim_msgs__rosidl_typesupport_fastrtps_cpp.so\n'}
[2.312261] (-) TimerEvent: {}
[2.315232] (turtlesim_msgs) StdoutLine: {'line': b'-- Up-to-date: /home/public/ros2ws/install/turtlesim_msgs/lib/libturtlesim_msgs__rosidl_typesupport_introspection_c.so\n'}
[2.319619] (turtlesim_msgs) StdoutLine: {'line': b'-- Up-to-date: /home/public/ros2ws/install/turtlesim_msgs/lib/libturtlesim_msgs__rosidl_typesupport_c.so\n'}
[2.322702] (turtlesim_msgs) StdoutLine: {'line': b'-- Up-to-date: /home/public/ros2ws/install/turtlesim_msgs/lib/libturtlesim_msgs__rosidl_typesupport_introspection_cpp.so\n'}
[2.325479] (turtlesim_msgs) StdoutLine: {'line': b'-- Up-to-date: /home/public/ros2ws/install/turtlesim_msgs/lib/libturtlesim_msgs__rosidl_typesupport_cpp.so\n'}
[2.328793] (turtlesim_msgs) StdoutLine: {'line': b'-- Up-to-date: /home/public/ros2ws/install/turtlesim_msgs/lib/libturtlesim_msgs__rosidl_generator_py.so\n'}
[2.334299] (turtlesim_msgs) StdoutLine: {'line': b'-- Up-to-date: /home/public/ros2ws/install/turtlesim_msgs/share/turtlesim_msgs/cmake/export_turtlesim_msgs__rosidl_generator_cExport.cmake\n'}
[2.334657] (turtlesim_msgs) StdoutLine: {'line': b'-- Up-to-date: /home/public/ros2ws/install/turtlesim_msgs/share/turtlesim_msgs/cmake/export_turtlesim_msgs__rosidl_generator_cExport-noconfig.cmake\n'}
[2.336103] (turtlesim_msgs) StdoutLine: {'line': b'-- Up-to-date: /home/public/ros2ws/install/turtlesim_msgs/share/turtlesim_msgs/cmake/export_turtlesim_msgs__rosidl_typesupport_fastrtps_cExport.cmake\n'}
[2.336315] (turtlesim_msgs) StdoutLine: {'line': b'-- Up-to-date: /home/public/ros2ws/install/turtlesim_msgs/share/turtlesim_msgs/cmake/export_turtlesim_msgs__rosidl_typesupport_fastrtps_cExport-noconfig.cmake\n'}
[2.338603] (turtlesim_msgs) StdoutLine: {'line': b'-- Up-to-date: /home/public/ros2ws/install/turtlesim_msgs/share/turtlesim_msgs/cmake/export_turtlesim_msgs__rosidl_generator_cppExport.cmake\n'}
[2.340708] (turtlesim_msgs) StdoutLine: {'line': b'-- Up-to-date: /home/public/ros2ws/install/turtlesim_msgs/share/turtlesim_msgs/cmake/export_turtlesim_msgs__rosidl_typesupport_fastrtps_cppExport.cmake\n'}
[2.340904] (turtlesim_msgs) StdoutLine: {'line': b'-- Up-to-date: /home/public/ros2ws/install/turtlesim_msgs/share/turtlesim_msgs/cmake/export_turtlesim_msgs__rosidl_typesupport_fastrtps_cppExport-noconfig.cmake\n'}
[2.343178] (turtlesim_msgs) StdoutLine: {'line': b'-- Up-to-date: /home/public/ros2ws/install/turtlesim_msgs/share/turtlesim_msgs/cmake/turtlesim_msgs__rosidl_typesupport_introspection_cExport.cmake\n'}
[2.343410] (turtlesim_msgs) StdoutLine: {'line': b'-- Up-to-date: /home/public/ros2ws/install/turtlesim_msgs/share/turtlesim_msgs/cmake/turtlesim_msgs__rosidl_typesupport_introspection_cExport-noconfig.cmake\n'}
[2.345002] (turtlesim_msgs) StdoutLine: {'line': b'-- Up-to-date: /home/public/ros2ws/install/turtlesim_msgs/share/turtlesim_msgs/cmake/turtlesim_msgs__rosidl_typesupport_cExport.cmake\n'}
[2.345199] (turtlesim_msgs) StdoutLine: {'line': b'-- Up-to-date: /home/public/ros2ws/install/turtlesim_msgs/share/turtlesim_msgs/cmake/turtlesim_msgs__rosidl_typesupport_cExport-noconfig.cmake\n'}
[2.347363] (turtlesim_msgs) StdoutLine: {'line': b'-- Up-to-date: /home/public/ros2ws/install/turtlesim_msgs/share/turtlesim_msgs/cmake/turtlesim_msgs__rosidl_typesupport_introspection_cppExport.cmake\n'}
[2.347590] (turtlesim_msgs) StdoutLine: {'line': b'-- Up-to-date: /home/public/ros2ws/install/turtlesim_msgs/share/turtlesim_msgs/cmake/turtlesim_msgs__rosidl_typesupport_introspection_cppExport-noconfig.cmake\n'}
[2.349401] (turtlesim_msgs) StdoutLine: {'line': b'-- Up-to-date: /home/public/ros2ws/install/turtlesim_msgs/share/turtlesim_msgs/cmake/turtlesim_msgs__rosidl_typesupport_cppExport.cmake\n'}
[2.349593] (turtlesim_msgs) StdoutLine: {'line': b'-- Up-to-date: /home/public/ros2ws/install/turtlesim_msgs/share/turtlesim_msgs/cmake/turtlesim_msgs__rosidl_typesupport_cppExport-noconfig.cmake\n'}
[2.351645] (turtlesim_msgs) StdoutLine: {'line': b'-- Up-to-date: /home/public/ros2ws/install/turtlesim_msgs/share/turtlesim_msgs/cmake/export_turtlesim_msgs__rosidl_generator_pyExport.cmake\n'}
[2.351896] (turtlesim_msgs) StdoutLine: {'line': b'-- Up-to-date: /home/public/ros2ws/install/turtlesim_msgs/share/turtlesim_msgs/cmake/export_turtlesim_msgs__rosidl_generator_pyExport-noconfig.cmake\n'}
[2.412469] (-) TimerEvent: {}
[2.463424] (turtlesim_msgs) StdoutLine: {'line': b"Listing '/home/public/ros2ws/install/turtlesim_msgs/lib/python3.14/site-packages/turtlesim_msgs'...\n"}
[2.463801] (turtlesim_msgs) StdoutLine: {'line': b"Listing '/home/public/ros2ws/install/turtlesim_msgs/lib/python3.14/site-packages/turtlesim_msgs/action'...\n"}
[2.463990] (turtlesim_msgs) StdoutLine: {'line': b"Listing '/home/public/ros2ws/install/turtlesim_msgs/lib/python3.14/site-packages/turtlesim_msgs/msg'...\n"}
[2.464107] (turtlesim_msgs) StdoutLine: {'line': b"Listing '/home/public/ros2ws/install/turtlesim_msgs/lib/python3.14/site-packages/turtlesim_msgs/srv'...\n"}
[2.496341] (turtlesim_msgs) CommandEnded: {'returncode': 0}
[2.512682] (-) TimerEvent: {}
[2.613013] (-) TimerEvent: {}
[2.713351] (-) TimerEvent: {}
[2.802711] (turtlesim_msgs) JobEnded: {'identifier': 'turtlesim_msgs', 'rc': 0}
[2.806246] (turtlesim) JobStarted: {'identifier': 'turtlesim'}
[2.815774] (-) TimerEvent: {}
[2.845855] (turtlesim) JobProgress: {'identifier': 'turtlesim', 'progress': 'cmake'}
[2.853870] (turtlesim) JobProgress: {'identifier': 'turtlesim', 'progress': 'build'}
[2.853951] (turtlesim) Command: {'cmd': ['/usr/bin/cmake', '--build', '/home/public/MSE112_MPi5_Hiwonder_ROS2/ros2ws/build/turtlesim', '--', '-j4', '-l4'], 'cwd': '/home/public/MSE112_MPi5_Hiwonder_ROS2/ros2ws/build/turtlesim', 'env': OrderedDict({'LESSOPEN': '| /usr/bin/lesspipe %s', 'LANGUAGE': 'en', 'USER': 'admin', 'LC_TIME': 'C.UTF-8', 'XDG_SESSION_TYPE': 'wayland', 'PTYXIS_VERSION': '50.1', 'SHLVL': '1', 'LD_LIBRARY_PATH': '/home/public/ros2ws/install/turtlesim_msgs/lib:/home/public/MSE112_MPi5_Hiwonder_ROS2/ros2ws/install/turtlesim_msgs/lib:/opt/ros/lyrical/opt/gz_math_vendor/lib:/opt/ros/lyrical/opt/gz_utils_vendor/lib:/opt/ros/lyrical/opt/rviz_ogre_vendor/lib:/opt/ros/lyrical/lib/aarch64-linux-gnu:/opt/ros/lyrical/opt/gz_cmake_vendor/lib:/opt/ros/lyrical/lib', 'HOME': '/home/admin', 'OLDPWD': '/home/public/MSE112_MPi5_Hiwonder_ROS2', 'DESKTOP_SESSION': 'ubuntu', 'IM_CONFIG_ENTRY': 'profile', 'ROS_PYTHON_VERSION': '3', 'GTK_MODULES': 'gail:atk-bridge', 'LC_MONETARY': 'C.UTF-8', 'MANAGERPID': '3073', 'DBUS_STARTER_BUS_TYPE': 'session', 'SYSTEMD_EXEC_PID': '3103', 'DBUS_SESSION_BUS_ADDRESS': 'unix:path=/run/user/1000/bus,guid=a6ae6f848a62440a423e515169dfd9f7', 'COLORTERM': 'truecolor', 'DEBUGINFOD_URLS': 'https://debuginfod.ubuntu.com', 'WAYLAND_DISPLAY': 'wayland-0', 'ROS_DISTRO': 'lyrical', 'LOGNAME': 'admin', 'MANAGERPIDFDID': '4951', '_': '/usr/bin/colcon', 'ROS_VERSION': '2', 'MEMORY_PRESSURE_WATCH': '/sys/fs/cgroup/user.slice/user-1000.slice/user@1000.service/session.slice/dbus.service/memory.pressure', 'XDG_SESSION_CLASS': 'user', 'USERNAME': 'admin', 'TERM': 'xterm-256color', 'GNOME_DESKTOP_SESSION_ID': 'this-is-deprecated', 'FLATPAK_TTY_PROGRESS': '1', 'PATH': '/opt/ros/lyrical/bin:/usr/local/sbin:/usr/local/bin:/usr/sbin:/usr/bin:/sbin:/bin:/usr/games:/usr/local/games:/snap/bin:/snap/bin', 'INVOCATION_ID': 'e77d9c8c0e604ffb8485e35b168d0638', 'PAPERSIZE': 'a4', 'XDG_MENU_PREFIX': 'gnome-', 'PTYXIS_PROFILE': '46b325db7867804b9a1cc0046a1f6a7b', 'LC_ADDRESS': 'C.UTF-8', 'GNOME_SETUP_DISPLAY': 'unix:/tmp/.X11-unix/X1', 'XDG_RUNTIME_DIR': '/run/user/1000', 'DISPLAY': ':0', 'LANG': 'en_US.UTF-8', 'XDG_CURRENT_DESKTOP': 'ubuntu:GNOME', 'LC_TELEPHONE': 'C.UTF-8', 'XMODIFIERS': '@im=ibus', 'XDG_SESSION_DESKTOP': 'ubuntu', 'XAUTHORITY': '/run/user/1000/.mutter-Xwaylandauth.0PXSN3', 'LS_COLORS': 'rs=0:di=01;34:ln=01;36:mh=00:pi=40;33:so=01;35:do=01;35:bd=40;33;01:cd=40;33;01:or=40;31;01:mi=00:su=37;41:sg=30;43:ca=00:tw=30;42:ow=34;42:st=37;44:ex=01;32:*.tar=01;31:*.tgz=01;31:*.arc=01;31:*.arj=01;31:*.taz=01;31:*.lha=01;31:*.lz4=01;31:*.lzh=01;31:*.lzma=01;31:*.tlz=01;31:*.txz=01;31:*.tzo=01;31:*.t7z=01;31:*.zip=01;31:*.z=01;31:*.dz=01;31:*.gz=01;31:*.lrz=01;31:*.lz=01;31:*.lzo=01;31:*.xz=01;31:*.zst=01;31:*.tzst=01;31:*.bz2=01;31:*.bz=01;31:*.tbz=01;31:*.tbz2=01;31:*.tz=01;31:*.deb=01;31:*.rpm=01;31:*.jar=01;31:*.war=01;31:*.ear=01;31:*.sar=01;31:*.rar=01;31:*.alz=01;31:*.ace=01;31:*.zoo=01;31:*.cpio=01;31:*.7z=01;31:*.rz=01;31:*.cab=01;31:*.wim=01;31:*.swm=01;31:*.dwm=01;31:*.esd=01;31:*.avif=01;35:*.jpg=01;35:*.jpeg=01;35:*.mjpg=01;35:*.mjpeg=01;35:*.gif=01;35:*.bmp=01;35:*.pbm=01;35:*.pgm=01;35:*.ppm=01;35:*.tga=01;35:*.xbm=01;35:*.xpm=01;35:*.tif=01;35:*.tiff=01;35:*.png=01;35:*.svg=01;35:*.svgz=01;35:*.mng=01;35:*.pcx=01;35:*.mov=01;35:*.mpg=01;35:*.mpeg=01;35:*.m2v=01;35:*.mkv=01;35:*.webm=01;35:*.webp=01;35:*.ogm=01;35:*.mp4=01;35:*.m4v=01;35:*.mp4v=01;35:*.vob=01;35:*.qt=01;35:*.nuv=01;35:*.wmv=01;35:*.asf=01;35:*.rm=01;35:*.rmvb=01;35:*.flc=01;35:*.avi=01;35:*.fli=01;35:*.flv=01;35:*.gl=01;35:*.dl=01;35:*.xcf=01;35:*.xwd=01;35:*.yuv=01;35:*.cgm=01;35:*.emf=01;35:*.ogv=01;35:*.ogx=01;35:*.aac=00;36:*.au=00;36:*.flac=00;36:*.m4a=00;36:*.mid=00;36:*.midi=00;36:*.mka=00;36:*.mp3=00;36:*.mpc=00;36:*.ogg=00;36:*.ra=00;36:*.wav=00;36:*.oga=00;36:*.opus=00;36:*.spx=00;36:*.xspf=00;36:*~=00;90:*#=00;90:*.bak=00;90:*.old=00;90:*.orig=00;90:*.part=00;90:*.rej=00;90:*.swp=00;90:*.tmp=00;90:*.dpkg-dist=00;90:*.dpkg-old=00;90:*.ucf-dist=00;90:*.ucf-new=00;90:*.ucf-old=00;90:*.rpmnew=00;90:*.rpmorig=00;90:*.rpmsave=00;90:', 'SSH_AUTH_SOCK': '/run/user/1000/gcr/ssh', 'AMENT_PREFIX_PATH': '/home/public/ros2ws/install/turtlesim_msgs:/opt/ros/lyrical', 'SHELL': '/bin/bash', 'LC_NAME': 'C.UTF-8', 'QT_ACCESSIBILITY': '1', 'GDMSESSION': 'ubuntu', 'LESSCLOSE': '/usr/bin/lesspipe %s %s', 'LC_MEASUREMENT': 'C.UTF-8', 'GPG_AGENT_INFO': '/run/user/1000/gnupg/S.gpg-agent:0:1', 'LC_IDENTIFICATION': 'C.UTF-8', 'GSK_RENDERER': 'gl', 'ROS_AUTOMATIC_DISCOVERY_RANGE': 'SUBNET', 'QT_IM_MODULE': 'ibus', 'PWD': '/home/public/MSE112_MPi5_Hiwonder_ROS2/ros2ws/build/turtlesim', 'XDG_CONFIG_DIRS': '/etc/xdg/xdg-ubuntu:/etc/xdg', 'DBUS_STARTER_ADDRESS': 'unix:path=/run/user/1000/bus,guid=a6ae6f848a62440a423e515169dfd9f7', 'XDG_DATA_DIRS': '/usr/share/ubuntu:/usr/share/gnome:/usr/local/share/:/usr/share/:/var/lib/snapd/desktop', 'XDG_SESSION_EXTRA_DEVICE_ACCESS': 'render:accel', 'PYTHONPATH': '/home/public/ros2ws/install/turtlesim_msgs/lib/python3.14/site-packages:/home/public/MSE112_MPi5_Hiwonder_ROS2/ros2ws/install/turtlesim_msgs/lib/python3.14/site-packages:/opt/ros/lyrical/opt/gz_math_vendor/lib/python:/opt/ros/lyrical/lib/python3.14/site-packages', 'LC_NUMERIC': 'C.UTF-8', 'LC_PAPER': 'C.UTF-8', 'COLCON': '1', 'QT_IM_MODULES': 'wayland;ibus', 'MEMORY_PRESSURE_WRITE': 'c29tZSAyMDAwMDAgMjAwMDAwMAA=', 'VTE_VERSION': '8400', 'CMAKE_PREFIX_PATH': '/home/public/MSE112_MPi5_Hiwonder_ROS2/ros2ws/install/turtlesim_msgs:/opt/ros/lyrical/opt/gz_math_vendor:/opt/ros/lyrical/opt/gz_utils_vendor:/opt/ros/lyrical/opt/gz_cmake_vendor:/opt/ros/lyrical'}), 'shell': False}
[2.873640] (turtlesim) StderrLine: {'line': b'\x1b[0mCMake Error: The current CMakeCache.txt directory /home/public/MSE112_MPi5_Hiwonder_ROS2/ros2ws/build/turtlesim/CMakeCache.txt is different than the directory /home/public/ros2ws/build/turtlesim where CMakeCache.txt was created. This may result in binaries being created in the wrong place. If you are not sure, reedit the CMakeCache.txt\x1b[0m\n'}
[2.883360] (turtlesim) StderrLine: {'line': b"gmake: Warning: File 'Makefile' has modification time 8915535 s in the future\n"}
[2.915871] (-) TimerEvent: {}
[3.012559] (turtlesim) StderrLine: {'line': b"gmake[1]: Warning: File 'CMakeFiles/Makefile2' has modification time 8915535 s in the future\n"}
[3.015972] (-) TimerEvent: {}
[3.022755] (turtlesim) StderrLine: {'line': b"gmake[2]: Warning: File 'CMakeFiles/turtlesim_node_autogen_timestamp_deps.dir/build.make' has modification time 7876078 s in the future\n"}
[3.023993] (turtlesim) StderrLine: {'line': b"gmake[2]: Warning: File 'CMakeFiles/turtle_teleop_key_autogen_timestamp_deps.dir/build.make' has modification time 7876078 s in the future\n"}
[3.025552] (turtlesim) StderrLine: {'line': b"gmake[2]: Warning: File 'CMakeFiles/draw_square_autogen_timestamp_deps.dir/build.make' has modification time 7876078 s in the future\n"}
[3.043822] (turtlesim) StderrLine: {'line': b'gmake[2]: warning:  Clock skew detected.  Your build may be incomplete.\n'}
[3.045920] (turtlesim) StderrLine: {'line': b'gmake[2]: warning:  Clock skew detected.  Your build may be incomplete.\n'}
[3.048223] (turtlesim) StderrLine: {'line': b"gmake[2]: Warning: File 'CMakeFiles/turtlesim_node_autogen_timestamp_deps.dir/build.make' has modification time 7876078 s in the future\n"}
[3.048497] (turtlesim) StderrLine: {'line': b"gmake[2]: Warning: File 'CMakeFiles/draw_square_autogen_timestamp_deps.dir/build.make' has modification time 7876078 s in the future\n"}
[3.048619] (turtlesim) StderrLine: {'line': b'gmake[2]: warning:  Clock skew detected.  Your build may be incomplete.\n'}
[3.049515] (turtlesim) StderrLine: {'line': b'gmake[2]: warning:  Clock skew detected.  Your build may be incomplete.\n'}
[3.049675] (turtlesim) StderrLine: {'line': b'gmake[2]: warning:  Clock skew detected.  Your build may be incomplete.\n'}
[3.051422] (turtlesim) StderrLine: {'line': b"gmake[2]: Warning: File 'CMakeFiles/turtle_teleop_key_autogen_timestamp_deps.dir/build.make' has modification time 7876078 s in the future\n"}
[3.052993] (turtlesim) StderrLine: {'line': b'gmake[2]: warning:  Clock skew detected.  Your build may be incomplete.\n'}
[3.063338] (turtlesim) StdoutLine: {'line': b'[  0%] Built target draw_square_autogen_timestamp_deps\n'}
[3.067874] (turtlesim) StdoutLine: {'line': b'[  0%] Built target turtlesim_node_autogen_timestamp_deps\n'}
[3.071170] (turtlesim) StdoutLine: {'line': b'[  0%] Built target turtle_teleop_key_autogen_timestamp_deps\n'}
[3.087218] (turtlesim) StderrLine: {'line': b"gmake[2]: Warning: File 'CMakeFiles/mimic_autogen_timestamp_deps.dir/build.make' has modification time 7876078 s in the future\n"}
[3.094817] (turtlesim) StderrLine: {'line': b"gmake[2]: Warning: File 'CMakeFiles/turtlesim_node_autogen.dir/build.make' has modification time 7876078 s in the future\n"}
[3.111123] (turtlesim) StderrLine: {'line': b"gmake[2]: Warning: File 'CMakeFiles/draw_square_autogen.dir/build.make' has modification time 7876078 s in the future\n"}
[3.117915] (turtlesim) StderrLine: {'line': b"gmake[2]: Warning: File 'CMakeFiles/turtle_teleop_key_autogen.dir/build.make' has modification time 7876078 s in the future\n"}
[3.118436] (-) TimerEvent: {}
[3.154897] (turtlesim) StderrLine: {'line': b'gmake[2]: warning:  Clock skew detected.  Your build may be incomplete.\n'}
[3.169263] (turtlesim) StderrLine: {'line': b"gmake[2]: Warning: File 'CMakeFiles/mimic_autogen_timestamp_deps.dir/build.make' has modification time 7876078 s in the future\n"}
[3.172204] (turtlesim) StderrLine: {'line': b'gmake[2]: warning:  Clock skew detected.  Your build may be incomplete.\n'}
[3.177869] (turtlesim) StderrLine: {'line': b'gmake[2]: warning:  Clock skew detected.  Your build may be incomplete.\n'}
[3.203302] (turtlesim) StdoutLine: {'line': b'[  0%] Built target mimic_autogen_timestamp_deps\n'}
[3.213814] (turtlesim) StderrLine: {'line': b"gmake[2]: Warning: File 'CMakeFiles/turtlesim_node_autogen.dir/build.make' has modification time 7876078 s in the future\n"}
[3.218615] (-) TimerEvent: {}
[3.258086] (turtlesim) StderrLine: {'line': b'gmake[2]: warning:  Clock skew detected.  Your build may be incomplete.\n'}
[3.267160] (turtlesim) StderrLine: {'line': b'gmake[2]: warning:  Clock skew detected.  Your build may be incomplete.\n'}
[3.267570] (turtlesim) StderrLine: {'line': b'gmake[2]: warning:  Clock skew detected.  Your build may be incomplete.\n'}
[3.289857] (turtlesim) StderrLine: {'line': b"gmake[2]: Warning: File 'CMakeFiles/turtle_teleop_key_autogen.dir/build.make' has modification time 7876078 s in the future\n"}
[3.290723] (turtlesim) StderrLine: {'line': b"gmake[2]: Warning: File 'CMakeFiles/draw_square_autogen.dir/build.make' has modification time 7876078 s in the future\n"}
[3.296833] (turtlesim) StderrLine: {'line': b'gmake[2]: warning:  Clock skew detected.  Your build may be incomplete.\n'}
[3.297809] (turtlesim) StderrLine: {'line': b'gmake[2]: warning:  Clock skew detected.  Your build may be incomplete.\n'}
[3.319818] (-) TimerEvent: {}
[3.327874] (turtlesim) StdoutLine: {'line': b'[  5%] Built target turtlesim_node_autogen\n'}
[3.344973] (turtlesim) StdoutLine: {'line': b'[ 10%] Built target turtle_teleop_key_autogen\n'}
[3.363902] (turtlesim) StdoutLine: {'line': b'[ 15%] Built target draw_square_autogen\n'}
[3.383987] (turtlesim) StderrLine: {'line': b"gmake[2]: Warning: File 'CMakeFiles/turtle_teleop_key.dir/build.make' has modification time 7876078 s in the future\n"}
[3.419997] (-) TimerEvent: {}
[3.428915] (turtlesim) StderrLine: {'line': b'gmake[2]: warning:  Clock skew detected.  Your build may be incomplete.\n'}
[3.434729] (turtlesim) StderrLine: {'line': b"gmake[2]: Warning: File 'CMakeFiles/turtle_teleop_key.dir/build.make' has modification time 7876078 s in the future\n"}
[3.520145] (-) TimerEvent: {}
[3.527591] (turtlesim) StderrLine: {'line': b'gmake[2]: warning:  Clock skew detected.  Your build may be incomplete.\n'}
[3.564388] (turtlesim) StdoutLine: {'line': b'[ 30%] Built target turtle_teleop_key\n'}
[3.582506] (turtlesim) StderrLine: {'line': b"gmake[2]: Warning: File 'CMakeFiles/draw_square.dir/build.make' has modification time 7876078 s in the future\n"}
[3.607796] (turtlesim) StderrLine: {'line': b'gmake[2]: warning:  Clock skew detected.  Your build may be incomplete.\n'}
[3.616055] (turtlesim) StderrLine: {'line': b"gmake[2]: Warning: File 'CMakeFiles/draw_square.dir/build.make' has modification time 7876078 s in the future\n"}
[3.620443] (-) TimerEvent: {}
[3.639526] (turtlesim) StderrLine: {'line': b'gmake[2]: warning:  Clock skew detected.  Your build may be incomplete.\n'}
[3.664957] (turtlesim) StdoutLine: {'line': b'[ 45%] Built target draw_square\n'}
[3.689669] (turtlesim) StderrLine: {'line': b"gmake[2]: Warning: File 'CMakeFiles/turtlesim_node.dir/build.make' has modification time 7876077 s in the future\n"}
[3.720748] (-) TimerEvent: {}
[3.730761] (turtlesim) StderrLine: {'line': b'gmake[2]: warning:  Clock skew detected.  Your build may be incomplete.\n'}
[3.740860] (turtlesim) StderrLine: {'line': b"gmake[2]: Warning: File 'CMakeFiles/turtlesim_node.dir/build.make' has modification time 7876077 s in the future\n"}
[3.813676] (turtlesim) StderrLine: {'line': b'gmake[2]: warning:  Clock skew detected.  Your build may be incomplete.\n'}
[3.820867] (-) TimerEvent: {}
[3.836129] (turtlesim) StdoutLine: {'line': b'[ 80%] Built target turtlesim_node\n'}
[3.880053] (turtlesim) StderrLine: {'line': b"gmake[2]: Warning: File 'CMakeFiles/mimic_autogen.dir/build.make' has modification time 7876077 s in the future\n"}
[3.920970] (-) TimerEvent: {}
[3.940688] (turtlesim) StderrLine: {'line': b'gmake[2]: warning:  Clock skew detected.  Your build may be incomplete.\n'}
[3.947949] (turtlesim) StderrLine: {'line': b"gmake[2]: Warning: File 'CMakeFiles/mimic_autogen.dir/build.make' has modification time 7876077 s in the future\n"}
[3.951081] (turtlesim) StderrLine: {'line': b'gmake[2]: warning:  Clock skew detected.  Your build may be incomplete.\n'}
[3.965916] (turtlesim) StdoutLine: {'line': b'[ 85%] Built target mimic_autogen\n'}
[3.978484] (turtlesim) StderrLine: {'line': b"gmake[2]: Warning: File 'CMakeFiles/mimic.dir/build.make' has modification time 7876077 s in the future\n"}
[3.997698] (turtlesim) StderrLine: {'line': b'gmake[2]: warning:  Clock skew detected.  Your build may be incomplete.\n'}
[4.004074] (turtlesim) StderrLine: {'line': b"gmake[2]: Warning: File 'CMakeFiles/mimic.dir/build.make' has modification time 7876077 s in the future\n"}
[4.006691] (turtlesim) StderrLine: {'line': b'gmake[2]: warning:  Clock skew detected.  Your build may be incomplete.\n'}
[4.021105] (-) TimerEvent: {}
[4.024500] (turtlesim) StdoutLine: {'line': b'[100%] Built target mimic\n'}
[4.029902] (turtlesim) StderrLine: {'line': b'gmake[1]: warning:  Clock skew detected.  Your build may be incomplete.\n'}
[4.049463] (turtlesim) StderrLine: {'line': b'gmake: warning:  Clock skew detected.  Your build may be incomplete.\n'}
[4.055991] (turtlesim) CommandEnded: {'returncode': 0}
[4.064220] (turtlesim) JobProgress: {'identifier': 'turtlesim', 'progress': 'install'}
[4.064340] (turtlesim) Command: {'cmd': ['/usr/bin/cmake', '--install', '/home/public/MSE112_MPi5_Hiwonder_ROS2/ros2ws/build/turtlesim'], 'cwd': '/home/public/MSE112_MPi5_Hiwonder_ROS2/ros2ws/build/turtlesim', 'env': OrderedDict({'LESSOPEN': '| /usr/bin/lesspipe %s', 'LANGUAGE': 'en', 'USER': 'admin', 'LC_TIME': 'C.UTF-8', 'XDG_SESSION_TYPE': 'wayland', 'PTYXIS_VERSION': '50.1', 'SHLVL': '1', 'LD_LIBRARY_PATH': '/home/public/ros2ws/install/turtlesim_msgs/lib:/home/public/MSE112_MPi5_Hiwonder_ROS2/ros2ws/install/turtlesim_msgs/lib:/opt/ros/lyrical/opt/gz_math_vendor/lib:/opt/ros/lyrical/opt/gz_utils_vendor/lib:/opt/ros/lyrical/opt/rviz_ogre_vendor/lib:/opt/ros/lyrical/lib/aarch64-linux-gnu:/opt/ros/lyrical/opt/gz_cmake_vendor/lib:/opt/ros/lyrical/lib', 'HOME': '/home/admin', 'OLDPWD': '/home/public/MSE112_MPi5_Hiwonder_ROS2', 'DESKTOP_SESSION': 'ubuntu', 'IM_CONFIG_ENTRY': 'profile', 'ROS_PYTHON_VERSION': '3', 'GTK_MODULES': 'gail:atk-bridge', 'LC_MONETARY': 'C.UTF-8', 'MANAGERPID': '3073', 'DBUS_STARTER_BUS_TYPE': 'session', 'SYSTEMD_EXEC_PID': '3103', 'DBUS_SESSION_BUS_ADDRESS': 'unix:path=/run/user/1000/bus,guid=a6ae6f848a62440a423e515169dfd9f7', 'COLORTERM': 'truecolor', 'DEBUGINFOD_URLS': 'https://debuginfod.ubuntu.com', 'WAYLAND_DISPLAY': 'wayland-0', 'ROS_DISTRO': 'lyrical', 'LOGNAME': 'admin', 'MANAGERPIDFDID': '4951', '_': '/usr/bin/colcon', 'ROS_VERSION': '2', 'MEMORY_PRESSURE_WATCH': '/sys/fs/cgroup/user.slice/user-1000.slice/user@1000.service/session.slice/dbus.service/memory.pressure', 'XDG_SESSION_CLASS': 'user', 'USERNAME': 'admin', 'TERM': 'xterm-256color', 'GNOME_DESKTOP_SESSION_ID': 'this-is-deprecated', 'FLATPAK_TTY_PROGRESS': '1', 'PATH': '/opt/ros/lyrical/bin:/usr/local/sbin:/usr/local/bin:/usr/sbin:/usr/bin:/sbin:/bin:/usr/games:/usr/local/games:/snap/bin:/snap/bin', 'INVOCATION_ID': 'e77d9c8c0e604ffb8485e35b168d0638', 'PAPERSIZE': 'a4', 'XDG_MENU_PREFIX': 'gnome-', 'PTYXIS_PROFILE': '46b325db7867804b9a1cc0046a1f6a7b', 'LC_ADDRESS': 'C.UTF-8', 'GNOME_SETUP_DISPLAY': 'unix:/tmp/.X11-unix/X1', 'XDG_RUNTIME_DIR': '/run/user/1000', 'DISPLAY': ':0', 'LANG': 'en_US.UTF-8', 'XDG_CURRENT_DESKTOP': 'ubuntu:GNOME', 'LC_TELEPHONE': 'C.UTF-8', 'XMODIFIERS': '@im=ibus', 'XDG_SESSION_DESKTOP': 'ubuntu', 'XAUTHORITY': '/run/user/1000/.mutter-Xwaylandauth.0PXSN3', 'LS_COLORS': 'rs=0:di=01;34:ln=01;36:mh=00:pi=40;33:so=01;35:do=01;35:bd=40;33;01:cd=40;33;01:or=40;31;01:mi=00:su=37;41:sg=30;43:ca=00:tw=30;42:ow=34;42:st=37;44:ex=01;32:*.tar=01;31:*.tgz=01;31:*.arc=01;31:*.arj=01;31:*.taz=01;31:*.lha=01;31:*.lz4=01;31:*.lzh=01;31:*.lzma=01;31:*.tlz=01;31:*.txz=01;31:*.tzo=01;31:*.t7z=01;31:*.zip=01;31:*.z=01;31:*.dz=01;31:*.gz=01;31:*.lrz=01;31:*.lz=01;31:*.lzo=01;31:*.xz=01;31:*.zst=01;31:*.tzst=01;31:*.bz2=01;31:*.bz=01;31:*.tbz=01;31:*.tbz2=01;31:*.tz=01;31:*.deb=01;31:*.rpm=01;31:*.jar=01;31:*.war=01;31:*.ear=01;31:*.sar=01;31:*.rar=01;31:*.alz=01;31:*.ace=01;31:*.zoo=01;31:*.cpio=01;31:*.7z=01;31:*.rz=01;31:*.cab=01;31:*.wim=01;31:*.swm=01;31:*.dwm=01;31:*.esd=01;31:*.avif=01;35:*.jpg=01;35:*.jpeg=01;35:*.mjpg=01;35:*.mjpeg=01;35:*.gif=01;35:*.bmp=01;35:*.pbm=01;35:*.pgm=01;35:*.ppm=01;35:*.tga=01;35:*.xbm=01;35:*.xpm=01;35:*.tif=01;35:*.tiff=01;35:*.png=01;35:*.svg=01;35:*.svgz=01;35:*.mng=01;35:*.pcx=01;35:*.mov=01;35:*.mpg=01;35:*.mpeg=01;35:*.m2v=01;35:*.mkv=01;35:*.webm=01;35:*.webp=01;35:*.ogm=01;35:*.mp4=01;35:*.m4v=01;35:*.mp4v=01;35:*.vob=01;35:*.qt=01;35:*.nuv=01;35:*.wmv=01;35:*.asf=01;35:*.rm=01;35:*.rmvb=01;35:*.flc=01;35:*.avi=01;35:*.fli=01;35:*.flv=01;35:*.gl=01;35:*.dl=01;35:*.xcf=01;35:*.xwd=01;35:*.yuv=01;35:*.cgm=01;35:*.emf=01;35:*.ogv=01;35:*.ogx=01;35:*.aac=00;36:*.au=00;36:*.flac=00;36:*.m4a=00;36:*.mid=00;36:*.midi=00;36:*.mka=00;36:*.mp3=00;36:*.mpc=00;36:*.ogg=00;36:*.ra=00;36:*.wav=00;36:*.oga=00;36:*.opus=00;36:*.spx=00;36:*.xspf=00;36:*~=00;90:*#=00;90:*.bak=00;90:*.old=00;90:*.orig=00;90:*.part=00;90:*.rej=00;90:*.swp=00;90:*.tmp=00;90:*.dpkg-dist=00;90:*.dpkg-old=00;90:*.ucf-dist=00;90:*.ucf-new=00;90:*.ucf-old=00;90:*.rpmnew=00;90:*.rpmorig=00;90:*.rpmsave=00;90:', 'SSH_AUTH_SOCK': '/run/user/1000/gcr/ssh', 'AMENT_PREFIX_PATH': '/home/public/ros2ws/install/turtlesim_msgs:/opt/ros/lyrical', 'SHELL': '/bin/bash', 'LC_NAME': 'C.UTF-8', 'QT_ACCESSIBILITY': '1', 'GDMSESSION': 'ubuntu', 'LESSCLOSE': '/usr/bin/lesspipe %s %s', 'LC_MEASUREMENT': 'C.UTF-8', 'GPG_AGENT_INFO': '/run/user/1000/gnupg/S.gpg-agent:0:1', 'LC_IDENTIFICATION': 'C.UTF-8', 'GSK_RENDERER': 'gl', 'ROS_AUTOMATIC_DISCOVERY_RANGE': 'SUBNET', 'QT_IM_MODULE': 'ibus', 'PWD': '/home/public/MSE112_MPi5_Hiwonder_ROS2/ros2ws/build/turtlesim', 'XDG_CONFIG_DIRS': '/etc/xdg/xdg-ubuntu:/etc/xdg', 'DBUS_STARTER_ADDRESS': 'unix:path=/run/user/1000/bus,guid=a6ae6f848a62440a423e515169dfd9f7', 'XDG_DATA_DIRS': '/usr/share/ubuntu:/usr/share/gnome:/usr/local/share/:/usr/share/:/var/lib/snapd/desktop', 'XDG_SESSION_EXTRA_DEVICE_ACCESS': 'render:accel', 'PYTHONPATH': '/home/public/ros2ws/install/turtlesim_msgs/lib/python3.14/site-packages:/home/public/MSE112_MPi5_Hiwonder_ROS2/ros2ws/install/turtlesim_msgs/lib/python3.14/site-packages:/opt/ros/lyrical/opt/gz_math_vendor/lib/python:/opt/ros/lyrical/lib/python3.14/site-packages', 'LC_NUMERIC': 'C.UTF-8', 'LC_PAPER': 'C.UTF-8', 'COLCON': '1', 'QT_IM_MODULES': 'wayland;ibus', 'MEMORY_PRESSURE_WRITE': 'c29tZSAyMDAwMDAgMjAwMDAwMAA=', 'VTE_VERSION': '8400', 'CMAKE_PREFIX_PATH': '/home/public/MSE112_MPi5_Hiwonder_ROS2/ros2ws/install/turtlesim_msgs:/opt/ros/lyrical/opt/gz_math_vendor:/opt/ros/lyrical/opt/gz_utils_vendor:/opt/ros/lyrical/opt/gz_cmake_vendor:/opt/ros/lyrical'}), 'shell': False}
[4.084794] (turtlesim) StdoutLine: {'line': b'-- Install configuration: ""\n'}
[4.087801] (turtlesim) StdoutLine: {'line': b'-- Execute custom install script\n'}
[4.090832] (turtlesim) StdoutLine: {'line': b'-- Up-to-date symlink: /home/public/ros2ws/install/turtlesim/lib/turtlesim/turtlesim_node\n'}
[4.091111] (turtlesim) StdoutLine: {'line': b'-- Up-to-date symlink: /home/public/ros2ws/install/turtlesim/lib/turtlesim/turtle_teleop_key\n'}
[4.091199] (turtlesim) StdoutLine: {'line': b'-- Up-to-date symlink: /home/public/ros2ws/install/turtlesim/lib/turtlesim/draw_square\n'}
[4.091287] (turtlesim) StdoutLine: {'line': b'-- Up-to-date symlink: /home/public/ros2ws/install/turtlesim/lib/turtlesim/mimic\n'}
[4.094904] (turtlesim) StdoutLine: {'line': b'-- Up-to-date symlink: /home/public/ros2ws/install/turtlesim/share/turtlesim/launch/multisim.launch.py\n'}
[4.099861] (turtlesim) StdoutLine: {'line': b'-- Up-to-date symlink: /home/public/ros2ws/install/turtlesim/share/ament_index/resource_index/package_run_dependencies/turtlesim\n'}
[4.102836] (turtlesim) StdoutLine: {'line': b'-- Up-to-date symlink: /home/public/ros2ws/install/turtlesim/share/ament_index/resource_index/parent_prefix_path/turtlesim\n'}
[4.104884] (turtlesim) StdoutLine: {'line': b'-- Up-to-date symlink: /home/public/ros2ws/install/turtlesim/share/turtlesim/environment/ament_prefix_path.sh\n'}
[4.106828] (turtlesim) StdoutLine: {'line': b'-- Up-to-date symlink: /home/public/ros2ws/install/turtlesim/share/turtlesim/environment/ament_prefix_path.dsv\n'}
[4.108797] (turtlesim) StdoutLine: {'line': b'-- Up-to-date symlink: /home/public/ros2ws/install/turtlesim/share/turtlesim/environment/path.sh\n'}
[4.109789] (turtlesim) StdoutLine: {'line': b'-- Up-to-date symlink: /home/public/ros2ws/install/turtlesim/share/turtlesim/environment/path.dsv\n'}
[4.111857] (turtlesim) StdoutLine: {'line': b'-- Up-to-date symlink: /home/public/ros2ws/install/turtlesim/share/turtlesim/local_setup.bash\n'}
[4.112773] (turtlesim) StdoutLine: {'line': b'-- Up-to-date symlink: /home/public/ros2ws/install/turtlesim/share/turtlesim/local_setup.fish\n'}
[4.114896] (turtlesim) StdoutLine: {'line': b'-- Up-to-date symlink: /home/public/ros2ws/install/turtlesim/share/turtlesim/local_setup.sh\n'}
[4.115754] (turtlesim) StdoutLine: {'line': b'-- Up-to-date symlink: /home/public/ros2ws/install/turtlesim/share/turtlesim/local_setup.zsh\n'}
[4.117885] (turtlesim) StdoutLine: {'line': b'-- Up-to-date symlink: /home/public/ros2ws/install/turtlesim/share/turtlesim/local_setup.dsv\n'}
[4.118295] (turtlesim) StdoutLine: {'line': b'-- Symlinking: /home/public/ros2ws/install/turtlesim/share/turtlesim/package.dsv\n'}
[4.121305] (-) TimerEvent: {}
[4.148946] (turtlesim) StdoutLine: {'line': b'-- Up-to-date symlink: /home/public/ros2ws/install/turtlesim/share/ament_index/resource_index/packages/turtlesim\n'}
[4.151883] (turtlesim) StdoutLine: {'line': b'-- Up-to-date symlink: /home/public/ros2ws/install/turtlesim/share/turtlesim/cmake/turtlesimConfig.cmake\n'}
[4.153130] (turtlesim) StdoutLine: {'line': b'-- Up-to-date symlink: /home/public/ros2ws/install/turtlesim/share/turtlesim/cmake/turtlesimConfig-version.cmake\n'}
[4.158841] (turtlesim) StdoutLine: {'line': b'-- Up-to-date symlink: /home/public/ros2ws/install/turtlesim/share/turtlesim/package.xml\n'}
[4.159103] (turtlesim) StdoutLine: {'line': b'-- Up-to-date: /home/public/ros2ws/install/turtlesim/share/turtlesim/images\n'}
[4.159280] (turtlesim) StdoutLine: {'line': b'-- Up-to-date: /home/public/ros2ws/install/turtlesim/share/turtlesim/images/kilted.png\n'}
[4.159546] (turtlesim) StdoutLine: {'line': b'-- Up-to-date: /home/public/ros2ws/install/turtlesim/share/turtlesim/images/eloquent.png\n'}
[4.160280] (turtlesim) StdoutLine: {'line': b'-- Up-to-date: /home/public/ros2ws/install/turtlesim/share/turtlesim/images/jazzy.png\n'}
[4.160540] (turtlesim) StdoutLine: {'line': b'-- Up-to-date: /home/public/ros2ws/install/turtlesim/share/turtlesim/images/bouncy.png\n'}
[4.160665] (turtlesim) StdoutLine: {'line': b'-- Up-to-date: /home/public/ros2ws/install/turtlesim/share/turtlesim/images/galactic.png\n'}
[4.160781] (turtlesim) StdoutLine: {'line': b'-- Up-to-date: /home/public/ros2ws/install/turtlesim/share/turtlesim/images/foxy.png\n'}
[4.160865] (turtlesim) StdoutLine: {'line': b'-- Up-to-date: /home/public/ros2ws/install/turtlesim/share/turtlesim/images/humble.png\n'}
[4.160941] (turtlesim) StdoutLine: {'line': b'-- Up-to-date: /home/public/ros2ws/install/turtlesim/share/turtlesim/images/dashing.png\n'}
[4.161017] (turtlesim) StdoutLine: {'line': b'-- Up-to-date: /home/public/ros2ws/install/turtlesim/share/turtlesim/images/crystal.png\n'}
[4.161108] (turtlesim) StdoutLine: {'line': b'-- Up-to-date: /home/public/ros2ws/install/turtlesim/share/turtlesim/images/iron.png\n'}
[4.161210] (turtlesim) StdoutLine: {'line': b'-- Up-to-date: /home/public/ros2ws/install/turtlesim/share/turtlesim/images/lyrical.png\n'}
[4.161293] (turtlesim) StdoutLine: {'line': b'-- Up-to-date: /home/public/ros2ws/install/turtlesim/share/turtlesim/images/ardent.png\n'}
[4.161376] (turtlesim) StdoutLine: {'line': b'-- Up-to-date: /home/public/ros2ws/install/turtlesim/share/turtlesim/images/rolling.png\n'}
[4.168751] (turtlesim) CommandEnded: {'returncode': 0}
[4.221666] (-) TimerEvent: {}
[4.266677] (turtlesim) JobEnded: {'identifier': 'turtlesim', 'rc': 0}
[4.322090] (-) TimerEvent: {}
[4.336430] (opencv2_nodes) Command: {'cmd': ['/usr/bin/python3', '-W', 'ignore:setup.py install is deprecated', '-W', 'ignore:easy_install command is deprecated', 'setup.py', 'develop', '--editable', '--build-directory', '/home/public/MSE112_MPi5_Hiwonder_ROS2/ros2ws/build/opencv2_nodes/build', '--no-deps', 'symlink_data'], 'cwd': '/home/public/MSE112_MPi5_Hiwonder_ROS2/ros2ws/build/opencv2_nodes', 'env': {'LESSOPEN': '| /usr/bin/lesspipe %s', 'LANGUAGE': 'en', 'USER': 'admin', 'LC_TIME': 'C.UTF-8', 'XDG_SESSION_TYPE': 'wayland', 'PTYXIS_VERSION': '50.1', 'SHLVL': '1', 'LD_LIBRARY_PATH': '/opt/ros/lyrical/opt/gz_math_vendor/lib:/opt/ros/lyrical/opt/gz_utils_vendor/lib:/opt/ros/lyrical/opt/rviz_ogre_vendor/lib:/opt/ros/lyrical/lib/aarch64-linux-gnu:/opt/ros/lyrical/opt/gz_cmake_vendor/lib:/opt/ros/lyrical/lib', 'HOME': '/home/admin', 'OLDPWD': '/home/public/MSE112_MPi5_Hiwonder_ROS2', 'DESKTOP_SESSION': 'ubuntu', 'IM_CONFIG_ENTRY': 'profile', 'ROS_PYTHON_VERSION': '3', 'GTK_MODULES': 'gail:atk-bridge', 'LC_MONETARY': 'C.UTF-8', 'MANAGERPID': '3073', 'DBUS_STARTER_BUS_TYPE': 'session', 'SYSTEMD_EXEC_PID': '3103', 'DBUS_SESSION_BUS_ADDRESS': 'unix:path=/run/user/1000/bus,guid=a6ae6f848a62440a423e515169dfd9f7', 'COLORTERM': 'truecolor', 'DEBUGINFOD_URLS': 'https://debuginfod.ubuntu.com', 'WAYLAND_DISPLAY': 'wayland-0', 'ROS_DISTRO': 'lyrical', 'LOGNAME': 'admin', 'MANAGERPIDFDID': '4951', '_': '/usr/bin/colcon', 'ROS_VERSION': '2', 'MEMORY_PRESSURE_WATCH': '/sys/fs/cgroup/user.slice/user-1000.slice/user@1000.service/session.slice/dbus.service/memory.pressure', 'XDG_SESSION_CLASS': 'user', 'USERNAME': 'admin', 'TERM': 'xterm-256color', 'GNOME_DESKTOP_SESSION_ID': 'this-is-deprecated', 'FLATPAK_TTY_PROGRESS': '1', 'PATH': '/opt/ros/lyrical/bin:/usr/local/sbin:/usr/local/bin:/usr/sbin:/usr/bin:/sbin:/bin:/usr/games:/usr/local/games:/snap/bin:/snap/bin', 'INVOCATION_ID': 'e77d9c8c0e604ffb8485e35b168d0638', 'PAPERSIZE': 'a4', 'XDG_MENU_PREFIX': 'gnome-', 'PTYXIS_PROFILE': '46b325db7867804b9a1cc0046a1f6a7b', 'LC_ADDRESS': 'C.UTF-8', 'GNOME_SETUP_DISPLAY': 'unix:/tmp/.X11-unix/X1', 'XDG_RUNTIME_DIR': '/run/user/1000', 'DISPLAY': ':0', 'LANG': 'en_US.UTF-8', 'XDG_CURRENT_DESKTOP': 'ubuntu:GNOME', 'LC_TELEPHONE': 'C.UTF-8', 'XMODIFIERS': '@im=ibus', 'XDG_SESSION_DESKTOP': 'ubuntu', 'XAUTHORITY': '/run/user/1000/.mutter-Xwaylandauth.0PXSN3', 'LS_COLORS': 'rs=0:di=01;34:ln=01;36:mh=00:pi=40;33:so=01;35:do=01;35:bd=40;33;01:cd=40;33;01:or=40;31;01:mi=00:su=37;41:sg=30;43:ca=00:tw=30;42:ow=34;42:st=37;44:ex=01;32:*.tar=01;31:*.tgz=01;31:*.arc=01;31:*.arj=01;31:*.taz=01;31:*.lha=01;31:*.lz4=01;31:*.lzh=01;31:*.lzma=01;31:*.tlz=01;31:*.txz=01;31:*.tzo=01;31:*.t7z=01;31:*.zip=01;31:*.z=01;31:*.dz=01;31:*.gz=01;31:*.lrz=01;31:*.lz=01;31:*.lzo=01;31:*.xz=01;31:*.zst=01;31:*.tzst=01;31:*.bz2=01;31:*.bz=01;31:*.tbz=01;31:*.tbz2=01;31:*.tz=01;31:*.deb=01;31:*.rpm=01;31:*.jar=01;31:*.war=01;31:*.ear=01;31:*.sar=01;31:*.rar=01;31:*.alz=01;31:*.ace=01;31:*.zoo=01;31:*.cpio=01;31:*.7z=01;31:*.rz=01;31:*.cab=01;31:*.wim=01;31:*.swm=01;31:*.dwm=01;31:*.esd=01;31:*.avif=01;35:*.jpg=01;35:*.jpeg=01;35:*.mjpg=01;35:*.mjpeg=01;35:*.gif=01;35:*.bmp=01;35:*.pbm=01;35:*.pgm=01;35:*.ppm=01;35:*.tga=01;35:*.xbm=01;35:*.xpm=01;35:*.tif=01;35:*.tiff=01;35:*.png=01;35:*.svg=01;35:*.svgz=01;35:*.mng=01;35:*.pcx=01;35:*.mov=01;35:*.mpg=01;35:*.mpeg=01;35:*.m2v=01;35:*.mkv=01;35:*.webm=01;35:*.webp=01;35:*.ogm=01;35:*.mp4=01;35:*.m4v=01;35:*.mp4v=01;35:*.vob=01;35:*.qt=01;35:*.nuv=01;35:*.wmv=01;35:*.asf=01;35:*.rm=01;35:*.rmvb=01;35:*.flc=01;35:*.avi=01;35:*.fli=01;35:*.flv=01;35:*.gl=01;35:*.dl=01;35:*.xcf=01;35:*.xwd=01;35:*.yuv=01;35:*.cgm=01;35:*.emf=01;35:*.ogv=01;35:*.ogx=01;35:*.aac=00;36:*.au=00;36:*.flac=00;36:*.m4a=00;36:*.mid=00;36:*.midi=00;36:*.mka=00;36:*.mp3=00;36:*.mpc=00;36:*.ogg=00;36:*.ra=00;36:*.wav=00;36:*.oga=00;36:*.opus=00;36:*.spx=00;36:*.xspf=00;36:*~=00;90:*#=00;90:*.bak=00;90:*.old=00;90:*.orig=00;90:*.part=00;90:*.rej=00;90:*.swp=00;90:*.tmp=00;90:*.dpkg-dist=00;90:*.dpkg-old=00;90:*.ucf-dist=00;90:*.ucf-new=00;90:*.ucf-old=00;90:*.rpmnew=00;90:*.rpmorig=00;90:*.rpmsave=00;90:', 'SSH_AUTH_SOCK': '/run/user/1000/gcr/ssh', 'AMENT_PREFIX_PATH': '/opt/ros/lyrical', 'SHELL': '/bin/bash', 'LC_NAME': 'C.UTF-8', 'QT_ACCESSIBILITY': '1', 'GDMSESSION': 'ubuntu', 'LESSCLOSE': '/usr/bin/lesspipe %s %s', 'LC_MEASUREMENT': 'C.UTF-8', 'GPG_AGENT_INFO': '/run/user/1000/gnupg/S.gpg-agent:0:1', 'LC_IDENTIFICATION': 'C.UTF-8', 'GSK_RENDERER': 'gl', 'ROS_AUTOMATIC_DISCOVERY_RANGE': 'SUBNET', 'QT_IM_MODULE': 'ibus', 'PWD': '/home/public/MSE112_MPi5_Hiwonder_ROS2/ros2ws/build/opencv2_nodes', 'XDG_CONFIG_DIRS': '/etc/xdg/xdg-ubuntu:/etc/xdg', 'DBUS_STARTER_ADDRESS': 'unix:path=/run/user/1000/bus,guid=a6ae6f848a62440a423e515169dfd9f7', 'XDG_DATA_DIRS': '/usr/share/ubuntu:/usr/share/gnome:/usr/local/share/:/usr/share/:/var/lib/snapd/desktop', 'XDG_SESSION_EXTRA_DEVICE_ACCESS': 'render:accel', 'PYTHONPATH': '/home/public/MSE112_MPi5_Hiwonder_ROS2/ros2ws/build/opencv2_nodes/prefix_override:/usr/lib/python3/dist-packages/colcon_core/task/python/colcon_distutils_commands:/home/public/MSE112_MPi5_Hiwonder_ROS2/ros2ws/install/opencv2_nodes/lib/python3.14/site-packages:/opt/ros/lyrical/opt/gz_math_vendor/lib/python:/opt/ros/lyrical/lib/python3.14/site-packages', 'LC_NUMERIC': 'C.UTF-8', 'LC_PAPER': 'C.UTF-8', 'COLCON': '1', 'QT_IM_MODULES': 'wayland;ibus', 'MEMORY_PRESSURE_WRITE': 'c29tZSAyMDAwMDAgMjAwMDAwMAA=', 'VTE_VERSION': '8400', 'CMAKE_PREFIX_PATH': '/opt/ros/lyrical/opt/gz_math_vendor:/opt/ros/lyrical/opt/gz_utils_vendor:/opt/ros/lyrical/opt/gz_cmake_vendor'}, 'shell': False}
[4.358606] (hiwonder_board) Command: {'cmd': ['/usr/bin/python3', '-W', 'ignore:setup.py install is deprecated', '-W', 'ignore:easy_install command is deprecated', 'setup.py', 'develop', '--editable', '--build-directory', '/home/public/MSE112_MPi5_Hiwonder_ROS2/ros2ws/build/hiwonder_board/build', '--no-deps', 'symlink_data'], 'cwd': '/home/public/MSE112_MPi5_Hiwonder_ROS2/ros2ws/build/hiwonder_board', 'env': {'LESSOPEN': '| /usr/bin/lesspipe %s', 'LANGUAGE': 'en', 'USER': 'admin', 'LC_TIME': 'C.UTF-8', 'XDG_SESSION_TYPE': 'wayland', 'PTYXIS_VERSION': '50.1', 'SHLVL': '1', 'LD_LIBRARY_PATH': '/opt/ros/lyrical/opt/gz_math_vendor/lib:/opt/ros/lyrical/opt/gz_utils_vendor/lib:/opt/ros/lyrical/opt/rviz_ogre_vendor/lib:/opt/ros/lyrical/lib/aarch64-linux-gnu:/opt/ros/lyrical/opt/gz_cmake_vendor/lib:/opt/ros/lyrical/lib', 'HOME': '/home/admin', 'OLDPWD': '/home/public/MSE112_MPi5_Hiwonder_ROS2', 'DESKTOP_SESSION': 'ubuntu', 'IM_CONFIG_ENTRY': 'profile', 'ROS_PYTHON_VERSION': '3', 'GTK_MODULES': 'gail:atk-bridge', 'LC_MONETARY': 'C.UTF-8', 'MANAGERPID': '3073', 'DBUS_STARTER_BUS_TYPE': 'session', 'SYSTEMD_EXEC_PID': '3103', 'DBUS_SESSION_BUS_ADDRESS': 'unix:path=/run/user/1000/bus,guid=a6ae6f848a62440a423e515169dfd9f7', 'COLORTERM': 'truecolor', 'DEBUGINFOD_URLS': 'https://debuginfod.ubuntu.com', 'WAYLAND_DISPLAY': 'wayland-0', 'ROS_DISTRO': 'lyrical', 'LOGNAME': 'admin', 'MANAGERPIDFDID': '4951', '_': '/usr/bin/colcon', 'ROS_VERSION': '2', 'MEMORY_PRESSURE_WATCH': '/sys/fs/cgroup/user.slice/user-1000.slice/user@1000.service/session.slice/dbus.service/memory.pressure', 'XDG_SESSION_CLASS': 'user', 'USERNAME': 'admin', 'TERM': 'xterm-256color', 'GNOME_DESKTOP_SESSION_ID': 'this-is-deprecated', 'FLATPAK_TTY_PROGRESS': '1', 'PATH': '/opt/ros/lyrical/bin:/usr/local/sbin:/usr/local/bin:/usr/sbin:/usr/bin:/sbin:/bin:/usr/games:/usr/local/games:/snap/bin:/snap/bin', 'INVOCATION_ID': 'e77d9c8c0e604ffb8485e35b168d0638', 'PAPERSIZE': 'a4', 'XDG_MENU_PREFIX': 'gnome-', 'PTYXIS_PROFILE': '46b325db7867804b9a1cc0046a1f6a7b', 'LC_ADDRESS': 'C.UTF-8', 'GNOME_SETUP_DISPLAY': 'unix:/tmp/.X11-unix/X1', 'XDG_RUNTIME_DIR': '/run/user/1000', 'DISPLAY': ':0', 'LANG': 'en_US.UTF-8', 'XDG_CURRENT_DESKTOP': 'ubuntu:GNOME', 'LC_TELEPHONE': 'C.UTF-8', 'XMODIFIERS': '@im=ibus', 'XDG_SESSION_DESKTOP': 'ubuntu', 'XAUTHORITY': '/run/user/1000/.mutter-Xwaylandauth.0PXSN3', 'LS_COLORS': 'rs=0:di=01;34:ln=01;36:mh=00:pi=40;33:so=01;35:do=01;35:bd=40;33;01:cd=40;33;01:or=40;31;01:mi=00:su=37;41:sg=30;43:ca=00:tw=30;42:ow=34;42:st=37;44:ex=01;32:*.tar=01;31:*.tgz=01;31:*.arc=01;31:*.arj=01;31:*.taz=01;31:*.lha=01;31:*.lz4=01;31:*.lzh=01;31:*.lzma=01;31:*.tlz=01;31:*.txz=01;31:*.tzo=01;31:*.t7z=01;31:*.zip=01;31:*.z=01;31:*.dz=01;31:*.gz=01;31:*.lrz=01;31:*.lz=01;31:*.lzo=01;31:*.xz=01;31:*.zst=01;31:*.tzst=01;31:*.bz2=01;31:*.bz=01;31:*.tbz=01;31:*.tbz2=01;31:*.tz=01;31:*.deb=01;31:*.rpm=01;31:*.jar=01;31:*.war=01;31:*.ear=01;31:*.sar=01;31:*.rar=01;31:*.alz=01;31:*.ace=01;31:*.zoo=01;31:*.cpio=01;31:*.7z=01;31:*.rz=01;31:*.cab=01;31:*.wim=01;31:*.swm=01;31:*.dwm=01;31:*.esd=01;31:*.avif=01;35:*.jpg=01;35:*.jpeg=01;35:*.mjpg=01;35:*.mjpeg=01;35:*.gif=01;35:*.bmp=01;35:*.pbm=01;35:*.pgm=01;35:*.ppm=01;35:*.tga=01;35:*.xbm=01;35:*.xpm=01;35:*.tif=01;35:*.tiff=01;35:*.png=01;35:*.svg=01;35:*.svgz=01;35:*.mng=01;35:*.pcx=01;35:*.mov=01;35:*.mpg=01;35:*.mpeg=01;35:*.m2v=01;35:*.mkv=01;35:*.webm=01;35:*.webp=01;35:*.ogm=01;35:*.mp4=01;35:*.m4v=01;35:*.mp4v=01;35:*.vob=01;35:*.qt=01;35:*.nuv=01;35:*.wmv=01;35:*.asf=01;35:*.rm=01;35:*.rmvb=01;35:*.flc=01;35:*.avi=01;35:*.fli=01;35:*.flv=01;35:*.gl=01;35:*.dl=01;35:*.xcf=01;35:*.xwd=01;35:*.yuv=01;35:*.cgm=01;35:*.emf=01;35:*.ogv=01;35:*.ogx=01;35:*.aac=00;36:*.au=00;36:*.flac=00;36:*.m4a=00;36:*.mid=00;36:*.midi=00;36:*.mka=00;36:*.mp3=00;36:*.mpc=00;36:*.ogg=00;36:*.ra=00;36:*.wav=00;36:*.oga=00;36:*.opus=00;36:*.spx=00;36:*.xspf=00;36:*~=00;90:*#=00;90:*.bak=00;90:*.old=00;90:*.orig=00;90:*.part=00;90:*.rej=00;90:*.swp=00;90:*.tmp=00;90:*.dpkg-dist=00;90:*.dpkg-old=00;90:*.ucf-dist=00;90:*.ucf-new=00;90:*.ucf-old=00;90:*.rpmnew=00;90:*.rpmorig=00;90:*.rpmsave=00;90:', 'SSH_AUTH_SOCK': '/run/user/1000/gcr/ssh', 'AMENT_PREFIX_PATH': '/opt/ros/lyrical', 'SHELL': '/bin/bash', 'LC_NAME': 'C.UTF-8', 'QT_ACCESSIBILITY': '1', 'GDMSESSION': 'ubuntu', 'LESSCLOSE': '/usr/bin/lesspipe %s %s', 'LC_MEASUREMENT': 'C.UTF-8', 'GPG_AGENT_INFO': '/run/user/1000/gnupg/S.gpg-agent:0:1', 'LC_IDENTIFICATION': 'C.UTF-8', 'GSK_RENDERER': 'gl', 'ROS_AUTOMATIC_DISCOVERY_RANGE': 'SUBNET', 'QT_IM_MODULE': 'ibus', 'PWD': '/home/public/MSE112_MPi5_Hiwonder_ROS2/ros2ws/build/hiwonder_board', 'XDG_CONFIG_DIRS': '/etc/xdg/xdg-ubuntu:/etc/xdg', 'DBUS_STARTER_ADDRESS': 'unix:path=/run/user/1000/bus,guid=a6ae6f848a62440a423e515169dfd9f7', 'XDG_DATA_DIRS': '/usr/share/ubuntu:/usr/share/gnome:/usr/local/share/:/usr/share/:/var/lib/snapd/desktop', 'XDG_SESSION_EXTRA_DEVICE_ACCESS': 'render:accel', 'PYTHONPATH': '/home/public/MSE112_MPi5_Hiwonder_ROS2/ros2ws/build/hiwonder_board/prefix_override:/usr/lib/python3/dist-packages/colcon_core/task/python/colcon_distutils_commands:/home/public/MSE112_MPi5_Hiwonder_ROS2/ros2ws/install/hiwonder_board/lib/python3.14/site-packages:/opt/ros/lyrical/opt/gz_math_vendor/lib/python:/opt/ros/lyrical/lib/python3.14/site-packages', 'LC_NUMERIC': 'C.UTF-8', 'LC_PAPER': 'C.UTF-8', 'COLCON': '1', 'QT_IM_MODULES': 'wayland;ibus', 'MEMORY_PRESSURE_WRITE': 'c29tZSAyMDAwMDAgMjAwMDAwMAA=', 'VTE_VERSION': '8400', 'CMAKE_PREFIX_PATH': '/opt/ros/lyrical/opt/gz_math_vendor:/opt/ros/lyrical/opt/gz_utils_vendor:/opt/ros/lyrical/opt/gz_cmake_vendor'}, 'shell': False}
[4.422589] (-) TimerEvent: {}
[4.430191] (controls_core) Command: {'cmd': ['/usr/bin/python3', '-W', 'ignore:setup.py install is deprecated', '-W', 'ignore:easy_install command is deprecated', 'setup.py', 'develop', '--editable', '--build-directory', '/home/public/MSE112_MPi5_Hiwonder_ROS2/ros2ws/build/controls_core/build', '--no-deps', 'symlink_data', '--force'], 'cwd': '/home/public/MSE112_MPi5_Hiwonder_ROS2/ros2ws/build/controls_core', 'env': {'LESSOPEN': '| /usr/bin/lesspipe %s', 'LANGUAGE': 'en', 'USER': 'admin', 'LC_TIME': 'C.UTF-8', 'XDG_SESSION_TYPE': 'wayland', 'PTYXIS_VERSION': '50.1', 'SHLVL': '1', 'LD_LIBRARY_PATH': '/opt/ros/lyrical/opt/gz_math_vendor/lib:/opt/ros/lyrical/opt/gz_utils_vendor/lib:/opt/ros/lyrical/opt/rviz_ogre_vendor/lib:/opt/ros/lyrical/lib/aarch64-linux-gnu:/opt/ros/lyrical/opt/gz_cmake_vendor/lib:/opt/ros/lyrical/lib', 'HOME': '/home/admin', 'OLDPWD': '/home/public/MSE112_MPi5_Hiwonder_ROS2', 'DESKTOP_SESSION': 'ubuntu', 'IM_CONFIG_ENTRY': 'profile', 'ROS_PYTHON_VERSION': '3', 'GTK_MODULES': 'gail:atk-bridge', 'LC_MONETARY': 'C.UTF-8', 'MANAGERPID': '3073', 'DBUS_STARTER_BUS_TYPE': 'session', 'SYSTEMD_EXEC_PID': '3103', 'DBUS_SESSION_BUS_ADDRESS': 'unix:path=/run/user/1000/bus,guid=a6ae6f848a62440a423e515169dfd9f7', 'COLORTERM': 'truecolor', 'DEBUGINFOD_URLS': 'https://debuginfod.ubuntu.com', 'WAYLAND_DISPLAY': 'wayland-0', 'ROS_DISTRO': 'lyrical', 'LOGNAME': 'admin', 'MANAGERPIDFDID': '4951', '_': '/usr/bin/colcon', 'ROS_VERSION': '2', 'MEMORY_PRESSURE_WATCH': '/sys/fs/cgroup/user.slice/user-1000.slice/user@1000.service/session.slice/dbus.service/memory.pressure', 'XDG_SESSION_CLASS': 'user', 'USERNAME': 'admin', 'TERM': 'xterm-256color', 'GNOME_DESKTOP_SESSION_ID': 'this-is-deprecated', 'FLATPAK_TTY_PROGRESS': '1', 'PATH': '/opt/ros/lyrical/bin:/usr/local/sbin:/usr/local/bin:/usr/sbin:/usr/bin:/sbin:/bin:/usr/games:/usr/local/games:/snap/bin:/snap/bin', 'INVOCATION_ID': 'e77d9c8c0e604ffb8485e35b168d0638', 'PAPERSIZE': 'a4', 'XDG_MENU_PREFIX': 'gnome-', 'PTYXIS_PROFILE': '46b325db7867804b9a1cc0046a1f6a7b', 'LC_ADDRESS': 'C.UTF-8', 'GNOME_SETUP_DISPLAY': 'unix:/tmp/.X11-unix/X1', 'XDG_RUNTIME_DIR': '/run/user/1000', 'DISPLAY': ':0', 'LANG': 'en_US.UTF-8', 'XDG_CURRENT_DESKTOP': 'ubuntu:GNOME', 'LC_TELEPHONE': 'C.UTF-8', 'XMODIFIERS': '@im=ibus', 'XDG_SESSION_DESKTOP': 'ubuntu', 'XAUTHORITY': '/run/user/1000/.mutter-Xwaylandauth.0PXSN3', 'LS_COLORS': 'rs=0:di=01;34:ln=01;36:mh=00:pi=40;33:so=01;35:do=01;35:bd=40;33;01:cd=40;33;01:or=40;31;01:mi=00:su=37;41:sg=30;43:ca=00:tw=30;42:ow=34;42:st=37;44:ex=01;32:*.tar=01;31:*.tgz=01;31:*.arc=01;31:*.arj=01;31:*.taz=01;31:*.lha=01;31:*.lz4=01;31:*.lzh=01;31:*.lzma=01;31:*.tlz=01;31:*.txz=01;31:*.tzo=01;31:*.t7z=01;31:*.zip=01;31:*.z=01;31:*.dz=01;31:*.gz=01;31:*.lrz=01;31:*.lz=01;31:*.lzo=01;31:*.xz=01;31:*.zst=01;31:*.tzst=01;31:*.bz2=01;31:*.bz=01;31:*.tbz=01;31:*.tbz2=01;31:*.tz=01;31:*.deb=01;31:*.rpm=01;31:*.jar=01;31:*.war=01;31:*.ear=01;31:*.sar=01;31:*.rar=01;31:*.alz=01;31:*.ace=01;31:*.zoo=01;31:*.cpio=01;31:*.7z=01;31:*.rz=01;31:*.cab=01;31:*.wim=01;31:*.swm=01;31:*.dwm=01;31:*.esd=01;31:*.avif=01;35:*.jpg=01;35:*.jpeg=01;35:*.mjpg=01;35:*.mjpeg=01;35:*.gif=01;35:*.bmp=01;35:*.pbm=01;35:*.pgm=01;35:*.ppm=01;35:*.tga=01;35:*.xbm=01;35:*.xpm=01;35:*.tif=01;35:*.tiff=01;35:*.png=01;35:*.svg=01;35:*.svgz=01;35:*.mng=01;35:*.pcx=01;35:*.mov=01;35:*.mpg=01;35:*.mpeg=01;35:*.m2v=01;35:*.mkv=01;35:*.webm=01;35:*.webp=01;35:*.ogm=01;35:*.mp4=01;35:*.m4v=01;35:*.mp4v=01;35:*.vob=01;35:*.qt=01;35:*.nuv=01;35:*.wmv=01;35:*.asf=01;35:*.rm=01;35:*.rmvb=01;35:*.flc=01;35:*.avi=01;35:*.fli=01;35:*.flv=01;35:*.gl=01;35:*.dl=01;35:*.xcf=01;35:*.xwd=01;35:*.yuv=01;35:*.cgm=01;35:*.emf=01;35:*.ogv=01;35:*.ogx=01;35:*.aac=00;36:*.au=00;36:*.flac=00;36:*.m4a=00;36:*.mid=00;36:*.midi=00;36:*.mka=00;36:*.mp3=00;36:*.mpc=00;36:*.ogg=00;36:*.ra=00;36:*.wav=00;36:*.oga=00;36:*.opus=00;36:*.spx=00;36:*.xspf=00;36:*~=00;90:*#=00;90:*.bak=00;90:*.old=00;90:*.orig=00;90:*.part=00;90:*.rej=00;90:*.swp=00;90:*.tmp=00;90:*.dpkg-dist=00;90:*.dpkg-old=00;90:*.ucf-dist=00;90:*.ucf-new=00;90:*.ucf-old=00;90:*.rpmnew=00;90:*.rpmorig=00;90:*.rpmsave=00;90:', 'SSH_AUTH_SOCK': '/run/user/1000/gcr/ssh', 'AMENT_PREFIX_PATH': '/opt/ros/lyrical', 'SHELL': '/bin/bash', 'LC_NAME': 'C.UTF-8', 'QT_ACCESSIBILITY': '1', 'GDMSESSION': 'ubuntu', 'LESSCLOSE': '/usr/bin/lesspipe %s %s', 'LC_MEASUREMENT': 'C.UTF-8', 'GPG_AGENT_INFO': '/run/user/1000/gnupg/S.gpg-agent:0:1', 'LC_IDENTIFICATION': 'C.UTF-8', 'GSK_RENDERER': 'gl', 'ROS_AUTOMATIC_DISCOVERY_RANGE': 'SUBNET', 'QT_IM_MODULE': 'ibus', 'PWD': '/home/public/MSE112_MPi5_Hiwonder_ROS2/ros2ws/build/controls_core', 'XDG_CONFIG_DIRS': '/etc/xdg/xdg-ubuntu:/etc/xdg', 'DBUS_STARTER_ADDRESS': 'unix:path=/run/user/1000/bus,guid=a6ae6f848a62440a423e515169dfd9f7', 'XDG_DATA_DIRS': '/usr/share/ubuntu:/usr/share/gnome:/usr/local/share/:/usr/share/:/var/lib/snapd/desktop', 'XDG_SESSION_EXTRA_DEVICE_ACCESS': 'render:accel', 'PYTHONPATH': '/home/public/MSE112_MPi5_Hiwonder_ROS2/ros2ws/build/controls_core/prefix_override:/usr/lib/python3/dist-packages/colcon_core/task/python/colcon_distutils_commands:/home/public/MSE112_MPi5_Hiwonder_ROS2/ros2ws/install/controls_core/lib/python3.14/site-packages:/opt/ros/lyrical/opt/gz_math_vendor/lib/python:/opt/ros/lyrical/lib/python3.14/site-packages', 'LC_NUMERIC': 'C.UTF-8', 'LC_PAPER': 'C.UTF-8', 'COLCON': '1', 'QT_IM_MODULES': 'wayland;ibus', 'MEMORY_PRESSURE_WRITE': 'c29tZSAyMDAwMDAgMjAwMDAwMAA=', 'VTE_VERSION': '8400', 'CMAKE_PREFIX_PATH': '/opt/ros/lyrical/opt/gz_math_vendor:/opt/ros/lyrical/opt/gz_utils_vendor:/opt/ros/lyrical/opt/gz_cmake_vendor'}, 'shell': False}
[4.522727] (-) TimerEvent: {}
[4.623158] (-) TimerEvent: {}
[4.723621] (-) TimerEvent: {}
[4.823971] (-) TimerEvent: {}
[4.870166] (opencv2_nodes) StdoutLine: {'line': b'running develop\n'}
[4.874724] (hiwonder_board) StdoutLine: {'line': b'running develop\n'}
[4.916763] (controls_core) StdoutLine: {'line': b'running develop\n'}
[4.924056] (-) TimerEvent: {}
[5.024344] (-) TimerEvent: {}
[5.105339] (opencv2_nodes) StdoutLine: {'line': b'running egg_info\n'}
[5.107376] (hiwonder_board) StdoutLine: {'line': b'running egg_info\n'}
[5.124421] (-) TimerEvent: {}
[5.132549] (opencv2_nodes) StdoutLine: {'line': b'writing opencv2_nodes.egg-info/PKG-INFO\n'}
[5.134374] (hiwonder_board) StdoutLine: {'line': b'writing hiwonder_board.egg-info/PKG-INFO\n'}
[5.134623] (opencv2_nodes) StdoutLine: {'line': b'writing dependency_links to opencv2_nodes.egg-info/dependency_links.txt\n'}
[5.134874] (opencv2_nodes) StdoutLine: {'line': b'writing entry points to opencv2_nodes.egg-info/entry_points.txt\n'}
[5.135289] (opencv2_nodes) StdoutLine: {'line': b'writing requirements to opencv2_nodes.egg-info/requires.txt\n'}
[5.135492] (opencv2_nodes) StdoutLine: {'line': b'writing top-level names to opencv2_nodes.egg-info/top_level.txt\n'}
[5.136393] (hiwonder_board) StdoutLine: {'line': b'writing dependency_links to hiwonder_board.egg-info/dependency_links.txt\n'}
[5.136699] (hiwonder_board) StdoutLine: {'line': b'writing entry points to hiwonder_board.egg-info/entry_points.txt\n'}
[5.137153] (hiwonder_board) StdoutLine: {'line': b'writing requirements to hiwonder_board.egg-info/requires.txt\n'}
[5.137314] (hiwonder_board) StdoutLine: {'line': b'writing top-level names to hiwonder_board.egg-info/top_level.txt\n'}
[5.155226] (controls_core) StdoutLine: {'line': b'running egg_info\n'}
[5.179932] (controls_core) StdoutLine: {'line': b'writing controls_core.egg-info/PKG-INFO\n'}
[5.181363] (controls_core) StdoutLine: {'line': b'writing dependency_links to controls_core.egg-info/dependency_links.txt\n'}
[5.182300] (controls_core) StdoutLine: {'line': b'writing entry points to controls_core.egg-info/entry_points.txt\n'}
[5.183091] (controls_core) StdoutLine: {'line': b'writing requirements to controls_core.egg-info/requires.txt\n'}
[5.183550] (controls_core) StdoutLine: {'line': b'writing top-level names to controls_core.egg-info/top_level.txt\n'}
[5.188236] (opencv2_nodes) StdoutLine: {'line': b"reading manifest file 'opencv2_nodes.egg-info/SOURCES.txt'\n"}
[5.189081] (hiwonder_board) StdoutLine: {'line': b"reading manifest file 'hiwonder_board.egg-info/SOURCES.txt'\n"}
[5.190272] (opencv2_nodes) StdoutLine: {'line': b"writing manifest file 'opencv2_nodes.egg-info/SOURCES.txt'\n"}
[5.190902] (hiwonder_board) StdoutLine: {'line': b"writing manifest file 'hiwonder_board.egg-info/SOURCES.txt'\n"}
[5.216730] (opencv2_nodes) StdoutLine: {'line': b'running build_ext\n'}
[5.216999] (hiwonder_board) StdoutLine: {'line': b'running build_ext\n'}
[5.217100] (hiwonder_board) StdoutLine: {'line': b'Creating /home/public/MSE112_MPi5_Hiwonder_ROS2/ros2ws/install/hiwonder_board/lib/python3.14/site-packages/hiwonder-board.egg-link (link to .)\n'}
[5.217160] (opencv2_nodes) StdoutLine: {'line': b'Creating /home/public/MSE112_MPi5_Hiwonder_ROS2/ros2ws/install/opencv2_nodes/lib/python3.14/site-packages/opencv2-nodes.egg-link (link to .)\n'}
[5.218111] (opencv2_nodes) StdoutLine: {'line': b'Installing bin_mask script to /home/public/MSE112_MPi5_Hiwonder_ROS2/ros2ws/install/opencv2_nodes/lib/opencv2_nodes\n'}
[5.218288] (hiwonder_board) StdoutLine: {'line': b'Installing hiwonder_board_node script to /home/public/MSE112_MPi5_Hiwonder_ROS2/ros2ws/install/hiwonder_board/lib/hiwonder_board\n'}
[5.218455] (hiwonder_board) StdoutLine: {'line': b'Installing test_listener script to /home/public/MSE112_MPi5_Hiwonder_ROS2/ros2ws/install/hiwonder_board/lib/hiwonder_board\n'}
[5.218662] (hiwonder_board) StdoutLine: {'line': b'Installing test_talker script to /home/public/MSE112_MPi5_Hiwonder_ROS2/ros2ws/install/hiwonder_board/lib/hiwonder_board\n'}
[5.218991] (hiwonder_board) StdoutLine: {'line': b'\n'}
[5.219079] (hiwonder_board) StdoutLine: {'line': b'Installed /home/public/MSE112_MPi5_Hiwonder_ROS2/ros2ws/build/hiwonder_board\n'}
[5.219172] (hiwonder_board) StdoutLine: {'line': b'running symlink_data\n'}
[5.219803] (opencv2_nodes) StdoutLine: {'line': b'Installing edge_recog script to /home/public/MSE112_MPi5_Hiwonder_ROS2/ros2ws/install/opencv2_nodes/lib/opencv2_nodes\n'}
[5.220058] (opencv2_nodes) StdoutLine: {'line': b'Installing image_publisher script to /home/public/MSE112_MPi5_Hiwonder_ROS2/ros2ws/install/opencv2_nodes/lib/opencv2_nodes\n'}
[5.220254] (opencv2_nodes) StdoutLine: {'line': b'Installing line_recog script to /home/public/MSE112_MPi5_Hiwonder_ROS2/ros2ws/install/opencv2_nodes/lib/opencv2_nodes\n'}
[5.220564] (opencv2_nodes) StdoutLine: {'line': b'\n'}
[5.220661] (opencv2_nodes) StdoutLine: {'line': b'Installed /home/public/MSE112_MPi5_Hiwonder_ROS2/ros2ws/build/opencv2_nodes\n'}
[5.220758] (opencv2_nodes) StdoutLine: {'line': b'running symlink_data\n'}
[5.224524] (-) TimerEvent: {}
[5.267757] (controls_core) StdoutLine: {'line': b"reading manifest file 'controls_core.egg-info/SOURCES.txt'\n"}
[5.270802] (controls_core) StdoutLine: {'line': b"writing manifest file 'controls_core.egg-info/SOURCES.txt'\n"}
[5.324470] (controls_core) StdoutLine: {'line': b'running build_ext\n'}
[5.324910] (-) TimerEvent: {}
[5.325827] (controls_core) StdoutLine: {'line': b'Creating /home/public/MSE112_MPi5_Hiwonder_ROS2/ros2ws/install/controls_core/lib/python3.14/site-packages/controls-core.egg-link (link to .)\n'}
[5.327967] (controls_core) StdoutLine: {'line': b'Installing main_control_node script to /home/public/MSE112_MPi5_Hiwonder_ROS2/ros2ws/install/controls_core/lib/controls_core\n'}
[5.330508] (controls_core) StdoutLine: {'line': b'\n'}
[5.331037] (controls_core) StdoutLine: {'line': b'Installed /home/public/MSE112_MPi5_Hiwonder_ROS2/ros2ws/build/controls_core\n'}
[5.331166] (controls_core) StdoutLine: {'line': b'running symlink_data\n'}
[5.332916] (controls_core) StdoutLine: {'line': b'symbolically linking /home/public/MSE112_MPi5_Hiwonder_ROS2/ros2ws/build/controls_core/resource/controls_core -> /home/public/MSE112_MPi5_Hiwonder_ROS2/ros2ws/install/controls_core/share/ament_index/resource_index/packages\n'}
[5.338024] (controls_core) StdoutLine: {'line': b'symbolically linking /home/public/MSE112_MPi5_Hiwonder_ROS2/ros2ws/build/controls_core/package.xml -> /home/public/MSE112_MPi5_Hiwonder_ROS2/ros2ws/install/controls_core/share/controls_core\n'}
[5.425183] (-) TimerEvent: {}
[5.465909] (hiwonder_board) CommandEnded: {'returncode': 0}
[5.490420] (hiwonder_board) JobEnded: {'identifier': 'hiwonder_board', 'rc': 0}
[5.493368] (opencv2_nodes) CommandEnded: {'returncode': 0}
[5.523778] (opencv2_nodes) JobEnded: {'identifier': 'opencv2_nodes', 'rc': 0}
[5.525234] (-) TimerEvent: {}
[5.539107] (controls_core) CommandEnded: {'returncode': 0}
[5.560277] (controls_core) JobEnded: {'identifier': 'controls_core', 'rc': 0}
[5.561458] (-) EventReactorShutdown: {}
