[0.000000] (-) TimerEvent: {}
[0.000261] (controls_core) JobQueued: {'identifier': 'controls_core', 'dependencies': OrderedDict()}
[0.000408] (hiwonder_board) JobQueued: {'identifier': 'hiwonder_board', 'dependencies': OrderedDict()}
[0.000431] (opencv2_nodes) JobQueued: {'identifier': 'opencv2_nodes', 'dependencies': OrderedDict()}
[0.000446] (turtlesim_msgs) JobQueued: {'identifier': 'turtlesim_msgs', 'dependencies': OrderedDict()}
[0.000461] (turtlesim) JobQueued: {'identifier': 'turtlesim', 'dependencies': OrderedDict({'turtlesim_msgs': '/home/public/ros2ws/install/turtlesim_msgs'})}
[0.000776] (turtlesim_msgs) JobStarted: {'identifier': 'turtlesim_msgs'}
[0.021692] (controls_core) JobStarted: {'identifier': 'controls_core'}
[0.037389] (hiwonder_board) JobStarted: {'identifier': 'hiwonder_board'}
[0.050753] (opencv2_nodes) JobStarted: {'identifier': 'opencv2_nodes'}
[0.064296] (turtlesim_msgs) JobProgress: {'identifier': 'turtlesim_msgs', 'progress': 'cmake'}
[0.074548] (turtlesim_msgs) JobProgress: {'identifier': 'turtlesim_msgs', 'progress': 'build'}
[0.075414] (turtlesim_msgs) Command: {'cmd': ['/usr/bin/cmake', '--build', '/home/public/ros2ws/build/turtlesim_msgs', '--', '-j4', '-l4'], 'cwd': '/home/public/ros2ws/build/turtlesim_msgs', 'env': OrderedDict({'LESSOPEN': '| /usr/bin/lesspipe %s', 'LANGUAGE': 'en', 'USER': 'admin', 'LC_TIME': 'C.UTF-8', 'XDG_SESSION_TYPE': 'wayland', 'PTYXIS_VERSION': '50.1', 'SHLVL': '1', 'LD_LIBRARY_PATH': '/opt/ros/lyrical/opt/gz_math_vendor/lib:/opt/ros/lyrical/opt/gz_utils_vendor/lib:/opt/ros/lyrical/opt/rviz_ogre_vendor/lib:/opt/ros/lyrical/lib/aarch64-linux-gnu:/opt/ros/lyrical/opt/gz_cmake_vendor/lib:/opt/ros/lyrical/lib', 'HOME': '/home/admin', 'DESKTOP_SESSION': 'ubuntu', 'IM_CONFIG_ENTRY': 'profile', 'ROS_PYTHON_VERSION': '3', 'GTK_MODULES': 'gail:atk-bridge', 'LC_MONETARY': 'C.UTF-8', 'MANAGERPID': '2997', 'DBUS_STARTER_BUS_TYPE': 'session', 'SYSTEMD_EXEC_PID': '3020', 'DBUS_SESSION_BUS_ADDRESS': 'unix:path=/run/user/1000/bus,guid=ba3ed99e88d8d1b52666fa5b69dfd9f2', 'COLORTERM': 'truecolor', 'DEBUGINFOD_URLS': 'https://debuginfod.ubuntu.com', 'WAYLAND_DISPLAY': 'wayland-0', 'ROS_DISTRO': 'lyrical', 'LOGNAME': 'admin', 'MANAGERPIDFDID': '648', '_': '/usr/bin/colcon', 'ROS_VERSION': '2', 'MEMORY_PRESSURE_WATCH': '/sys/fs/cgroup/user.slice/user-1000.slice/user@1000.service/session.slice/dbus.service/memory.pressure', 'XDG_SESSION_CLASS': 'user', 'USERNAME': 'admin', 'TERM': 'xterm-256color', 'GNOME_DESKTOP_SESSION_ID': 'this-is-deprecated', 'FLATPAK_TTY_PROGRESS': '1', 'PATH': '/opt/ros/lyrical/bin:/usr/local/sbin:/usr/local/bin:/usr/sbin:/usr/bin:/sbin:/bin:/usr/games:/usr/local/games:/snap/bin:/snap/bin', 'INVOCATION_ID': 'b3d9087076ca4eb981e4550af0a7070a', 'PAPERSIZE': 'a4', 'XDG_MENU_PREFIX': 'gnome-', 'PTYXIS_PROFILE': '46b325db7867804b9a1cc0046a1f6a7b', 'LC_ADDRESS': 'C.UTF-8', 'GNOME_SETUP_DISPLAY': 'unix:/tmp/.X11-unix/X1', 'XDG_RUNTIME_DIR': '/run/user/1000', 'DISPLAY': ':0', 'LANG': 'en_US.UTF-8', 'XDG_CURRENT_DESKTOP': 'ubuntu:GNOME', 'LC_TELEPHONE': 'C.UTF-8', 'XMODIFIERS': '@im=ibus', 'XDG_SESSION_DESKTOP': 'ubuntu', 'XAUTHORITY': '/run/user/1000/.mutter-Xwaylandauth.9DTPN3', 'LS_COLORS': 'rs=0:di=01;34:ln=01;36:mh=00:pi=40;33:so=01;35:do=01;35:bd=40;33;01:cd=40;33;01:or=40;31;01:mi=00:su=37;41:sg=30;43:ca=00:tw=30;42:ow=34;42:st=37;44:ex=01;32:*.tar=01;31:*.tgz=01;31:*.arc=01;31:*.arj=01;31:*.taz=01;31:*.lha=01;31:*.lz4=01;31:*.lzh=01;31:*.lzma=01;31:*.tlz=01;31:*.txz=01;31:*.tzo=01;31:*.t7z=01;31:*.zip=01;31:*.z=01;31:*.dz=01;31:*.gz=01;31:*.lrz=01;31:*.lz=01;31:*.lzo=01;31:*.xz=01;31:*.zst=01;31:*.tzst=01;31:*.bz2=01;31:*.bz=01;31:*.tbz=01;31:*.tbz2=01;31:*.tz=01;31:*.deb=01;31:*.rpm=01;31:*.jar=01;31:*.war=01;31:*.ear=01;31:*.sar=01;31:*.rar=01;31:*.alz=01;31:*.ace=01;31:*.zoo=01;31:*.cpio=01;31:*.7z=01;31:*.rz=01;31:*.cab=01;31:*.wim=01;31:*.swm=01;31:*.dwm=01;31:*.esd=01;31:*.avif=01;35:*.jpg=01;35:*.jpeg=01;35:*.mjpg=01;35:*.mjpeg=01;35:*.gif=01;35:*.bmp=01;35:*.pbm=01;35:*.pgm=01;35:*.ppm=01;35:*.tga=01;35:*.xbm=01;35:*.xpm=01;35:*.tif=01;35:*.tiff=01;35:*.png=01;35:*.svg=01;35:*.svgz=01;35:*.mng=01;35:*.pcx=01;35:*.mov=01;35:*.mpg=01;35:*.mpeg=01;35:*.m2v=01;35:*.mkv=01;35:*.webm=01;35:*.webp=01;35:*.ogm=01;35:*.mp4=01;35:*.m4v=01;35:*.mp4v=01;35:*.vob=01;35:*.qt=01;35:*.nuv=01;35:*.wmv=01;35:*.asf=01;35:*.rm=01;35:*.rmvb=01;35:*.flc=01;35:*.avi=01;35:*.fli=01;35:*.flv=01;35:*.gl=01;35:*.dl=01;35:*.xcf=01;35:*.xwd=01;35:*.yuv=01;35:*.cgm=01;35:*.emf=01;35:*.ogv=01;35:*.ogx=01;35:*.aac=00;36:*.au=00;36:*.flac=00;36:*.m4a=00;36:*.mid=00;36:*.midi=00;36:*.mka=00;36:*.mp3=00;36:*.mpc=00;36:*.ogg=00;36:*.ra=00;36:*.wav=00;36:*.oga=00;36:*.opus=00;36:*.spx=00;36:*.xspf=00;36:*~=00;90:*#=00;90:*.bak=00;90:*.old=00;90:*.orig=00;90:*.part=00;90:*.rej=00;90:*.swp=00;90:*.tmp=00;90:*.dpkg-dist=00;90:*.dpkg-old=00;90:*.ucf-dist=00;90:*.ucf-new=00;90:*.ucf-old=00;90:*.rpmnew=00;90:*.rpmorig=00;90:*.rpmsave=00;90:', 'SSH_AUTH_SOCK': '/run/user/1000/gcr/ssh', 'AMENT_PREFIX_PATH': '/opt/ros/lyrical', 'SHELL': '/bin/bash', 'LC_NAME': 'C.UTF-8', 'QT_ACCESSIBILITY': '1', 'GDMSESSION': 'ubuntu', 'LESSCLOSE': '/usr/bin/lesspipe %s %s', 'LC_MEASUREMENT': 'C.UTF-8', 'GPG_AGENT_INFO': '/run/user/1000/gnupg/S.gpg-agent:0:1', 'LC_IDENTIFICATION': 'C.UTF-8', 'GSK_RENDERER': 'gl', 'ROS_AUTOMATIC_DISCOVERY_RANGE': 'SUBNET', 'QT_IM_MODULE': 'ibus', 'PWD': '/home/public/ros2ws/build/turtlesim_msgs', 'XDG_CONFIG_DIRS': '/etc/xdg/xdg-ubuntu:/etc/xdg', 'DBUS_STARTER_ADDRESS': 'unix:path=/run/user/1000/bus,guid=ba3ed99e88d8d1b52666fa5b69dfd9f2', 'XDG_DATA_DIRS': '/usr/share/ubuntu:/usr/share/gnome:/usr/local/share/:/usr/share/:/var/lib/snapd/desktop', 'XDG_SESSION_EXTRA_DEVICE_ACCESS': 'render:accel', 'PYTHONPATH': '/opt/ros/lyrical/opt/gz_math_vendor/lib/python:/opt/ros/lyrical/lib/python3.14/site-packages', 'LC_NUMERIC': 'C.UTF-8', 'LC_PAPER': 'C.UTF-8', 'COLCON': '1', 'QT_IM_MODULES': 'wayland;ibus', 'MEMORY_PRESSURE_WRITE': 'c29tZSAyMDAwMDAgMjAwMDAwMAA=', 'VTE_VERSION': '8400', 'CMAKE_PREFIX_PATH': '/opt/ros/lyrical/opt/gz_math_vendor:/opt/ros/lyrical/opt/gz_utils_vendor:/opt/ros/lyrical/opt/gz_cmake_vendor:/opt/ros/lyrical'}), 'shell': False}
[0.099723] (-) TimerEvent: {}
[0.200116] (-) TimerEvent: {}
[0.300455] (-) TimerEvent: {}
[0.400867] (-) TimerEvent: {}
[0.501389] (-) TimerEvent: {}
[0.602219] (-) TimerEvent: {}
[0.706842] (-) TimerEvent: {}
[0.807213] (-) TimerEvent: {}
[0.907682] (-) TimerEvent: {}
[0.991932] (turtlesim_msgs) StdoutLine: {'line': b'[  1%] Built target turtlesim_msgs__rosidl_generator_type_description\n'}
[0.992882] (turtlesim_msgs) StdoutLine: {'line': b'[  2%] Built target turtlesim_msgs__rs\n'}
[0.994053] (turtlesim_msgs) StdoutLine: {'line': b'[  2%] Built target turtlesim_msgs__cpp\n'}
[0.994294] (turtlesim_msgs) StdoutLine: {'line': b'[ 27%] Built target turtlesim_msgs__rosidl_generator_c\n'}
[0.994396] (turtlesim_msgs) StdoutLine: {'line': b'[ 37%] Built target turtlesim_msgs__rosidl_typesupport_cpp\n'}
[0.994470] (turtlesim_msgs) StdoutLine: {'line': b'[ 46%] Built target turtlesim_msgs__rosidl_typesupport_introspection_c\n'}
[0.994533] (turtlesim_msgs) StdoutLine: {'line': b'[ 55%] Built target turtlesim_msgs__rosidl_typesupport_fastrtps_c\n'}
[0.994782] (turtlesim_msgs) StdoutLine: {'line': b'[ 65%] Built target turtlesim_msgs__rosidl_typesupport_fastrtps_cpp\n'}
[0.994900] (turtlesim_msgs) StdoutLine: {'line': b'[ 74%] Built target turtlesim_msgs__rosidl_typesupport_c\n'}
[0.994962] (turtlesim_msgs) StdoutLine: {'line': b'[ 84%] Built target turtlesim_msgs__rosidl_typesupport_introspection_cpp\n'}
[0.995022] (turtlesim_msgs) StdoutLine: {'line': b'[ 84%] Built target turtlesim_msgs\n'}
[0.995082] (turtlesim_msgs) StdoutLine: {'line': b'[ 85%] Built target turtlesim_msgs__py\n'}
[0.995141] (turtlesim_msgs) StdoutLine: {'line': b'[ 94%] Built target turtlesim_msgs__rosidl_generator_py\n'}
[0.995198] (turtlesim_msgs) StdoutLine: {'line': b'[ 94%] Built target ament_cmake_python_sync_turtlesim_msgs\n'}
[0.995256] (turtlesim_msgs) StdoutLine: {'line': b'[ 96%] Built target turtlesim_msgs_s__rosidl_typesupport_fastrtps_c\n'}
[0.995314] (turtlesim_msgs) StdoutLine: {'line': b'[ 98%] Built target turtlesim_msgs_s__rosidl_typesupport_introspection_c\n'}
[0.995515] (turtlesim_msgs) StdoutLine: {'line': b'[100%] Built target turtlesim_msgs_s__rosidl_typesupport_c\n'}
[0.995617] (turtlesim_msgs) StderrLine: {'line': b"gmake: Warning: File 'Makefile' has modification time 8915533 s in the future\n"}
[0.995735] (turtlesim_msgs) StderrLine: {'line': b"gmake[1]: Warning: File 'CMakeFiles/Makefile2' has modification time 8915533 s in the future\n"}
[0.995822] (turtlesim_msgs) StderrLine: {'line': b"gmake[2]: Warning: File 'CMakeFiles/turtlesim_msgs__rosidl_generator_type_description.dir/build.make' has modification time 7875868 s in the future\n"}
[0.995893] (turtlesim_msgs) StderrLine: {'line': b"gmake[2]: Warning: File '/home/public/ros2ws/build/turtlesim_msgs/turtlesim_msgs__rs/CMakeFiles/turtlesim_msgs__rs.dir/build.make' has modification time 7875869 s in the future\n"}
[0.995979] (turtlesim_msgs) StderrLine: {'line': b'gmake[2]: warning:  Clock skew detected.  Your build may be incomplete.\n'}
[0.996052] (turtlesim_msgs) StderrLine: {'line': b'gmake[2]: warning:  Clock skew detected.  Your build may be incomplete.\n'}
[0.996119] (turtlesim_msgs) StderrLine: {'line': b"gmake[2]: Warning: File 'CMakeFiles/turtlesim_msgs__rosidl_generator_type_description.dir/build.make' has modification time 7875868 s in the future\n"}
[0.996186] (turtlesim_msgs) StderrLine: {'line': b"gmake[2]: Warning: File '/home/public/ros2ws/build/turtlesim_msgs/turtlesim_msgs__rs/CMakeFiles/turtlesim_msgs__rs.dir/build.make' has modification time 7875869 s in the future\n"}
[0.996249] (turtlesim_msgs) StderrLine: {'line': b'gmake[2]: warning:  Clock skew detected.  Your build may be incomplete.\n'}
[0.996310] (turtlesim_msgs) StderrLine: {'line': b'gmake[2]: warning:  Clock skew detected.  Your build may be incomplete.\n'}
[0.996371] (turtlesim_msgs) StderrLine: {'line': b"gmake[2]: Warning: File 'CMakeFiles/turtlesim_msgs__cpp.dir/build.make' has modification time 7875868 s in the future\n"}
[0.996433] (turtlesim_msgs) StderrLine: {'line': b"gmake[2]: Warning: File 'CMakeFiles/turtlesim_msgs__rosidl_generator_c.dir/build.make' has modification time 7875868 s in the future\n"}
[0.996500] (turtlesim_msgs) StderrLine: {'line': b'gmake[2]: warning:  Clock skew detected.  Your build may be incomplete.\n'}
[0.996663] (turtlesim_msgs) StderrLine: {'line': b"gmake[2]: Warning: File 'CMakeFiles/turtlesim_msgs__cpp.dir/build.make' has modification time 7875868 s in the future\n"}
[0.996801] (turtlesim_msgs) StderrLine: {'line': b'gmake[2]: warning:  Clock skew detected.  Your build may be incomplete.\n'}
[0.996867] (turtlesim_msgs) StderrLine: {'line': b'gmake[2]: warning:  Clock skew detected.  Your build may be incomplete.\n'}
[0.996926] (turtlesim_msgs) StderrLine: {'line': b"gmake[2]: Warning: File 'CMakeFiles/turtlesim_msgs__rosidl_generator_c.dir/build.make' has modification time 7875868 s in the future\n"}
[0.997006] (turtlesim_msgs) StderrLine: {'line': b'gmake[2]: warning:  Clock skew detected.  Your build may be incomplete.\n'}
[0.997076] (turtlesim_msgs) StderrLine: {'line': b"gmake[2]: Warning: File 'CMakeFiles/turtlesim_msgs__rosidl_typesupport_cpp.dir/build.make' has modification time 7875868 s in the future\n"}
[0.997140] (turtlesim_msgs) StderrLine: {'line': b"gmake[2]: Warning: File 'CMakeFiles/turtlesim_msgs__rosidl_typesupport_fastrtps_cpp.dir/build.make' has modification time 7875868 s in the future\n"}
[0.997201] (turtlesim_msgs) StderrLine: {'line': b"gmake[2]: Warning: File 'CMakeFiles/turtlesim_msgs__rosidl_typesupport_fastrtps_c.dir/build.make' has modification time 7875868 s in the future\n"}
[0.997264] (turtlesim_msgs) StderrLine: {'line': b'gmake[2]: warning:  Clock skew detected.  Your build may be incomplete.\n'}
[0.997321] (turtlesim_msgs) StderrLine: {'line': b'gmake[2]: warning:  Clock skew detected.  Your build may be incomplete.\n'}
[0.997378] (turtlesim_msgs) StderrLine: {'line': b"gmake[2]: Warning: File 'CMakeFiles/turtlesim_msgs__rosidl_typesupport_cpp.dir/build.make' has modification time 7875868 s in the future\n"}
[0.997482] (turtlesim_msgs) StderrLine: {'line': b'gmake[2]: warning:  Clock skew detected.  Your build may be incomplete.\n'}
[0.997669] (turtlesim_msgs) StderrLine: {'line': b"gmake[2]: Warning: File 'CMakeFiles/turtlesim_msgs__rosidl_typesupport_fastrtps_c.dir/build.make' has modification time 7875868 s in the future\n"}
[0.997764] (turtlesim_msgs) StderrLine: {'line': b"gmake[2]: Warning: File 'CMakeFiles/turtlesim_msgs__rosidl_typesupport_introspection_c.dir/build.make' has modification time 7875868 s in the future\n"}
[0.997825] (turtlesim_msgs) StderrLine: {'line': b"gmake[2]: Warning: File 'CMakeFiles/turtlesim_msgs__rosidl_typesupport_fastrtps_cpp.dir/build.make' has modification time 7875868 s in the future\n"}
[0.997905] (turtlesim_msgs) StderrLine: {'line': b'gmake[2]: warning:  Clock skew detected.  Your build may be incomplete.\n'}
[0.997961] (turtlesim_msgs) StderrLine: {'line': b'gmake[2]: warning:  Clock skew detected.  Your build may be incomplete.\n'}
[0.998015] (turtlesim_msgs) StderrLine: {'line': b'gmake[2]: warning:  Clock skew detected.  Your build may be incomplete.\n'}
[0.998070] (turtlesim_msgs) StderrLine: {'line': b'gmake[2]: warning:  Clock skew detected.  Your build may be incomplete.\n'}
[0.998123] (turtlesim_msgs) StderrLine: {'line': b"gmake[2]: Warning: File 'CMakeFiles/turtlesim_msgs__rosidl_typesupport_introspection_c.dir/build.make' has modification time 7875868 s in the future\n"}
[0.998184] (turtlesim_msgs) StderrLine: {'line': b'gmake[2]: warning:  Clock skew detected.  Your build may be incomplete.\n'}
[0.998238] (turtlesim_msgs) StderrLine: {'line': b"gmake[2]: Warning: File 'CMakeFiles/turtlesim_msgs__rosidl_typesupport_c.dir/build.make' has modification time 7875868 s in the future\n"}
[0.998292] (turtlesim_msgs) StderrLine: {'line': b"gmake[2]: Warning: File 'CMakeFiles/turtlesim_msgs__rosidl_typesupport_introspection_cpp.dir/build.make' has modification time 7875868 s in the future\n"}
[0.998358] (turtlesim_msgs) StderrLine: {'line': b'gmake[2]: warning:  Clock skew detected.  Your build may be incomplete.\n'}
[0.998414] (turtlesim_msgs) StderrLine: {'line': b'gmake[2]: warning:  Clock skew detected.  Your build may be incomplete.\n'}
[0.998469] (turtlesim_msgs) StderrLine: {'line': b"gmake[2]: Warning: File 'CMakeFiles/turtlesim_msgs__rosidl_typesupport_c.dir/build.make' has modification time 7875868 s in the future\n"}
[0.998538] (turtlesim_msgs) StderrLine: {'line': b'gmake[2]: warning:  Clock skew detected.  Your build may be incomplete.\n'}
[0.998633] (turtlesim_msgs) StderrLine: {'line': b"gmake[2]: Warning: File 'CMakeFiles/turtlesim_msgs__rosidl_typesupport_introspection_cpp.dir/build.make' has modification time 7875868 s in the future\n"}
[0.998699] (turtlesim_msgs) StderrLine: {'line': b'gmake[2]: warning:  Clock skew detected.  Your build may be incomplete.\n'}
[0.998761] (turtlesim_msgs) StderrLine: {'line': b"gmake[2]: Warning: File 'CMakeFiles/turtlesim_msgs.dir/build.make' has modification time 7875868 s in the future\n"}
[0.998818] (turtlesim_msgs) StderrLine: {'line': b'gmake[2]: warning:  Clock skew detected.  Your build may be incomplete.\n'}
[0.998874] (turtlesim_msgs) StderrLine: {'line': b"gmake[2]: Warning: File 'CMakeFiles/turtlesim_msgs.dir/build.make' has modification time 7875868 s in the future\n"}
[0.998928] (turtlesim_msgs) StderrLine: {'line': b'gmake[2]: warning:  Clock skew detected.  Your build may be incomplete.\n'}
[0.998985] (turtlesim_msgs) StderrLine: {'line': b"gmake[2]: Warning: File '/home/public/ros2ws/build/turtlesim_msgs/turtlesim_msgs__py/CMakeFiles/turtlesim_msgs__py.dir/build.make' has modification time 7875868 s in the future\n"}
[0.999050] (turtlesim_msgs) StderrLine: {'line': b'gmake[2]: warning:  Clock skew detected.  Your build may be incomplete.\n'}
[0.999107] (turtlesim_msgs) StderrLine: {'line': b"gmake[2]: Warning: File '/home/public/ros2ws/build/turtlesim_msgs/turtlesim_msgs__py/CMakeFiles/turtlesim_msgs__py.dir/build.make' has modification time 7875868 s in the future\n"}
[0.999167] (turtlesim_msgs) StderrLine: {'line': b'gmake[2]: warning:  Clock skew detected.  Your build may be incomplete.\n'}
[0.999235] (turtlesim_msgs) StderrLine: {'line': b"gmake[2]: Warning: File 'CMakeFiles/ament_cmake_python_sync_turtlesim_msgs.dir/build.make' has modification time 7875868 s in the future\n"}
[0.999292] (turtlesim_msgs) StderrLine: {'line': b"gmake[2]: Warning: File 'CMakeFiles/turtlesim_msgs__rosidl_generator_py.dir/build.make' has modification time 7875868 s in the future\n"}
[0.999347] (turtlesim_msgs) StderrLine: {'line': b'gmake[2]: warning:  Clock skew detected.  Your build may be incomplete.\n'}
[0.999401] (turtlesim_msgs) StderrLine: {'line': b"gmake[2]: Warning: File 'CMakeFiles/ament_cmake_python_sync_turtlesim_msgs.dir/build.make' has modification time 7875868 s in the future\n"}
[0.999457] (turtlesim_msgs) StderrLine: {'line': b'gmake[2]: warning:  Clock skew detected.  Your build may be incomplete.\n'}
[0.999510] (turtlesim_msgs) StderrLine: {'line': b"gmake[2]: Warning: File 'CMakeFiles/turtlesim_msgs__rosidl_generator_py.dir/build.make' has modification time 7875868 s in the future\n"}
[0.999592] (turtlesim_msgs) StderrLine: {'line': b'gmake[2]: warning:  Clock skew detected.  Your build may be incomplete.\n'}
[0.999674] (turtlesim_msgs) StderrLine: {'line': b"gmake[2]: Warning: File 'CMakeFiles/turtlesim_msgs_s__rosidl_typesupport_fastrtps_c.dir/build.make' has modification time 7875868 s in the future\n"}
[0.999733] (turtlesim_msgs) StderrLine: {'line': b"gmake[2]: Warning: File 'CMakeFiles/turtlesim_msgs_s__rosidl_typesupport_introspection_c.dir/build.make' has modification time 7875868 s in the future\n"}
[0.999796] (turtlesim_msgs) StderrLine: {'line': b"gmake[2]: Warning: File 'CMakeFiles/turtlesim_msgs_s__rosidl_typesupport_c.dir/build.make' has modification time 7875868 s in the future\n"}
[0.999851] (turtlesim_msgs) StderrLine: {'line': b'gmake[2]: warning:  Clock skew detected.  Your build may be incomplete.\n'}
[0.999905] (turtlesim_msgs) StderrLine: {'line': b'gmake[2]: warning:  Clock skew detected.  Your build may be incomplete.\n'}
[0.999959] (turtlesim_msgs) StderrLine: {'line': b"gmake[2]: Warning: File 'CMakeFiles/turtlesim_msgs_s__rosidl_typesupport_fastrtps_c.dir/build.make' has modification time 7875868 s in the future\n"}
[1.000015] (turtlesim_msgs) StderrLine: {'line': b'gmake[2]: warning:  Clock skew detected.  Your build may be incomplete.\n'}
[1.000069] (turtlesim_msgs) StderrLine: {'line': b'gmake[2]: warning:  Clock skew detected.  Your build may be incomplete.\n'}
[1.000126] (turtlesim_msgs) StderrLine: {'line': b'gmake[2]: warning:  Clock skew detected.  Your build may be incomplete.\n'}
[1.000186] (turtlesim_msgs) StderrLine: {'line': b"gmake[2]: Warning: File 'CMakeFiles/turtlesim_msgs_s__rosidl_typesupport_introspection_c.dir/build.make' has modification time 7875868 s in the future\n"}
[1.000240] (turtlesim_msgs) StderrLine: {'line': b"gmake[2]: Warning: File 'CMakeFiles/turtlesim_msgs_s__rosidl_typesupport_c.dir/build.make' has modification time 7875868 s in the future\n"}
[1.000302] (turtlesim_msgs) StderrLine: {'line': b'gmake[2]: warning:  Clock skew detected.  Your build may be incomplete.\n'}
[1.000353] (turtlesim_msgs) StderrLine: {'line': b'gmake[2]: warning:  Clock skew detected.  Your build may be incomplete.\n'}
[1.000406] (turtlesim_msgs) StderrLine: {'line': b"gmake[2]: Warning: File 'CMakeFiles/ament_cmake_python_build_turtlesim_msgs_egg.dir/build.make' has modification time 7875868 s in the future\n"}
[1.000460] (turtlesim_msgs) StderrLine: {'line': b'gmake[2]: warning:  Clock skew detected.  Your build may be incomplete.\n'}
[1.000526] (turtlesim_msgs) StderrLine: {'line': b"gmake[2]: Warning: File 'CMakeFiles/ament_cmake_python_build_turtlesim_msgs_egg.dir/build.make' has modification time 7875868 s in the future\n"}
[1.007768] (-) TimerEvent: {}
[1.108258] (-) TimerEvent: {}
[1.208616] (-) TimerEvent: {}
[1.285224] (turtlesim_msgs) StdoutLine: {'line': b'running egg_info\n'}
[1.308691] (-) TimerEvent: {}
[1.309872] (turtlesim_msgs) StdoutLine: {'line': b'writing turtlesim_msgs.egg-info/PKG-INFO\n'}
[1.310912] (turtlesim_msgs) StdoutLine: {'line': b'writing dependency_links to turtlesim_msgs.egg-info/dependency_links.txt\n'}
[1.312003] (turtlesim_msgs) StdoutLine: {'line': b'writing top-level names to turtlesim_msgs.egg-info/top_level.txt\n'}
[1.404864] (turtlesim_msgs) StdoutLine: {'line': b"reading manifest file 'turtlesim_msgs.egg-info/SOURCES.txt'\n"}
[1.407702] (turtlesim_msgs) StdoutLine: {'line': b"writing manifest file 'turtlesim_msgs.egg-info/SOURCES.txt'\n"}
[1.408821] (-) TimerEvent: {}
[1.509380] (-) TimerEvent: {}
[1.585722] (turtlesim_msgs) StderrLine: {'line': b'gmake[2]: warning:  Clock skew detected.  Your build may be incomplete.\n'}
[1.600755] (turtlesim_msgs) StdoutLine: {'line': b'[100%] Built target ament_cmake_python_build_turtlesim_msgs_egg\n'}
[1.601692] (turtlesim_msgs) StderrLine: {'line': b'gmake[1]: warning:  Clock skew detected.  Your build may be incomplete.\n'}
[1.609527] (-) TimerEvent: {}
[1.622783] (turtlesim_msgs) StderrLine: {'line': b'gmake: warning:  Clock skew detected.  Your build may be incomplete.\n'}
[1.627633] (turtlesim_msgs) CommandEnded: {'returncode': 0}
[1.634016] (turtlesim_msgs) JobProgress: {'identifier': 'turtlesim_msgs', 'progress': 'install'}
[1.657614] (turtlesim_msgs) Command: {'cmd': ['/usr/bin/cmake', '--install', '/home/public/ros2ws/build/turtlesim_msgs'], 'cwd': '/home/public/ros2ws/build/turtlesim_msgs', 'env': OrderedDict({'LESSOPEN': '| /usr/bin/lesspipe %s', 'LANGUAGE': 'en', 'USER': 'admin', 'LC_TIME': 'C.UTF-8', 'XDG_SESSION_TYPE': 'wayland', 'PTYXIS_VERSION': '50.1', 'SHLVL': '1', 'LD_LIBRARY_PATH': '/opt/ros/lyrical/opt/gz_math_vendor/lib:/opt/ros/lyrical/opt/gz_utils_vendor/lib:/opt/ros/lyrical/opt/rviz_ogre_vendor/lib:/opt/ros/lyrical/lib/aarch64-linux-gnu:/opt/ros/lyrical/opt/gz_cmake_vendor/lib:/opt/ros/lyrical/lib', 'HOME': '/home/admin', 'DESKTOP_SESSION': 'ubuntu', 'IM_CONFIG_ENTRY': 'profile', 'ROS_PYTHON_VERSION': '3', 'GTK_MODULES': 'gail:atk-bridge', 'LC_MONETARY': 'C.UTF-8', 'MANAGERPID': '2997', 'DBUS_STARTER_BUS_TYPE': 'session', 'SYSTEMD_EXEC_PID': '3020', 'DBUS_SESSION_BUS_ADDRESS': 'unix:path=/run/user/1000/bus,guid=ba3ed99e88d8d1b52666fa5b69dfd9f2', 'COLORTERM': 'truecolor', 'DEBUGINFOD_URLS': 'https://debuginfod.ubuntu.com', 'WAYLAND_DISPLAY': 'wayland-0', 'ROS_DISTRO': 'lyrical', 'LOGNAME': 'admin', 'MANAGERPIDFDID': '648', '_': '/usr/bin/colcon', 'ROS_VERSION': '2', 'MEMORY_PRESSURE_WATCH': '/sys/fs/cgroup/user.slice/user-1000.slice/user@1000.service/session.slice/dbus.service/memory.pressure', 'XDG_SESSION_CLASS': 'user', 'USERNAME': 'admin', 'TERM': 'xterm-256color', 'GNOME_DESKTOP_SESSION_ID': 'this-is-deprecated', 'FLATPAK_TTY_PROGRESS': '1', 'PATH': '/opt/ros/lyrical/bin:/usr/local/sbin:/usr/local/bin:/usr/sbin:/usr/bin:/sbin:/bin:/usr/games:/usr/local/games:/snap/bin:/snap/bin', 'INVOCATION_ID': 'b3d9087076ca4eb981e4550af0a7070a', 'PAPERSIZE': 'a4', 'XDG_MENU_PREFIX': 'gnome-', 'PTYXIS_PROFILE': '46b325db7867804b9a1cc0046a1f6a7b', 'LC_ADDRESS': 'C.UTF-8', 'GNOME_SETUP_DISPLAY': 'unix:/tmp/.X11-unix/X1', 'XDG_RUNTIME_DIR': '/run/user/1000', 'DISPLAY': ':0', 'LANG': 'en_US.UTF-8', 'XDG_CURRENT_DESKTOP': 'ubuntu:GNOME', 'LC_TELEPHONE': 'C.UTF-8', 'XMODIFIERS': '@im=ibus', 'XDG_SESSION_DESKTOP': 'ubuntu', 'XAUTHORITY': '/run/user/1000/.mutter-Xwaylandauth.9DTPN3', 'LS_COLORS': 'rs=0:di=01;34:ln=01;36:mh=00:pi=40;33:so=01;35:do=01;35:bd=40;33;01:cd=40;33;01:or=40;31;01:mi=00:su=37;41:sg=30;43:ca=00:tw=30;42:ow=34;42:st=37;44:ex=01;32:*.tar=01;31:*.tgz=01;31:*.arc=01;31:*.arj=01;31:*.taz=01;31:*.lha=01;31:*.lz4=01;31:*.lzh=01;31:*.lzma=01;31:*.tlz=01;31:*.txz=01;31:*.tzo=01;31:*.t7z=01;31:*.zip=01;31:*.z=01;31:*.dz=01;31:*.gz=01;31:*.lrz=01;31:*.lz=01;31:*.lzo=01;31:*.xz=01;31:*.zst=01;31:*.tzst=01;31:*.bz2=01;31:*.bz=01;31:*.tbz=01;31:*.tbz2=01;31:*.tz=01;31:*.deb=01;31:*.rpm=01;31:*.jar=01;31:*.war=01;31:*.ear=01;31:*.sar=01;31:*.rar=01;31:*.alz=01;31:*.ace=01;31:*.zoo=01;31:*.cpio=01;31:*.7z=01;31:*.rz=01;31:*.cab=01;31:*.wim=01;31:*.swm=01;31:*.dwm=01;31:*.esd=01;31:*.avif=01;35:*.jpg=01;35:*.jpeg=01;35:*.mjpg=01;35:*.mjpeg=01;35:*.gif=01;35:*.bmp=01;35:*.pbm=01;35:*.pgm=01;35:*.ppm=01;35:*.tga=01;35:*.xbm=01;35:*.xpm=01;35:*.tif=01;35:*.tiff=01;35:*.png=01;35:*.svg=01;35:*.svgz=01;35:*.mng=01;35:*.pcx=01;35:*.mov=01;35:*.mpg=01;35:*.mpeg=01;35:*.m2v=01;35:*.mkv=01;35:*.webm=01;35:*.webp=01;35:*.ogm=01;35:*.mp4=01;35:*.m4v=01;35:*.mp4v=01;35:*.vob=01;35:*.qt=01;35:*.nuv=01;35:*.wmv=01;35:*.asf=01;35:*.rm=01;35:*.rmvb=01;35:*.flc=01;35:*.avi=01;35:*.fli=01;35:*.flv=01;35:*.gl=01;35:*.dl=01;35:*.xcf=01;35:*.xwd=01;35:*.yuv=01;35:*.cgm=01;35:*.emf=01;35:*.ogv=01;35:*.ogx=01;35:*.aac=00;36:*.au=00;36:*.flac=00;36:*.m4a=00;36:*.mid=00;36:*.midi=00;36:*.mka=00;36:*.mp3=00;36:*.mpc=00;36:*.ogg=00;36:*.ra=00;36:*.wav=00;36:*.oga=00;36:*.opus=00;36:*.spx=00;36:*.xspf=00;36:*~=00;90:*#=00;90:*.bak=00;90:*.old=00;90:*.orig=00;90:*.part=00;90:*.rej=00;90:*.swp=00;90:*.tmp=00;90:*.dpkg-dist=00;90:*.dpkg-old=00;90:*.ucf-dist=00;90:*.ucf-new=00;90:*.ucf-old=00;90:*.rpmnew=00;90:*.rpmorig=00;90:*.rpmsave=00;90:', 'SSH_AUTH_SOCK': '/run/user/1000/gcr/ssh', 'AMENT_PREFIX_PATH': '/opt/ros/lyrical', 'SHELL': '/bin/bash', 'LC_NAME': 'C.UTF-8', 'QT_ACCESSIBILITY': '1', 'GDMSESSION': 'ubuntu', 'LESSCLOSE': '/usr/bin/lesspipe %s %s', 'LC_MEASUREMENT': 'C.UTF-8', 'GPG_AGENT_INFO': '/run/user/1000/gnupg/S.gpg-agent:0:1', 'LC_IDENTIFICATION': 'C.UTF-8', 'GSK_RENDERER': 'gl', 'ROS_AUTOMATIC_DISCOVERY_RANGE': 'SUBNET', 'QT_IM_MODULE': 'ibus', 'PWD': '/home/public/ros2ws/build/turtlesim_msgs', 'XDG_CONFIG_DIRS': '/etc/xdg/xdg-ubuntu:/etc/xdg', 'DBUS_STARTER_ADDRESS': 'unix:path=/run/user/1000/bus,guid=ba3ed99e88d8d1b52666fa5b69dfd9f2', 'XDG_DATA_DIRS': '/usr/share/ubuntu:/usr/share/gnome:/usr/local/share/:/usr/share/:/var/lib/snapd/desktop', 'XDG_SESSION_EXTRA_DEVICE_ACCESS': 'render:accel', 'PYTHONPATH': '/opt/ros/lyrical/opt/gz_math_vendor/lib/python:/opt/ros/lyrical/lib/python3.14/site-packages', 'LC_NUMERIC': 'C.UTF-8', 'LC_PAPER': 'C.UTF-8', 'COLCON': '1', 'QT_IM_MODULES': 'wayland;ibus', 'MEMORY_PRESSURE_WRITE': 'c29tZSAyMDAwMDAgMjAwMDAwMAA=', 'VTE_VERSION': '8400', 'CMAKE_PREFIX_PATH': '/opt/ros/lyrical/opt/gz_math_vendor:/opt/ros/lyrical/opt/gz_utils_vendor:/opt/ros/lyrical/opt/gz_cmake_vendor:/opt/ros/lyrical'}), 'shell': False}
[1.680014] (turtlesim_msgs) StdoutLine: {'line': b'-- Install configuration: ""\n'}
[1.683638] (turtlesim_msgs) StdoutLine: {'line': b'-- Execute custom install script\n'}
[1.687806] (turtlesim_msgs) StdoutLine: {'line': b'-- Up-to-date symlink: /home/public/ros2ws/install/turtlesim_msgs/share/ament_index/resource_index/rosidl_interfaces/turtlesim_msgs\n'}
[1.690324] (turtlesim_msgs) StdoutLine: {'line': b'-- Up-to-date symlink: /home/public/ros2ws/install/turtlesim_msgs/share/turtlesim_msgs/action/RotateAbsolute.json\n'}
[1.692050] (turtlesim_msgs) StdoutLine: {'line': b'-- Up-to-date symlink: /home/public/ros2ws/install/turtlesim_msgs/share/turtlesim_msgs/msg/Color.json\n'}
[1.693235] (turtlesim_msgs) StdoutLine: {'line': b'-- Up-to-date symlink: /home/public/ros2ws/install/turtlesim_msgs/share/turtlesim_msgs/msg/Pose.json\n'}
[1.694967] (turtlesim_msgs) StdoutLine: {'line': b'-- Up-to-date symlink: /home/public/ros2ws/install/turtlesim_msgs/share/turtlesim_msgs/srv/Kill.json\n'}
[1.696383] (turtlesim_msgs) StdoutLine: {'line': b'-- Up-to-date symlink: /home/public/ros2ws/install/turtlesim_msgs/share/turtlesim_msgs/srv/SetPen.json\n'}
[1.697833] (turtlesim_msgs) StdoutLine: {'line': b'-- Up-to-date symlink: /home/public/ros2ws/install/turtlesim_msgs/share/turtlesim_msgs/srv/Spawn.json\n'}
[1.698936] (turtlesim_msgs) StdoutLine: {'line': b'-- Up-to-date symlink: /home/public/ros2ws/install/turtlesim_msgs/share/turtlesim_msgs/srv/TeleportAbsolute.json\n'}
[1.700448] (turtlesim_msgs) StdoutLine: {'line': b'-- Up-to-date symlink: /home/public/ros2ws/install/turtlesim_msgs/share/turtlesim_msgs/srv/TeleportRelative.json\n'}
[1.704351] (turtlesim_msgs) StdoutLine: {'line': b'-- Up-to-date symlink: /home/public/ros2ws/install/turtlesim_msgs/include/turtlesim_msgs/turtlesim_msgs/action/detail/rotate_absolute__functions.h\n'}
[1.705505] (turtlesim_msgs) StdoutLine: {'line': b'-- Up-to-date symlink: /home/public/ros2ws/install/turtlesim_msgs/include/turtlesim_msgs/turtlesim_msgs/action/detail/rotate_absolute__struct.h\n'}
[1.707022] (turtlesim_msgs) StdoutLine: {'line': b'-- Up-to-date symlink: /home/public/ros2ws/install/turtlesim_msgs/include/turtlesim_msgs/turtlesim_msgs/action/detail/rotate_absolute__type_support.h\n'}
[1.707939] (turtlesim_msgs) StdoutLine: {'line': b'-- Up-to-date symlink: /home/public/ros2ws/install/turtlesim_msgs/include/turtlesim_msgs/turtlesim_msgs/action/rotate_absolute.h\n'}
[1.709708] (turtlesim_msgs) StdoutLine: {'line': b'-- Up-to-date symlink: /home/public/ros2ws/install/turtlesim_msgs/include/turtlesim_msgs/turtlesim_msgs/msg/color.h\n'}
[1.710127] (-) TimerEvent: {}
[1.711199] (turtlesim_msgs) StdoutLine: {'line': b'-- Up-to-date symlink: /home/public/ros2ws/install/turtlesim_msgs/include/turtlesim_msgs/turtlesim_msgs/msg/detail/color__functions.h\n'}
[1.712441] (turtlesim_msgs) StdoutLine: {'line': b'-- Up-to-date symlink: /home/public/ros2ws/install/turtlesim_msgs/include/turtlesim_msgs/turtlesim_msgs/msg/detail/color__struct.h\n'}
[1.714424] (turtlesim_msgs) StdoutLine: {'line': b'-- Up-to-date symlink: /home/public/ros2ws/install/turtlesim_msgs/include/turtlesim_msgs/turtlesim_msgs/msg/detail/color__type_support.h\n'}
[1.715500] (turtlesim_msgs) StdoutLine: {'line': b'-- Up-to-date symlink: /home/public/ros2ws/install/turtlesim_msgs/include/turtlesim_msgs/turtlesim_msgs/msg/detail/pose__functions.h\n'}
[1.716846] (turtlesim_msgs) StdoutLine: {'line': b'-- Up-to-date symlink: /home/public/ros2ws/install/turtlesim_msgs/include/turtlesim_msgs/turtlesim_msgs/msg/detail/pose__struct.h\n'}
[1.718073] (turtlesim_msgs) StdoutLine: {'line': b'-- Up-to-date symlink: /home/public/ros2ws/install/turtlesim_msgs/include/turtlesim_msgs/turtlesim_msgs/msg/detail/pose__type_support.h\n'}
[1.718961] (turtlesim_msgs) StdoutLine: {'line': b'-- Up-to-date symlink: /home/public/ros2ws/install/turtlesim_msgs/include/turtlesim_msgs/turtlesim_msgs/msg/pose.h\n'}
[1.719534] (turtlesim_msgs) StdoutLine: {'line': b'-- Up-to-date symlink: /home/public/ros2ws/install/turtlesim_msgs/include/turtlesim_msgs/turtlesim_msgs/msg/rosidl_generator_c__visibility_control.h\n'}
[1.722539] (turtlesim_msgs) StdoutLine: {'line': b'-- Up-to-date symlink: /home/public/ros2ws/install/turtlesim_msgs/include/turtlesim_msgs/turtlesim_msgs/srv/detail/kill__functions.h\n'}
[1.723585] (turtlesim_msgs) StdoutLine: {'line': b'-- Up-to-date symlink: /home/public/ros2ws/install/turtlesim_msgs/include/turtlesim_msgs/turtlesim_msgs/srv/detail/kill__struct.h\n'}
[1.724490] (turtlesim_msgs) StdoutLine: {'line': b'-- Up-to-date symlink: /home/public/ros2ws/install/turtlesim_msgs/include/turtlesim_msgs/turtlesim_msgs/srv/detail/kill__type_support.h\n'}
[1.725605] (turtlesim_msgs) StdoutLine: {'line': b'-- Up-to-date symlink: /home/public/ros2ws/install/turtlesim_msgs/include/turtlesim_msgs/turtlesim_msgs/srv/detail/set_pen__functions.h\n'}
[1.726121] (turtlesim_msgs) StdoutLine: {'line': b'-- Up-to-date symlink: /home/public/ros2ws/install/turtlesim_msgs/include/turtlesim_msgs/turtlesim_msgs/srv/detail/set_pen__struct.h\n'}
[1.731411] (turtlesim_msgs) StdoutLine: {'line': b'-- Up-to-date symlink: /home/public/ros2ws/install/turtlesim_msgs/include/turtlesim_msgs/turtlesim_msgs/srv/detail/set_pen__type_support.h\n'}
[1.732198] (turtlesim_msgs) StdoutLine: {'line': b'-- Up-to-date symlink: /home/public/ros2ws/install/turtlesim_msgs/include/turtlesim_msgs/turtlesim_msgs/srv/detail/spawn__functions.h\n'}
[1.732875] (turtlesim_msgs) StdoutLine: {'line': b'-- Up-to-date symlink: /home/public/ros2ws/install/turtlesim_msgs/include/turtlesim_msgs/turtlesim_msgs/srv/detail/spawn__struct.h\n'}
[1.733494] (turtlesim_msgs) StdoutLine: {'line': b'-- Up-to-date symlink: /home/public/ros2ws/install/turtlesim_msgs/include/turtlesim_msgs/turtlesim_msgs/srv/detail/spawn__type_support.h\n'}
[1.733957] (turtlesim_msgs) StdoutLine: {'line': b'-- Up-to-date symlink: /home/public/ros2ws/install/turtlesim_msgs/include/turtlesim_msgs/turtlesim_msgs/srv/detail/teleport_absolute__functions.h\n'}
[1.735147] (turtlesim_msgs) StdoutLine: {'line': b'-- Up-to-date symlink: /home/public/ros2ws/install/turtlesim_msgs/include/turtlesim_msgs/turtlesim_msgs/srv/detail/teleport_absolute__struct.h\n'}
[1.737629] (turtlesim_msgs) StdoutLine: {'line': b'-- Up-to-date symlink: /home/public/ros2ws/install/turtlesim_msgs/include/turtlesim_msgs/turtlesim_msgs/srv/detail/teleport_absolute__type_support.h\n'}
[1.739239] (turtlesim_msgs) StdoutLine: {'line': b'-- Up-to-date symlink: /home/public/ros2ws/install/turtlesim_msgs/include/turtlesim_msgs/turtlesim_msgs/srv/detail/teleport_relative__functions.h\n'}
[1.740783] (turtlesim_msgs) StdoutLine: {'line': b'-- Up-to-date symlink: /home/public/ros2ws/install/turtlesim_msgs/include/turtlesim_msgs/turtlesim_msgs/srv/detail/teleport_relative__struct.h\n'}
[1.741414] (turtlesim_msgs) StdoutLine: {'line': b'-- Up-to-date symlink: /home/public/ros2ws/install/turtlesim_msgs/include/turtlesim_msgs/turtlesim_msgs/srv/detail/teleport_relative__type_support.h\n'}
[1.741878] (turtlesim_msgs) StdoutLine: {'line': b'-- Up-to-date symlink: /home/public/ros2ws/install/turtlesim_msgs/include/turtlesim_msgs/turtlesim_msgs/srv/kill.h\n'}
[1.744526] (turtlesim_msgs) StdoutLine: {'line': b'-- Up-to-date symlink: /home/public/ros2ws/install/turtlesim_msgs/include/turtlesim_msgs/turtlesim_msgs/srv/set_pen.h\n'}
[1.745780] (turtlesim_msgs) StdoutLine: {'line': b'-- Up-to-date symlink: /home/public/ros2ws/install/turtlesim_msgs/include/turtlesim_msgs/turtlesim_msgs/srv/spawn.h\n'}
[1.746339] (turtlesim_msgs) StdoutLine: {'line': b'-- Up-to-date symlink: /home/public/ros2ws/install/turtlesim_msgs/include/turtlesim_msgs/turtlesim_msgs/srv/teleport_absolute.h\n'}
[1.747511] (turtlesim_msgs) StdoutLine: {'line': b'-- Up-to-date symlink: /home/public/ros2ws/install/turtlesim_msgs/include/turtlesim_msgs/turtlesim_msgs/srv/teleport_relative.h\n'}
[1.749794] (turtlesim_msgs) StdoutLine: {'line': b'-- Up-to-date symlink: /home/public/ros2ws/install/turtlesim_msgs/share/turtlesim_msgs/environment/library_path.sh\n'}
[1.752262] (turtlesim_msgs) StdoutLine: {'line': b'-- Up-to-date symlink: /home/public/ros2ws/install/turtlesim_msgs/share/turtlesim_msgs/environment/library_path.dsv\n'}
[1.752836] (turtlesim_msgs) StdoutLine: {'line': b'-- Up-to-date symlink: /home/public/ros2ws/install/turtlesim_msgs/include/turtlesim_msgs/turtlesim_msgs/action/detail/rotate_absolute__rosidl_typesupport_fastrtps_c.h\n'}
[1.753962] (turtlesim_msgs) StdoutLine: {'line': b'-- Up-to-date symlink: /home/public/ros2ws/install/turtlesim_msgs/include/turtlesim_msgs/turtlesim_msgs/msg/detail/color__rosidl_typesupport_fastrtps_c.h\n'}
[1.755326] (turtlesim_msgs) StdoutLine: {'line': b'-- Up-to-date symlink: /home/public/ros2ws/install/turtlesim_msgs/include/turtlesim_msgs/turtlesim_msgs/msg/detail/pose__rosidl_typesupport_fastrtps_c.h\n'}
[1.756330] (turtlesim_msgs) StdoutLine: {'line': b'-- Up-to-date symlink: /home/public/ros2ws/install/turtlesim_msgs/include/turtlesim_msgs/turtlesim_msgs/msg/rosidl_typesupport_fastrtps_c__visibility_control.h\n'}
[1.757458] (turtlesim_msgs) StdoutLine: {'line': b'-- Up-to-date symlink: /home/public/ros2ws/install/turtlesim_msgs/include/turtlesim_msgs/turtlesim_msgs/srv/detail/kill__rosidl_typesupport_fastrtps_c.h\n'}
[1.759729] (turtlesim_msgs) StdoutLine: {'line': b'-- Up-to-date symlink: /home/public/ros2ws/install/turtlesim_msgs/include/turtlesim_msgs/turtlesim_msgs/srv/detail/set_pen__rosidl_typesupport_fastrtps_c.h\n'}
[1.761414] (turtlesim_msgs) StdoutLine: {'line': b'-- Up-to-date symlink: /home/public/ros2ws/install/turtlesim_msgs/include/turtlesim_msgs/turtlesim_msgs/srv/detail/spawn__rosidl_typesupport_fastrtps_c.h\n'}
[1.762942] (turtlesim_msgs) StdoutLine: {'line': b'-- Up-to-date symlink: /home/public/ros2ws/install/turtlesim_msgs/include/turtlesim_msgs/turtlesim_msgs/srv/detail/teleport_absolute__rosidl_typesupport_fastrtps_c.h\n'}
[1.765942] (turtlesim_msgs) StdoutLine: {'line': b'-- Up-to-date symlink: /home/public/ros2ws/install/turtlesim_msgs/include/turtlesim_msgs/turtlesim_msgs/srv/detail/teleport_relative__rosidl_typesupport_fastrtps_c.h\n'}
[1.768031] (turtlesim_msgs) StdoutLine: {'line': b'-- Up-to-date symlink: /home/public/ros2ws/install/turtlesim_msgs/include/turtlesim_msgs/turtlesim_msgs/action/detail/rotate_absolute__builder.hpp\n'}
[1.769878] (turtlesim_msgs) StdoutLine: {'line': b'-- Up-to-date symlink: /home/public/ros2ws/install/turtlesim_msgs/include/turtlesim_msgs/turtlesim_msgs/action/detail/rotate_absolute__struct.hpp\n'}
[1.771101] (turtlesim_msgs) StdoutLine: {'line': b'-- Up-to-date symlink: /home/public/ros2ws/install/turtlesim_msgs/include/turtlesim_msgs/turtlesim_msgs/action/detail/rotate_absolute__traits.hpp\n'}
[1.772505] (turtlesim_msgs) StdoutLine: {'line': b'-- Up-to-date symlink: /home/public/ros2ws/install/turtlesim_msgs/include/turtlesim_msgs/turtlesim_msgs/action/detail/rotate_absolute__type_support.hpp\n'}
[1.773646] (turtlesim_msgs) StdoutLine: {'line': b'-- Up-to-date symlink: /home/public/ros2ws/install/turtlesim_msgs/include/turtlesim_msgs/turtlesim_msgs/action/rotate_absolute.hpp\n'}
[1.774823] (turtlesim_msgs) StdoutLine: {'line': b'-- Up-to-date symlink: /home/public/ros2ws/install/turtlesim_msgs/include/turtlesim_msgs/turtlesim_msgs/msg/color.hpp\n'}
[1.775886] (turtlesim_msgs) StdoutLine: {'line': b'-- Up-to-date symlink: /home/public/ros2ws/install/turtlesim_msgs/include/turtlesim_msgs/turtlesim_msgs/msg/detail/color__builder.hpp\n'}
[1.777173] (turtlesim_msgs) StdoutLine: {'line': b'-- Up-to-date symlink: /home/public/ros2ws/install/turtlesim_msgs/include/turtlesim_msgs/turtlesim_msgs/msg/detail/color__struct.hpp\n'}
[1.778751] (turtlesim_msgs) StdoutLine: {'line': b'-- Up-to-date symlink: /home/public/ros2ws/install/turtlesim_msgs/include/turtlesim_msgs/turtlesim_msgs/msg/detail/color__traits.hpp\n'}
[1.779672] (turtlesim_msgs) StdoutLine: {'line': b'-- Up-to-date symlink: /home/public/ros2ws/install/turtlesim_msgs/include/turtlesim_msgs/turtlesim_msgs/msg/detail/color__type_support.hpp\n'}
[1.780109] (turtlesim_msgs) StdoutLine: {'line': b'-- Up-to-date symlink: /home/public/ros2ws/install/turtlesim_msgs/include/turtlesim_msgs/turtlesim_msgs/msg/detail/pose__builder.hpp\n'}
[1.781077] (turtlesim_msgs) StdoutLine: {'line': b'-- Up-to-date symlink: /home/public/ros2ws/install/turtlesim_msgs/include/turtlesim_msgs/turtlesim_msgs/msg/detail/pose__struct.hpp\n'}
[1.781673] (turtlesim_msgs) StdoutLine: {'line': b'-- Up-to-date symlink: /home/public/ros2ws/install/turtlesim_msgs/include/turtlesim_msgs/turtlesim_msgs/msg/detail/pose__traits.hpp\n'}
[1.782680] (turtlesim_msgs) StdoutLine: {'line': b'-- Up-to-date symlink: /home/public/ros2ws/install/turtlesim_msgs/include/turtlesim_msgs/turtlesim_msgs/msg/detail/pose__type_support.hpp\n'}
[1.783260] (turtlesim_msgs) StdoutLine: {'line': b'-- Up-to-date symlink: /home/public/ros2ws/install/turtlesim_msgs/include/turtlesim_msgs/turtlesim_msgs/msg/pose.hpp\n'}
[1.783661] (turtlesim_msgs) StdoutLine: {'line': b'-- Up-to-date symlink: /home/public/ros2ws/install/turtlesim_msgs/include/turtlesim_msgs/turtlesim_msgs/msg/rosidl_generator_cpp__visibility_control.hpp\n'}
[1.784410] (turtlesim_msgs) StdoutLine: {'line': b'-- Up-to-date symlink: /home/public/ros2ws/install/turtlesim_msgs/include/turtlesim_msgs/turtlesim_msgs/srv/detail/kill__builder.hpp\n'}
[1.785307] (turtlesim_msgs) StdoutLine: {'line': b'-- Up-to-date symlink: /home/public/ros2ws/install/turtlesim_msgs/include/turtlesim_msgs/turtlesim_msgs/srv/detail/kill__struct.hpp\n'}
[1.785692] (turtlesim_msgs) StdoutLine: {'line': b'-- Up-to-date symlink: /home/public/ros2ws/install/turtlesim_msgs/include/turtlesim_msgs/turtlesim_msgs/srv/detail/kill__traits.hpp\n'}
[1.786666] (turtlesim_msgs) StdoutLine: {'line': b'-- Up-to-date symlink: /home/public/ros2ws/install/turtlesim_msgs/include/turtlesim_msgs/turtlesim_msgs/srv/detail/kill__type_support.hpp\n'}
[1.787245] (turtlesim_msgs) StdoutLine: {'line': b'-- Up-to-date symlink: /home/public/ros2ws/install/turtlesim_msgs/include/turtlesim_msgs/turtlesim_msgs/srv/detail/set_pen__builder.hpp\n'}
[1.787628] (turtlesim_msgs) StdoutLine: {'line': b'-- Up-to-date symlink: /home/public/ros2ws/install/turtlesim_msgs/include/turtlesim_msgs/turtlesim_msgs/srv/detail/set_pen__struct.hpp\n'}
[1.788365] (turtlesim_msgs) StdoutLine: {'line': b'-- Up-to-date symlink: /home/public/ros2ws/install/turtlesim_msgs/include/turtlesim_msgs/turtlesim_msgs/srv/detail/set_pen__traits.hpp\n'}
[1.789292] (turtlesim_msgs) StdoutLine: {'line': b'-- Up-to-date symlink: /home/public/ros2ws/install/turtlesim_msgs/include/turtlesim_msgs/turtlesim_msgs/srv/detail/set_pen__type_support.hpp\n'}
[1.789976] (turtlesim_msgs) StdoutLine: {'line': b'-- Up-to-date symlink: /home/public/ros2ws/install/turtlesim_msgs/include/turtlesim_msgs/turtlesim_msgs/srv/detail/spawn__builder.hpp\n'}
[1.790339] (turtlesim_msgs) StdoutLine: {'line': b'-- Up-to-date symlink: /home/public/ros2ws/install/turtlesim_msgs/include/turtlesim_msgs/turtlesim_msgs/srv/detail/spawn__struct.hpp\n'}
[1.791050] (turtlesim_msgs) StdoutLine: {'line': b'-- Up-to-date symlink: /home/public/ros2ws/install/turtlesim_msgs/include/turtlesim_msgs/turtlesim_msgs/srv/detail/spawn__traits.hpp\n'}
[1.791906] (turtlesim_msgs) StdoutLine: {'line': b'-- Up-to-date symlink: /home/public/ros2ws/install/turtlesim_msgs/include/turtlesim_msgs/turtlesim_msgs/srv/detail/spawn__type_support.hpp\n'}
[1.792427] (turtlesim_msgs) StdoutLine: {'line': b'-- Up-to-date symlink: /home/public/ros2ws/install/turtlesim_msgs/include/turtlesim_msgs/turtlesim_msgs/srv/detail/teleport_absolute__builder.hpp\n'}
[1.792792] (turtlesim_msgs) StdoutLine: {'line': b'-- Up-to-date symlink: /home/public/ros2ws/install/turtlesim_msgs/include/turtlesim_msgs/turtlesim_msgs/srv/detail/teleport_absolute__struct.hpp\n'}
[1.793467] (turtlesim_msgs) StdoutLine: {'line': b'-- Up-to-date symlink: /home/public/ros2ws/install/turtlesim_msgs/include/turtlesim_msgs/turtlesim_msgs/srv/detail/teleport_absolute__traits.hpp\n'}
[1.794348] (turtlesim_msgs) StdoutLine: {'line': b'-- Up-to-date symlink: /home/public/ros2ws/install/turtlesim_msgs/include/turtlesim_msgs/turtlesim_msgs/srv/detail/teleport_absolute__type_support.hpp\n'}
[1.794905] (turtlesim_msgs) StdoutLine: {'line': b'-- Up-to-date symlink: /home/public/ros2ws/install/turtlesim_msgs/include/turtlesim_msgs/turtlesim_msgs/srv/detail/teleport_relative__builder.hpp\n'}
[1.795277] (turtlesim_msgs) StdoutLine: {'line': b'-- Up-to-date symlink: /home/public/ros2ws/install/turtlesim_msgs/include/turtlesim_msgs/turtlesim_msgs/srv/detail/teleport_relative__struct.hpp\n'}
[1.795973] (turtlesim_msgs) StdoutLine: {'line': b'-- Up-to-date symlink: /home/public/ros2ws/install/turtlesim_msgs/include/turtlesim_msgs/turtlesim_msgs/srv/detail/teleport_relative__traits.hpp\n'}
[1.796822] (turtlesim_msgs) StdoutLine: {'line': b'-- Up-to-date symlink: /home/public/ros2ws/install/turtlesim_msgs/include/turtlesim_msgs/turtlesim_msgs/srv/detail/teleport_relative__type_support.hpp\n'}
[1.797356] (turtlesim_msgs) StdoutLine: {'line': b'-- Up-to-date symlink: /home/public/ros2ws/install/turtlesim_msgs/include/turtlesim_msgs/turtlesim_msgs/srv/kill.hpp\n'}
[1.797723] (turtlesim_msgs) StdoutLine: {'line': b'-- Up-to-date symlink: /home/public/ros2ws/install/turtlesim_msgs/include/turtlesim_msgs/turtlesim_msgs/srv/set_pen.hpp\n'}
[1.798396] (turtlesim_msgs) StdoutLine: {'line': b'-- Up-to-date symlink: /home/public/ros2ws/install/turtlesim_msgs/include/turtlesim_msgs/turtlesim_msgs/srv/spawn.hpp\n'}
[1.799389] (turtlesim_msgs) StdoutLine: {'line': b'-- Up-to-date symlink: /home/public/ros2ws/install/turtlesim_msgs/include/turtlesim_msgs/turtlesim_msgs/srv/teleport_absolute.hpp\n'}
[1.800694] (turtlesim_msgs) StdoutLine: {'line': b'-- Up-to-date symlink: /home/public/ros2ws/install/turtlesim_msgs/include/turtlesim_msgs/turtlesim_msgs/srv/teleport_relative.hpp\n'}
[1.801072] (turtlesim_msgs) StdoutLine: {'line': b'-- Up-to-date symlink: /home/public/ros2ws/install/turtlesim_msgs/include/turtlesim_msgs/turtlesim_msgs/action/detail/rotate_absolute__rosidl_typesupport_fastrtps_cpp.hpp\n'}
[1.801809] (turtlesim_msgs) StdoutLine: {'line': b'-- Up-to-date symlink: /home/public/ros2ws/install/turtlesim_msgs/include/turtlesim_msgs/turtlesim_msgs/msg/detail/color__rosidl_typesupport_fastrtps_cpp.hpp\n'}
[1.802516] (turtlesim_msgs) StdoutLine: {'line': b'-- Up-to-date symlink: /home/public/ros2ws/install/turtlesim_msgs/include/turtlesim_msgs/turtlesim_msgs/msg/detail/pose__rosidl_typesupport_fastrtps_cpp.hpp\n'}
[1.803255] (turtlesim_msgs) StdoutLine: {'line': b'-- Up-to-date symlink: /home/public/ros2ws/install/turtlesim_msgs/include/turtlesim_msgs/turtlesim_msgs/msg/rosidl_typesupport_fastrtps_cpp__visibility_control.h\n'}
[1.803970] (turtlesim_msgs) StdoutLine: {'line': b'-- Up-to-date symlink: /home/public/ros2ws/install/turtlesim_msgs/include/turtlesim_msgs/turtlesim_msgs/srv/detail/kill__rosidl_typesupport_fastrtps_cpp.hpp\n'}
[1.804681] (turtlesim_msgs) StdoutLine: {'line': b'-- Up-to-date symlink: /home/public/ros2ws/install/turtlesim_msgs/include/turtlesim_msgs/turtlesim_msgs/srv/detail/set_pen__rosidl_typesupport_fastrtps_cpp.hpp\n'}
[1.805545] (turtlesim_msgs) StdoutLine: {'line': b'-- Up-to-date symlink: /home/public/ros2ws/install/turtlesim_msgs/include/turtlesim_msgs/turtlesim_msgs/srv/detail/spawn__rosidl_typesupport_fastrtps_cpp.hpp\n'}
[1.806076] (turtlesim_msgs) StdoutLine: {'line': b'-- Up-to-date symlink: /home/public/ros2ws/install/turtlesim_msgs/include/turtlesim_msgs/turtlesim_msgs/srv/detail/teleport_absolute__rosidl_typesupport_fastrtps_cpp.hpp\n'}
[1.806427] (turtlesim_msgs) StdoutLine: {'line': b'-- Up-to-date symlink: /home/public/ros2ws/install/turtlesim_msgs/include/turtlesim_msgs/turtlesim_msgs/srv/detail/teleport_relative__rosidl_typesupport_fastrtps_cpp.hpp\n'}
[1.807573] (turtlesim_msgs) StdoutLine: {'line': b'-- Up-to-date symlink: /home/public/ros2ws/install/turtlesim_msgs/include/turtlesim_msgs/turtlesim_msgs/action/detail/rotate_absolute__rosidl_typesupport_introspection_c.h\n'}
[1.808421] (turtlesim_msgs) StdoutLine: {'line': b'-- Up-to-date symlink: /home/public/ros2ws/install/turtlesim_msgs/include/turtlesim_msgs/turtlesim_msgs/msg/detail/color__rosidl_typesupport_introspection_c.h\n'}
[1.808779] (turtlesim_msgs) StdoutLine: {'line': b'-- Up-to-date symlink: /home/public/ros2ws/install/turtlesim_msgs/include/turtlesim_msgs/turtlesim_msgs/msg/detail/pose__rosidl_typesupport_introspection_c.h\n'}
[1.809612] (turtlesim_msgs) StdoutLine: {'line': b'-- Up-to-date symlink: /home/public/ros2ws/install/turtlesim_msgs/include/turtlesim_msgs/turtlesim_msgs/msg/rosidl_typesupport_introspection_c__visibility_control.h\n'}
[1.810136] (turtlesim_msgs) StdoutLine: {'line': b'-- Up-to-date symlink: /home/public/ros2ws/install/turtlesim_msgs/include/turtlesim_msgs/turtlesim_msgs/srv/detail/kill__rosidl_typesupport_introspection_c.h\n'}
[1.810251] (-) TimerEvent: {}
[1.810743] (turtlesim_msgs) StdoutLine: {'line': b'-- Up-to-date symlink: /home/public/ros2ws/install/turtlesim_msgs/include/turtlesim_msgs/turtlesim_msgs/srv/detail/set_pen__rosidl_typesupport_introspection_c.h\n'}
[1.811303] (turtlesim_msgs) StdoutLine: {'line': b'-- Up-to-date symlink: /home/public/ros2ws/install/turtlesim_msgs/include/turtlesim_msgs/turtlesim_msgs/srv/detail/spawn__rosidl_typesupport_introspection_c.h\n'}
[1.811791] (turtlesim_msgs) StdoutLine: {'line': b'-- Up-to-date symlink: /home/public/ros2ws/install/turtlesim_msgs/include/turtlesim_msgs/turtlesim_msgs/srv/detail/teleport_absolute__rosidl_typesupport_introspection_c.h\n'}
[1.813625] (turtlesim_msgs) StdoutLine: {'line': b'-- Up-to-date symlink: /home/public/ros2ws/install/turtlesim_msgs/include/turtlesim_msgs/turtlesim_msgs/srv/detail/teleport_relative__rosidl_typesupport_introspection_c.h\n'}
[1.815195] (turtlesim_msgs) StdoutLine: {'line': b'-- Up-to-date symlink: /home/public/ros2ws/install/turtlesim_msgs/include/turtlesim_msgs/turtlesim_msgs/action/detail/rotate_absolute__rosidl_typesupport_introspection_cpp.hpp\n'}
[1.816089] (turtlesim_msgs) StdoutLine: {'line': b'-- Up-to-date symlink: /home/public/ros2ws/install/turtlesim_msgs/include/turtlesim_msgs/turtlesim_msgs/msg/detail/color__rosidl_typesupport_introspection_cpp.hpp\n'}
[1.817185] (turtlesim_msgs) StdoutLine: {'line': b'-- Up-to-date symlink: /home/public/ros2ws/install/turtlesim_msgs/include/turtlesim_msgs/turtlesim_msgs/msg/detail/pose__rosidl_typesupport_introspection_cpp.hpp\n'}
[1.817793] (turtlesim_msgs) StdoutLine: {'line': b'-- Up-to-date symlink: /home/public/ros2ws/install/turtlesim_msgs/include/turtlesim_msgs/turtlesim_msgs/srv/detail/kill__rosidl_typesupport_introspection_cpp.hpp\n'}
[1.820332] (turtlesim_msgs) StdoutLine: {'line': b'-- Up-to-date symlink: /home/public/ros2ws/install/turtlesim_msgs/include/turtlesim_msgs/turtlesim_msgs/srv/detail/set_pen__rosidl_typesupport_introspection_cpp.hpp\n'}
[1.821516] (turtlesim_msgs) StdoutLine: {'line': b'-- Up-to-date symlink: /home/public/ros2ws/install/turtlesim_msgs/include/turtlesim_msgs/turtlesim_msgs/srv/detail/spawn__rosidl_typesupport_introspection_cpp.hpp\n'}
[1.822969] (turtlesim_msgs) StdoutLine: {'line': b'-- Up-to-date symlink: /home/public/ros2ws/install/turtlesim_msgs/include/turtlesim_msgs/turtlesim_msgs/srv/detail/teleport_absolute__rosidl_typesupport_introspection_cpp.hpp\n'}
[1.823573] (turtlesim_msgs) StdoutLine: {'line': b'-- Up-to-date symlink: /home/public/ros2ws/install/turtlesim_msgs/include/turtlesim_msgs/turtlesim_msgs/srv/detail/teleport_relative__rosidl_typesupport_introspection_cpp.hpp\n'}
[1.824719] (turtlesim_msgs) StdoutLine: {'line': b'-- Up-to-date symlink: /home/public/ros2ws/install/turtlesim_msgs/share/turtlesim_msgs/environment/pythonpath.sh\n'}
[1.826048] (turtlesim_msgs) StdoutLine: {'line': b'-- Up-to-date symlink: /home/public/ros2ws/install/turtlesim_msgs/share/turtlesim_msgs/environment/pythonpath.dsv\n'}
[1.830776] (turtlesim_msgs) StdoutLine: {'line': b'-- Up-to-date symlink: /home/public/ros2ws/install/turtlesim_msgs/lib/python3.14/site-packages/turtlesim_msgs/turtlesim_msgs_s__rosidl_typesupport_fastrtps_c.so\n'}
[1.834518] (turtlesim_msgs) StdoutLine: {'line': b'-- Up-to-date symlink: /home/public/ros2ws/install/turtlesim_msgs/lib/python3.14/site-packages/turtlesim_msgs/turtlesim_msgs_s__rosidl_typesupport_introspection_c.so\n'}
[1.835614] (turtlesim_msgs) StdoutLine: {'line': b'-- Up-to-date symlink: /home/public/ros2ws/install/turtlesim_msgs/lib/python3.14/site-packages/turtlesim_msgs/turtlesim_msgs_s__rosidl_typesupport_c.so\n'}
[1.837984] (turtlesim_msgs) StdoutLine: {'line': b'-- Up-to-date symlink: /home/public/ros2ws/install/turtlesim_msgs/share/ament_index/resource_index/rust_packages/turtlesim_msgs\n'}
[1.841908] (turtlesim_msgs) StdoutLine: {'line': b'-- Up-to-date symlink: /home/public/ros2ws/install/turtlesim_msgs/share/turtlesim_msgs/rust/Cargo.toml\n'}
[1.842103] (turtlesim_msgs) StdoutLine: {'line': b'-- Up-to-date symlink: /home/public/ros2ws/install/turtlesim_msgs/share/turtlesim_msgs/rust/build.rs\n'}
[1.842190] (turtlesim_msgs) StdoutLine: {'line': b'-- Up-to-date symlink: /home/public/ros2ws/install/turtlesim_msgs/share/turtlesim_msgs/rust/src/action.rs\n'}
[1.842359] (turtlesim_msgs) StdoutLine: {'line': b'-- Up-to-date symlink: /home/public/ros2ws/install/turtlesim_msgs/share/turtlesim_msgs/rust/src/action/rmw.rs\n'}
[1.842432] (turtlesim_msgs) StdoutLine: {'line': b'-- Up-to-date symlink: /home/public/ros2ws/install/turtlesim_msgs/share/turtlesim_msgs/rust/src/lib.rs\n'}
[1.843122] (turtlesim_msgs) StdoutLine: {'line': b'-- Up-to-date symlink: /home/public/ros2ws/install/turtlesim_msgs/share/turtlesim_msgs/rust/src/msg.rs\n'}
[1.844106] (turtlesim_msgs) StdoutLine: {'line': b'-- Up-to-date symlink: /home/public/ros2ws/install/turtlesim_msgs/share/turtlesim_msgs/rust/src/msg/rmw.rs\n'}
[1.844812] (turtlesim_msgs) StdoutLine: {'line': b'-- Up-to-date symlink: /home/public/ros2ws/install/turtlesim_msgs/share/turtlesim_msgs/rust/src/srv.rs\n'}
[1.845815] (turtlesim_msgs) StdoutLine: {'line': b'-- Up-to-date symlink: /home/public/ros2ws/install/turtlesim_msgs/share/turtlesim_msgs/rust/src/srv/rmw.rs\n'}
[1.847059] (turtlesim_msgs) StdoutLine: {'line': b'-- Up-to-date symlink: /home/public/ros2ws/install/turtlesim_msgs/share/turtlesim_msgs/action/RotateAbsolute.idl\n'}
[1.848362] (turtlesim_msgs) StdoutLine: {'line': b'-- Up-to-date symlink: /home/public/ros2ws/install/turtlesim_msgs/share/turtlesim_msgs/msg/Color.idl\n'}
[1.849704] (turtlesim_msgs) StdoutLine: {'line': b'-- Up-to-date symlink: /home/public/ros2ws/install/turtlesim_msgs/share/turtlesim_msgs/msg/Pose.idl\n'}
[1.850978] (turtlesim_msgs) StdoutLine: {'line': b'-- Up-to-date symlink: /home/public/ros2ws/install/turtlesim_msgs/share/turtlesim_msgs/srv/Kill.idl\n'}
[1.853047] (turtlesim_msgs) StdoutLine: {'line': b'-- Up-to-date symlink: /home/public/ros2ws/install/turtlesim_msgs/share/turtlesim_msgs/srv/SetPen.idl\n'}
[1.854060] (turtlesim_msgs) StdoutLine: {'line': b'-- Up-to-date symlink: /home/public/ros2ws/install/turtlesim_msgs/share/turtlesim_msgs/srv/Spawn.idl\n'}
[1.855635] (turtlesim_msgs) StdoutLine: {'line': b'-- Up-to-date symlink: /home/public/ros2ws/install/turtlesim_msgs/share/turtlesim_msgs/srv/TeleportAbsolute.idl\n'}
[1.856866] (turtlesim_msgs) StdoutLine: {'line': b'-- Up-to-date symlink: /home/public/ros2ws/install/turtlesim_msgs/share/turtlesim_msgs/srv/TeleportRelative.idl\n'}
[1.858566] (turtlesim_msgs) StdoutLine: {'line': b'-- Up-to-date symlink: /home/public/ros2ws/install/turtlesim_msgs/share/turtlesim_msgs/action/RotateAbsolute.action\n'}
[1.860328] (turtlesim_msgs) StdoutLine: {'line': b'-- Up-to-date symlink: /home/public/ros2ws/install/turtlesim_msgs/share/turtlesim_msgs/msg/Color.msg\n'}
[1.861634] (turtlesim_msgs) StdoutLine: {'line': b'-- Up-to-date symlink: /home/public/ros2ws/install/turtlesim_msgs/share/turtlesim_msgs/msg/Pose.msg\n'}
[1.862844] (turtlesim_msgs) StdoutLine: {'line': b'-- Up-to-date symlink: /home/public/ros2ws/install/turtlesim_msgs/share/turtlesim_msgs/srv/Kill.srv\n'}
[1.864283] (turtlesim_msgs) StdoutLine: {'line': b'-- Up-to-date symlink: /home/public/ros2ws/install/turtlesim_msgs/share/turtlesim_msgs/srv/SetPen.srv\n'}
[1.865276] (turtlesim_msgs) StdoutLine: {'line': b'-- Up-to-date symlink: /home/public/ros2ws/install/turtlesim_msgs/share/turtlesim_msgs/srv/Spawn.srv\n'}
[1.866266] (turtlesim_msgs) StdoutLine: {'line': b'-- Up-to-date symlink: /home/public/ros2ws/install/turtlesim_msgs/share/turtlesim_msgs/srv/TeleportAbsolute.srv\n'}
[1.867237] (turtlesim_msgs) StdoutLine: {'line': b'-- Up-to-date symlink: /home/public/ros2ws/install/turtlesim_msgs/share/turtlesim_msgs/srv/TeleportRelative.srv\n'}
[1.868518] (turtlesim_msgs) StdoutLine: {'line': b'-- Up-to-date symlink: /home/public/ros2ws/install/turtlesim_msgs/share/ament_index/resource_index/package_run_dependencies/turtlesim_msgs\n'}
[1.869832] (turtlesim_msgs) StdoutLine: {'line': b'-- Up-to-date symlink: /home/public/ros2ws/install/turtlesim_msgs/share/ament_index/resource_index/parent_prefix_path/turtlesim_msgs\n'}
[1.870796] (turtlesim_msgs) StdoutLine: {'line': b'-- Up-to-date symlink: /home/public/ros2ws/install/turtlesim_msgs/share/turtlesim_msgs/environment/ament_prefix_path.sh\n'}
[1.871773] (turtlesim_msgs) StdoutLine: {'line': b'-- Up-to-date symlink: /home/public/ros2ws/install/turtlesim_msgs/share/turtlesim_msgs/environment/ament_prefix_path.dsv\n'}
[1.872755] (turtlesim_msgs) StdoutLine: {'line': b'-- Up-to-date symlink: /home/public/ros2ws/install/turtlesim_msgs/share/turtlesim_msgs/environment/path.sh\n'}
[1.873732] (turtlesim_msgs) StdoutLine: {'line': b'-- Up-to-date symlink: /home/public/ros2ws/install/turtlesim_msgs/share/turtlesim_msgs/environment/path.dsv\n'}
[1.874680] (turtlesim_msgs) StdoutLine: {'line': b'-- Up-to-date symlink: /home/public/ros2ws/install/turtlesim_msgs/share/turtlesim_msgs/local_setup.bash\n'}
[1.875657] (turtlesim_msgs) StdoutLine: {'line': b'-- Up-to-date symlink: /home/public/ros2ws/install/turtlesim_msgs/share/turtlesim_msgs/local_setup.fish\n'}
[1.876535] (turtlesim_msgs) StdoutLine: {'line': b'-- Up-to-date symlink: /home/public/ros2ws/install/turtlesim_msgs/share/turtlesim_msgs/local_setup.sh\n'}
[1.877835] (turtlesim_msgs) StdoutLine: {'line': b'-- Up-to-date symlink: /home/public/ros2ws/install/turtlesim_msgs/share/turtlesim_msgs/local_setup.zsh\n'}
[1.878786] (turtlesim_msgs) StdoutLine: {'line': b'-- Up-to-date symlink: /home/public/ros2ws/install/turtlesim_msgs/share/turtlesim_msgs/local_setup.dsv\n'}
[1.881801] (turtlesim_msgs) StdoutLine: {'line': b'-- Symlinking: /home/public/ros2ws/install/turtlesim_msgs/share/turtlesim_msgs/package.dsv\n'}
[1.895195] (turtlesim_msgs) StdoutLine: {'line': b'-- Up-to-date symlink: /home/public/ros2ws/install/turtlesim_msgs/share/ament_index/resource_index/packages/turtlesim_msgs\n'}
[1.896057] (turtlesim_msgs) StdoutLine: {'line': b'-- Up-to-date symlink: /home/public/ros2ws/install/turtlesim_msgs/lib/python3.14/site-packages/turtlesim_msgs-1.10.9-py3.14.egg-info/PKG-INFO\n'}
[1.896395] (turtlesim_msgs) StdoutLine: {'line': b'-- Up-to-date symlink: /home/public/ros2ws/install/turtlesim_msgs/lib/python3.14/site-packages/turtlesim_msgs-1.10.9-py3.14.egg-info/SOURCES.txt\n'}
[1.897052] (turtlesim_msgs) StdoutLine: {'line': b'-- Up-to-date symlink: /home/public/ros2ws/install/turtlesim_msgs/lib/python3.14/site-packages/turtlesim_msgs-1.10.9-py3.14.egg-info/dependency_links.txt\n'}
[1.898650] (turtlesim_msgs) StdoutLine: {'line': b'-- Up-to-date symlink: /home/public/ros2ws/install/turtlesim_msgs/lib/python3.14/site-packages/turtlesim_msgs-1.10.9-py3.14.egg-info/top_level.txt\n'}
[1.899192] (turtlesim_msgs) StdoutLine: {'line': b'-- Up-to-date symlink: /home/public/ros2ws/install/turtlesim_msgs/lib/python3.14/site-packages/turtlesim_msgs/__init__.py\n'}
[1.899534] (turtlesim_msgs) StdoutLine: {'line': b'-- Up-to-date symlink: /home/public/ros2ws/install/turtlesim_msgs/lib/python3.14/site-packages/turtlesim_msgs/_turtlesim_msgs_s.ep.rosidl_typesupport_c.c\n'}
[1.900364] (turtlesim_msgs) StdoutLine: {'line': b'-- Up-to-date symlink: /home/public/ros2ws/install/turtlesim_msgs/lib/python3.14/site-packages/turtlesim_msgs/_turtlesim_msgs_s.ep.rosidl_typesupport_fastrtps_c.c\n'}
[1.900734] (turtlesim_msgs) StdoutLine: {'line': b'-- Up-to-date symlink: /home/public/ros2ws/install/turtlesim_msgs/lib/python3.14/site-packages/turtlesim_msgs/_turtlesim_msgs_s.ep.rosidl_typesupport_introspection_c.c\n'}
[1.901849] (turtlesim_msgs) StdoutLine: {'line': b'-- Up-to-date symlink: /home/public/ros2ws/install/turtlesim_msgs/lib/python3.14/site-packages/turtlesim_msgs/action/__init__.py\n'}
[1.902343] (turtlesim_msgs) StdoutLine: {'line': b'-- Up-to-date symlink: /home/public/ros2ws/install/turtlesim_msgs/lib/python3.14/site-packages/turtlesim_msgs/action/_rotate_absolute.py\n'}
[1.902742] (turtlesim_msgs) StdoutLine: {'line': b'-- Up-to-date symlink: /home/public/ros2ws/install/turtlesim_msgs/lib/python3.14/site-packages/turtlesim_msgs/action/_rotate_absolute_s.c\n'}
[1.903864] (turtlesim_msgs) StdoutLine: {'line': b'-- Up-to-date symlink: /home/public/ros2ws/install/turtlesim_msgs/lib/python3.14/site-packages/turtlesim_msgs/msg/__init__.py\n'}
[1.904378] (turtlesim_msgs) StdoutLine: {'line': b'-- Up-to-date symlink: /home/public/ros2ws/install/turtlesim_msgs/lib/python3.14/site-packages/turtlesim_msgs/msg/_color.py\n'}
[1.904754] (turtlesim_msgs) StdoutLine: {'line': b'-- Up-to-date symlink: /home/public/ros2ws/install/turtlesim_msgs/lib/python3.14/site-packages/turtlesim_msgs/msg/_color_s.c\n'}
[1.905646] (turtlesim_msgs) StdoutLine: {'line': b'-- Up-to-date symlink: /home/public/ros2ws/install/turtlesim_msgs/lib/python3.14/site-packages/turtlesim_msgs/msg/_pose.py\n'}
[1.906200] (turtlesim_msgs) StdoutLine: {'line': b'-- Up-to-date symlink: /home/public/ros2ws/install/turtlesim_msgs/lib/python3.14/site-packages/turtlesim_msgs/msg/_pose_s.c\n'}
[1.906587] (turtlesim_msgs) StdoutLine: {'line': b'-- Up-to-date symlink: /home/public/ros2ws/install/turtlesim_msgs/lib/python3.14/site-packages/turtlesim_msgs/py.typed\n'}
[1.907736] (turtlesim_msgs) StdoutLine: {'line': b'-- Up-to-date symlink: /home/public/ros2ws/install/turtlesim_msgs/lib/python3.14/site-packages/turtlesim_msgs/srv/__init__.py\n'}
[1.908249] (turtlesim_msgs) StdoutLine: {'line': b'-- Up-to-date symlink: /home/public/ros2ws/install/turtlesim_msgs/lib/python3.14/site-packages/turtlesim_msgs/srv/_kill.py\n'}
[1.908622] (turtlesim_msgs) StdoutLine: {'line': b'-- Up-to-date symlink: /home/public/ros2ws/install/turtlesim_msgs/lib/python3.14/site-packages/turtlesim_msgs/srv/_kill_s.c\n'}
[1.909272] (turtlesim_msgs) StdoutLine: {'line': b'-- Up-to-date symlink: /home/public/ros2ws/install/turtlesim_msgs/lib/python3.14/site-packages/turtlesim_msgs/srv/_set_pen.py\n'}
[1.910048] (turtlesim_msgs) StdoutLine: {'line': b'-- Up-to-date symlink: /home/public/ros2ws/install/turtlesim_msgs/lib/python3.14/site-packages/turtlesim_msgs/srv/_set_pen_s.c\n'}
[1.910403] (-) TimerEvent: {}
[1.912413] (turtlesim_msgs) StdoutLine: {'line': b'-- Up-to-date symlink: /home/public/ros2ws/install/turtlesim_msgs/lib/python3.14/site-packages/turtlesim_msgs/srv/_spawn.py\n'}
[1.918000] (turtlesim_msgs) StdoutLine: {'line': b'-- Up-to-date symlink: /home/public/ros2ws/install/turtlesim_msgs/lib/python3.14/site-packages/turtlesim_msgs/srv/_spawn_s.c\n'}
[1.919647] (turtlesim_msgs) StdoutLine: {'line': b'-- Up-to-date symlink: /home/public/ros2ws/install/turtlesim_msgs/lib/python3.14/site-packages/turtlesim_msgs/srv/_teleport_absolute.py\n'}
[1.920387] (turtlesim_msgs) StdoutLine: {'line': b'-- Up-to-date symlink: /home/public/ros2ws/install/turtlesim_msgs/lib/python3.14/site-packages/turtlesim_msgs/srv/_teleport_absolute_s.c\n'}
[1.921145] (turtlesim_msgs) StdoutLine: {'line': b'-- Up-to-date symlink: /home/public/ros2ws/install/turtlesim_msgs/lib/python3.14/site-packages/turtlesim_msgs/srv/_teleport_relative.py\n'}
[1.921885] (turtlesim_msgs) StdoutLine: {'line': b'-- Up-to-date symlink: /home/public/ros2ws/install/turtlesim_msgs/lib/python3.14/site-packages/turtlesim_msgs/srv/_teleport_relative_s.c\n'}
[1.922303] (turtlesim_msgs) StdoutLine: {'line': b'-- Up-to-date symlink: /home/public/ros2ws/install/turtlesim_msgs/lib/python3.14/site-packages/turtlesim_msgs/turtlesim_msgs_s__rosidl_typesupport_c.so\n'}
[1.922880] (turtlesim_msgs) StdoutLine: {'line': b'-- Up-to-date symlink: /home/public/ros2ws/install/turtlesim_msgs/lib/python3.14/site-packages/turtlesim_msgs/turtlesim_msgs_s__rosidl_typesupport_fastrtps_c.so\n'}
[1.923212] (turtlesim_msgs) StdoutLine: {'line': b'-- Up-to-date symlink: /home/public/ros2ws/install/turtlesim_msgs/lib/python3.14/site-packages/turtlesim_msgs/turtlesim_msgs_s__rosidl_typesupport_introspection_c.so\n'}
[1.924521] (turtlesim_msgs) StdoutLine: {'line': b'-- Up-to-date symlink: /home/public/ros2ws/install/turtlesim_msgs/share/turtlesim_msgs/cmake/rosidl_cmake-extras.cmake\n'}
[1.925843] (turtlesim_msgs) StdoutLine: {'line': b'-- Up-to-date symlink: /home/public/ros2ws/install/turtlesim_msgs/share/turtlesim_msgs/cmake/ament_cmake_export_dependencies-extras.cmake\n'}
[1.926817] (turtlesim_msgs) StdoutLine: {'line': b'-- Up-to-date symlink: /home/public/ros2ws/install/turtlesim_msgs/share/turtlesim_msgs/cmake/ament_cmake_export_include_directories-extras.cmake\n'}
[1.927754] (turtlesim_msgs) StdoutLine: {'line': b'-- Up-to-date symlink: /home/public/ros2ws/install/turtlesim_msgs/share/turtlesim_msgs/cmake/ament_cmake_export_libraries-extras.cmake\n'}
[1.928691] (turtlesim_msgs) StdoutLine: {'line': b'-- Up-to-date symlink: /home/public/ros2ws/install/turtlesim_msgs/share/turtlesim_msgs/cmake/ament_cmake_export_targets-extras.cmake\n'}
[1.929543] (turtlesim_msgs) StdoutLine: {'line': b'-- Up-to-date symlink: /home/public/ros2ws/install/turtlesim_msgs/share/turtlesim_msgs/cmake/rosidl_cmake_export_typesupport_targets-extras.cmake\n'}
[1.930845] (turtlesim_msgs) StdoutLine: {'line': b'-- Up-to-date symlink: /home/public/ros2ws/install/turtlesim_msgs/share/turtlesim_msgs/cmake/rosidl_cmake_export_typesupport_libraries-extras.cmake\n'}
[1.935317] (turtlesim_msgs) StdoutLine: {'line': b'-- Up-to-date symlink: /home/public/ros2ws/install/turtlesim_msgs/share/turtlesim_msgs/cmake/rosidl_cmake_aggregate_target-extras.cmake\n'}
[1.938284] (turtlesim_msgs) StdoutLine: {'line': b'-- Up-to-date symlink: /home/public/ros2ws/install/turtlesim_msgs/share/turtlesim_msgs/cmake/turtlesim_msgsConfig.cmake\n'}
[1.938981] (turtlesim_msgs) StdoutLine: {'line': b'-- Up-to-date symlink: /home/public/ros2ws/install/turtlesim_msgs/share/turtlesim_msgs/cmake/turtlesim_msgsConfig-version.cmake\n'}
[1.945080] (turtlesim_msgs) StdoutLine: {'line': b'-- Up-to-date symlink: /home/public/ros2ws/install/turtlesim_msgs/share/turtlesim_msgs/package.xml\n'}
[1.948039] (turtlesim_msgs) StdoutLine: {'line': b'-- Up-to-date: /home/public/ros2ws/install/turtlesim_msgs/lib/libturtlesim_msgs__rosidl_generator_c.so\n'}
[1.950753] (turtlesim_msgs) StdoutLine: {'line': b'-- Up-to-date: /home/public/ros2ws/install/turtlesim_msgs/lib/libturtlesim_msgs__rosidl_typesupport_fastrtps_c.so\n'}
[1.952418] (turtlesim_msgs) StdoutLine: {'line': b'-- Up-to-date: /home/public/ros2ws/install/turtlesim_msgs/lib/libturtlesim_msgs__rosidl_typesupport_fastrtps_cpp.so\n'}
[1.955393] (turtlesim_msgs) StdoutLine: {'line': b'-- Up-to-date: /home/public/ros2ws/install/turtlesim_msgs/lib/libturtlesim_msgs__rosidl_typesupport_introspection_c.so\n'}
[1.957919] (turtlesim_msgs) StdoutLine: {'line': b'-- Up-to-date: /home/public/ros2ws/install/turtlesim_msgs/lib/libturtlesim_msgs__rosidl_typesupport_c.so\n'}
[1.963683] (turtlesim_msgs) StdoutLine: {'line': b'-- Up-to-date: /home/public/ros2ws/install/turtlesim_msgs/lib/libturtlesim_msgs__rosidl_typesupport_introspection_cpp.so\n'}
[1.968360] (turtlesim_msgs) StdoutLine: {'line': b'-- Up-to-date: /home/public/ros2ws/install/turtlesim_msgs/lib/libturtlesim_msgs__rosidl_typesupport_cpp.so\n'}
[1.974766] (turtlesim_msgs) StdoutLine: {'line': b'-- Up-to-date: /home/public/ros2ws/install/turtlesim_msgs/lib/libturtlesim_msgs__rosidl_generator_py.so\n'}
[1.982364] (turtlesim_msgs) StdoutLine: {'line': b'-- Up-to-date: /home/public/ros2ws/install/turtlesim_msgs/share/turtlesim_msgs/cmake/export_turtlesim_msgs__rosidl_generator_cExport.cmake\n'}
[1.982729] (turtlesim_msgs) StdoutLine: {'line': b'-- Up-to-date: /home/public/ros2ws/install/turtlesim_msgs/share/turtlesim_msgs/cmake/export_turtlesim_msgs__rosidl_generator_cExport-noconfig.cmake\n'}
[1.983453] (turtlesim_msgs) StdoutLine: {'line': b'-- Up-to-date: /home/public/ros2ws/install/turtlesim_msgs/share/turtlesim_msgs/cmake/export_turtlesim_msgs__rosidl_typesupport_fastrtps_cExport.cmake\n'}
[1.983685] (turtlesim_msgs) StdoutLine: {'line': b'-- Up-to-date: /home/public/ros2ws/install/turtlesim_msgs/share/turtlesim_msgs/cmake/export_turtlesim_msgs__rosidl_typesupport_fastrtps_cExport-noconfig.cmake\n'}
[1.986342] (turtlesim_msgs) StdoutLine: {'line': b'-- Up-to-date: /home/public/ros2ws/install/turtlesim_msgs/share/turtlesim_msgs/cmake/export_turtlesim_msgs__rosidl_generator_cppExport.cmake\n'}
[1.988329] (turtlesim_msgs) StdoutLine: {'line': b'-- Up-to-date: /home/public/ros2ws/install/turtlesim_msgs/share/turtlesim_msgs/cmake/export_turtlesim_msgs__rosidl_typesupport_fastrtps_cppExport.cmake\n'}
[1.988565] (turtlesim_msgs) StdoutLine: {'line': b'-- Up-to-date: /home/public/ros2ws/install/turtlesim_msgs/share/turtlesim_msgs/cmake/export_turtlesim_msgs__rosidl_typesupport_fastrtps_cppExport-noconfig.cmake\n'}
[1.989819] (turtlesim_msgs) StdoutLine: {'line': b'-- Up-to-date: /home/public/ros2ws/install/turtlesim_msgs/share/turtlesim_msgs/cmake/turtlesim_msgs__rosidl_typesupport_introspection_cExport.cmake\n'}
[1.990513] (turtlesim_msgs) StdoutLine: {'line': b'-- Up-to-date: /home/public/ros2ws/install/turtlesim_msgs/share/turtlesim_msgs/cmake/turtlesim_msgs__rosidl_typesupport_introspection_cExport-noconfig.cmake\n'}
[1.992190] (turtlesim_msgs) StdoutLine: {'line': b'-- Up-to-date: /home/public/ros2ws/install/turtlesim_msgs/share/turtlesim_msgs/cmake/turtlesim_msgs__rosidl_typesupport_cExport.cmake\n'}
[1.992813] (turtlesim_msgs) StdoutLine: {'line': b'-- Up-to-date: /home/public/ros2ws/install/turtlesim_msgs/share/turtlesim_msgs/cmake/turtlesim_msgs__rosidl_typesupport_cExport-noconfig.cmake\n'}
[1.994892] (turtlesim_msgs) StdoutLine: {'line': b'-- Up-to-date: /home/public/ros2ws/install/turtlesim_msgs/share/turtlesim_msgs/cmake/turtlesim_msgs__rosidl_typesupport_introspection_cppExport.cmake\n'}
[1.995147] (turtlesim_msgs) StdoutLine: {'line': b'-- Up-to-date: /home/public/ros2ws/install/turtlesim_msgs/share/turtlesim_msgs/cmake/turtlesim_msgs__rosidl_typesupport_introspection_cppExport-noconfig.cmake\n'}
[1.996383] (turtlesim_msgs) StdoutLine: {'line': b'-- Up-to-date: /home/public/ros2ws/install/turtlesim_msgs/share/turtlesim_msgs/cmake/turtlesim_msgs__rosidl_typesupport_cppExport.cmake\n'}
[1.996523] (turtlesim_msgs) StdoutLine: {'line': b'-- Up-to-date: /home/public/ros2ws/install/turtlesim_msgs/share/turtlesim_msgs/cmake/turtlesim_msgs__rosidl_typesupport_cppExport-noconfig.cmake\n'}
[1.997692] (turtlesim_msgs) StdoutLine: {'line': b'-- Up-to-date: /home/public/ros2ws/install/turtlesim_msgs/share/turtlesim_msgs/cmake/export_turtlesim_msgs__rosidl_generator_pyExport.cmake\n'}
[1.997844] (turtlesim_msgs) StdoutLine: {'line': b'-- Up-to-date: /home/public/ros2ws/install/turtlesim_msgs/share/turtlesim_msgs/cmake/export_turtlesim_msgs__rosidl_generator_pyExport-noconfig.cmake\n'}
[2.010508] (-) TimerEvent: {}
[2.085742] (turtlesim_msgs) StdoutLine: {'line': b"Listing '/home/public/ros2ws/install/turtlesim_msgs/lib/python3.14/site-packages/turtlesim_msgs'...\n"}
[2.086046] (turtlesim_msgs) StdoutLine: {'line': b"Listing '/home/public/ros2ws/install/turtlesim_msgs/lib/python3.14/site-packages/turtlesim_msgs/action'...\n"}
[2.086170] (turtlesim_msgs) StdoutLine: {'line': b"Listing '/home/public/ros2ws/install/turtlesim_msgs/lib/python3.14/site-packages/turtlesim_msgs/msg'...\n"}
[2.086260] (turtlesim_msgs) StdoutLine: {'line': b"Listing '/home/public/ros2ws/install/turtlesim_msgs/lib/python3.14/site-packages/turtlesim_msgs/srv'...\n"}
[2.110626] (-) TimerEvent: {}
[2.114491] (turtlesim_msgs) CommandEnded: {'returncode': 0}
[2.182069] (turtlesim_msgs) JobEnded: {'identifier': 'turtlesim_msgs', 'rc': 0}
[2.183525] (turtlesim) JobStarted: {'identifier': 'turtlesim'}
[2.208239] (turtlesim) JobProgress: {'identifier': 'turtlesim', 'progress': 'cmake'}
[2.210698] (-) TimerEvent: {}
[2.214669] (turtlesim) JobProgress: {'identifier': 'turtlesim', 'progress': 'build'}
[2.215236] (turtlesim) Command: {'cmd': ['/usr/bin/cmake', '--build', '/home/public/ros2ws/build/turtlesim', '--', '-j4', '-l4'], 'cwd': '/home/public/ros2ws/build/turtlesim', 'env': OrderedDict({'LESSOPEN': '| /usr/bin/lesspipe %s', 'LANGUAGE': 'en', 'USER': 'admin', 'LC_TIME': 'C.UTF-8', 'XDG_SESSION_TYPE': 'wayland', 'PTYXIS_VERSION': '50.1', 'SHLVL': '1', 'LD_LIBRARY_PATH': '/home/public/ros2ws/install/turtlesim_msgs/lib:/opt/ros/lyrical/opt/gz_math_vendor/lib:/opt/ros/lyrical/opt/gz_utils_vendor/lib:/opt/ros/lyrical/opt/rviz_ogre_vendor/lib:/opt/ros/lyrical/lib/aarch64-linux-gnu:/opt/ros/lyrical/opt/gz_cmake_vendor/lib:/opt/ros/lyrical/lib', 'HOME': '/home/admin', 'DESKTOP_SESSION': 'ubuntu', 'IM_CONFIG_ENTRY': 'profile', 'ROS_PYTHON_VERSION': '3', 'GTK_MODULES': 'gail:atk-bridge', 'LC_MONETARY': 'C.UTF-8', 'MANAGERPID': '2997', 'DBUS_STARTER_BUS_TYPE': 'session', 'SYSTEMD_EXEC_PID': '3020', 'DBUS_SESSION_BUS_ADDRESS': 'unix:path=/run/user/1000/bus,guid=ba3ed99e88d8d1b52666fa5b69dfd9f2', 'COLORTERM': 'truecolor', 'DEBUGINFOD_URLS': 'https://debuginfod.ubuntu.com', 'WAYLAND_DISPLAY': 'wayland-0', 'ROS_DISTRO': 'lyrical', 'LOGNAME': 'admin', 'MANAGERPIDFDID': '648', '_': '/usr/bin/colcon', 'ROS_VERSION': '2', 'MEMORY_PRESSURE_WATCH': '/sys/fs/cgroup/user.slice/user-1000.slice/user@1000.service/session.slice/dbus.service/memory.pressure', 'XDG_SESSION_CLASS': 'user', 'USERNAME': 'admin', 'TERM': 'xterm-256color', 'GNOME_DESKTOP_SESSION_ID': 'this-is-deprecated', 'FLATPAK_TTY_PROGRESS': '1', 'PATH': '/opt/ros/lyrical/bin:/usr/local/sbin:/usr/local/bin:/usr/sbin:/usr/bin:/sbin:/bin:/usr/games:/usr/local/games:/snap/bin:/snap/bin', 'INVOCATION_ID': 'b3d9087076ca4eb981e4550af0a7070a', 'PAPERSIZE': 'a4', 'XDG_MENU_PREFIX': 'gnome-', 'PTYXIS_PROFILE': '46b325db7867804b9a1cc0046a1f6a7b', 'LC_ADDRESS': 'C.UTF-8', 'GNOME_SETUP_DISPLAY': 'unix:/tmp/.X11-unix/X1', 'XDG_RUNTIME_DIR': '/run/user/1000', 'DISPLAY': ':0', 'LANG': 'en_US.UTF-8', 'XDG_CURRENT_DESKTOP': 'ubuntu:GNOME', 'LC_TELEPHONE': 'C.UTF-8', 'XMODIFIERS': '@im=ibus', 'XDG_SESSION_DESKTOP': 'ubuntu', 'XAUTHORITY': '/run/user/1000/.mutter-Xwaylandauth.9DTPN3', 'LS_COLORS': 'rs=0:di=01;34:ln=01;36:mh=00:pi=40;33:so=01;35:do=01;35:bd=40;33;01:cd=40;33;01:or=40;31;01:mi=00:su=37;41:sg=30;43:ca=00:tw=30;42:ow=34;42:st=37;44:ex=01;32:*.tar=01;31:*.tgz=01;31:*.arc=01;31:*.arj=01;31:*.taz=01;31:*.lha=01;31:*.lz4=01;31:*.lzh=01;31:*.lzma=01;31:*.tlz=01;31:*.txz=01;31:*.tzo=01;31:*.t7z=01;31:*.zip=01;31:*.z=01;31:*.dz=01;31:*.gz=01;31:*.lrz=01;31:*.lz=01;31:*.lzo=01;31:*.xz=01;31:*.zst=01;31:*.tzst=01;31:*.bz2=01;31:*.bz=01;31:*.tbz=01;31:*.tbz2=01;31:*.tz=01;31:*.deb=01;31:*.rpm=01;31:*.jar=01;31:*.war=01;31:*.ear=01;31:*.sar=01;31:*.rar=01;31:*.alz=01;31:*.ace=01;31:*.zoo=01;31:*.cpio=01;31:*.7z=01;31:*.rz=01;31:*.cab=01;31:*.wim=01;31:*.swm=01;31:*.dwm=01;31:*.esd=01;31:*.avif=01;35:*.jpg=01;35:*.jpeg=01;35:*.mjpg=01;35:*.mjpeg=01;35:*.gif=01;35:*.bmp=01;35:*.pbm=01;35:*.pgm=01;35:*.ppm=01;35:*.tga=01;35:*.xbm=01;35:*.xpm=01;35:*.tif=01;35:*.tiff=01;35:*.png=01;35:*.svg=01;35:*.svgz=01;35:*.mng=01;35:*.pcx=01;35:*.mov=01;35:*.mpg=01;35:*.mpeg=01;35:*.m2v=01;35:*.mkv=01;35:*.webm=01;35:*.webp=01;35:*.ogm=01;35:*.mp4=01;35:*.m4v=01;35:*.mp4v=01;35:*.vob=01;35:*.qt=01;35:*.nuv=01;35:*.wmv=01;35:*.asf=01;35:*.rm=01;35:*.rmvb=01;35:*.flc=01;35:*.avi=01;35:*.fli=01;35:*.flv=01;35:*.gl=01;35:*.dl=01;35:*.xcf=01;35:*.xwd=01;35:*.yuv=01;35:*.cgm=01;35:*.emf=01;35:*.ogv=01;35:*.ogx=01;35:*.aac=00;36:*.au=00;36:*.flac=00;36:*.m4a=00;36:*.mid=00;36:*.midi=00;36:*.mka=00;36:*.mp3=00;36:*.mpc=00;36:*.ogg=00;36:*.ra=00;36:*.wav=00;36:*.oga=00;36:*.opus=00;36:*.spx=00;36:*.xspf=00;36:*~=00;90:*#=00;90:*.bak=00;90:*.old=00;90:*.orig=00;90:*.part=00;90:*.rej=00;90:*.swp=00;90:*.tmp=00;90:*.dpkg-dist=00;90:*.dpkg-old=00;90:*.ucf-dist=00;90:*.ucf-new=00;90:*.ucf-old=00;90:*.rpmnew=00;90:*.rpmorig=00;90:*.rpmsave=00;90:', 'SSH_AUTH_SOCK': '/run/user/1000/gcr/ssh', 'AMENT_PREFIX_PATH': '/home/public/ros2ws/install/turtlesim_msgs:/opt/ros/lyrical', 'SHELL': '/bin/bash', 'LC_NAME': 'C.UTF-8', 'QT_ACCESSIBILITY': '1', 'GDMSESSION': 'ubuntu', 'LESSCLOSE': '/usr/bin/lesspipe %s %s', 'LC_MEASUREMENT': 'C.UTF-8', 'GPG_AGENT_INFO': '/run/user/1000/gnupg/S.gpg-agent:0:1', 'LC_IDENTIFICATION': 'C.UTF-8', 'GSK_RENDERER': 'gl', 'ROS_AUTOMATIC_DISCOVERY_RANGE': 'SUBNET', 'QT_IM_MODULE': 'ibus', 'PWD': '/home/public/ros2ws/build/turtlesim', 'XDG_CONFIG_DIRS': '/etc/xdg/xdg-ubuntu:/etc/xdg', 'DBUS_STARTER_ADDRESS': 'unix:path=/run/user/1000/bus,guid=ba3ed99e88d8d1b52666fa5b69dfd9f2', 'XDG_DATA_DIRS': '/usr/share/ubuntu:/usr/share/gnome:/usr/local/share/:/usr/share/:/var/lib/snapd/desktop', 'XDG_SESSION_EXTRA_DEVICE_ACCESS': 'render:accel', 'PYTHONPATH': '/home/public/ros2ws/install/turtlesim_msgs/lib/python3.14/site-packages:/opt/ros/lyrical/opt/gz_math_vendor/lib/python:/opt/ros/lyrical/lib/python3.14/site-packages', 'LC_NUMERIC': 'C.UTF-8', 'LC_PAPER': 'C.UTF-8', 'COLCON': '1', 'QT_IM_MODULES': 'wayland;ibus', 'MEMORY_PRESSURE_WRITE': 'c29tZSAyMDAwMDAgMjAwMDAwMAA=', 'VTE_VERSION': '8400', 'CMAKE_PREFIX_PATH': '/home/public/ros2ws/install/turtlesim_msgs:/opt/ros/lyrical/opt/gz_math_vendor:/opt/ros/lyrical/opt/gz_utils_vendor:/opt/ros/lyrical/opt/gz_cmake_vendor:/opt/ros/lyrical'}), 'shell': False}
[2.240391] (turtlesim) StderrLine: {'line': b"gmake: Warning: File 'Makefile' has modification time 8915536 s in the future\n"}
[2.310814] (-) TimerEvent: {}
[2.352512] (turtlesim) StderrLine: {'line': b"gmake[1]: Warning: File 'CMakeFiles/Makefile2' has modification time 8915536 s in the future\n"}
[2.360157] (turtlesim) StderrLine: {'line': b"gmake[2]: Warning: File 'CMakeFiles/turtlesim_node_autogen_timestamp_deps.dir/build.make' has modification time 7876079 s in the future\n"}
[2.362479] (turtlesim) StderrLine: {'line': b"gmake[2]: Warning: File 'CMakeFiles/turtle_teleop_key_autogen_timestamp_deps.dir/build.make' has modification time 7876079 s in the future\n"}
[2.363840] (turtlesim) StderrLine: {'line': b"gmake[2]: Warning: File 'CMakeFiles/draw_square_autogen_timestamp_deps.dir/build.make' has modification time 7876079 s in the future\n"}
[2.378933] (turtlesim) StderrLine: {'line': b'gmake[2]: warning:  Clock skew detected.  Your build may be incomplete.\n'}
[2.381639] (turtlesim) StderrLine: {'line': b"gmake[2]: Warning: File 'CMakeFiles/turtlesim_node_autogen_timestamp_deps.dir/build.make' has modification time 7876079 s in the future\n"}
[2.381926] (turtlesim) StderrLine: {'line': b'gmake[2]: warning:  Clock skew detected.  Your build may be incomplete.\n'}
[2.382021] (turtlesim) StderrLine: {'line': b'gmake[2]: warning:  Clock skew detected.  Your build may be incomplete.\n'}
[2.387782] (turtlesim) StderrLine: {'line': b"gmake[2]: Warning: File 'CMakeFiles/draw_square_autogen_timestamp_deps.dir/build.make' has modification time 7876079 s in the future\n"}
[2.388342] (turtlesim) StderrLine: {'line': b'gmake[2]: warning:  Clock skew detected.  Your build may be incomplete.\n'}
[2.396818] (turtlesim) StderrLine: {'line': b'gmake[2]: warning:  Clock skew detected.  Your build may be incomplete.\n'}
[2.397599] (turtlesim) StdoutLine: {'line': b'[  0%] Built target turtlesim_node_autogen_timestamp_deps\n'}
[2.400525] (turtlesim) StderrLine: {'line': b"gmake[2]: Warning: File 'CMakeFiles/turtle_teleop_key_autogen_timestamp_deps.dir/build.make' has modification time 7876079 s in the future\n"}
[2.400879] (turtlesim) StderrLine: {'line': b'gmake[2]: warning:  Clock skew detected.  Your build may be incomplete.\n'}
[2.401549] (turtlesim) StdoutLine: {'line': b'[  0%] Built target draw_square_autogen_timestamp_deps\n'}
[2.411083] (-) TimerEvent: {}
[2.412251] (turtlesim) StderrLine: {'line': b"gmake[2]: Warning: File 'CMakeFiles/mimic_autogen_timestamp_deps.dir/build.make' has modification time 7876079 s in the future\n"}
[2.423933] (turtlesim) StdoutLine: {'line': b'[  0%] Built target turtle_teleop_key_autogen_timestamp_deps\n'}
[2.424400] (turtlesim) StderrLine: {'line': b"gmake[2]: Warning: File 'CMakeFiles/turtlesim_node_autogen.dir/build.make' has modification time 7876079 s in the future\n"}
[2.437631] (turtlesim) StderrLine: {'line': b'gmake[2]: warning:  Clock skew detected.  Your build may be incomplete.\n'}
[2.439589] (turtlesim) StderrLine: {'line': b"gmake[2]: Warning: File 'CMakeFiles/mimic_autogen_timestamp_deps.dir/build.make' has modification time 7876079 s in the future\n"}
[2.439855] (turtlesim) StderrLine: {'line': b'gmake[2]: warning:  Clock skew detected.  Your build may be incomplete.\n'}
[2.453739] (turtlesim) StdoutLine: {'line': b'[  0%] Built target mimic_autogen_timestamp_deps\n'}
[2.460620] (turtlesim) StderrLine: {'line': b'gmake[2]: warning:  Clock skew detected.  Your build may be incomplete.\n'}
[2.467228] (turtlesim) StderrLine: {'line': b"gmake[2]: Warning: File 'CMakeFiles/turtlesim_node_autogen.dir/build.make' has modification time 7876079 s in the future\n"}
[2.480573] (turtlesim) StderrLine: {'line': b'gmake[2]: warning:  Clock skew detected.  Your build may be incomplete.\n'}
[2.495539] (turtlesim) StdoutLine: {'line': b'[  5%] Built target turtlesim_node_autogen\n'}
[2.511667] (-) TimerEvent: {}
[2.515527] (turtlesim) StderrLine: {'line': b"gmake[2]: Warning: File 'CMakeFiles/mimic_autogen.dir/build.make' has modification time 7876079 s in the future\n"}
[2.517190] (turtlesim) StderrLine: {'line': b"gmake[2]: Warning: File 'CMakeFiles/turtle_teleop_key_autogen.dir/build.make' has modification time 7876079 s in the future\n"}
[2.519028] (turtlesim) StderrLine: {'line': b"gmake[2]: Warning: File 'CMakeFiles/draw_square_autogen.dir/build.make' has modification time 7876079 s in the future\n"}
[2.551696] (turtlesim) StderrLine: {'line': b'gmake[2]: warning:  Clock skew detected.  Your build may be incomplete.\n'}
[2.557136] (turtlesim) StderrLine: {'line': b"gmake[2]: Warning: File 'CMakeFiles/mimic_autogen.dir/build.make' has modification time 7876079 s in the future\n"}
[2.561746] (turtlesim) StderrLine: {'line': b'gmake[2]: warning:  Clock skew detected.  Your build may be incomplete.\n'}
[2.571404] (turtlesim) StderrLine: {'line': b'gmake[2]: warning:  Clock skew detected.  Your build may be incomplete.\n'}
[2.577141] (turtlesim) StdoutLine: {'line': b'[ 10%] Built target mimic_autogen\n'}
[2.578090] (turtlesim) StderrLine: {'line': b"gmake[2]: Warning: File 'CMakeFiles/turtle_teleop_key_autogen.dir/build.make' has modification time 7876079 s in the future\n"}
[2.580264] (turtlesim) StderrLine: {'line': b'gmake[2]: warning:  Clock skew detected.  Your build may be incomplete.\n'}
[2.582821] (turtlesim) StderrLine: {'line': b'gmake[2]: warning:  Clock skew detected.  Your build may be incomplete.\n'}
[2.589632] (turtlesim) StderrLine: {'line': b"gmake[2]: Warning: File 'CMakeFiles/draw_square_autogen.dir/build.make' has modification time 7876079 s in the future\n"}
[2.592041] (turtlesim) StderrLine: {'line': b'gmake[2]: warning:  Clock skew detected.  Your build may be incomplete.\n'}
[2.595311] (turtlesim) StdoutLine: {'line': b'[ 15%] Built target turtle_teleop_key_autogen\n'}
[2.604690] (turtlesim) StdoutLine: {'line': b'[ 20%] Built target draw_square_autogen\n'}
[2.611764] (-) TimerEvent: {}
[2.629096] (turtlesim) StderrLine: {'line': b"gmake[2]: Warning: File 'CMakeFiles/turtle_teleop_key.dir/build.make' has modification time 7876079 s in the future\n"}
[2.629505] (turtlesim) StderrLine: {'line': b"gmake[2]: Warning: File 'CMakeFiles/mimic.dir/build.make' has modification time 7876079 s in the future\n"}
[2.653766] (turtlesim) StderrLine: {'line': b'gmake[2]: warning:  Clock skew detected.  Your build may be incomplete.\n'}
[2.657413] (turtlesim) StderrLine: {'line': b"gmake[2]: Warning: File 'CMakeFiles/turtle_teleop_key.dir/build.make' has modification time 7876079 s in the future\n"}
[2.660611] (turtlesim) StderrLine: {'line': b'gmake[2]: warning:  Clock skew detected.  Your build may be incomplete.\n'}
[2.667100] (turtlesim) StderrLine: {'line': b"gmake[2]: Warning: File 'CMakeFiles/mimic.dir/build.make' has modification time 7876079 s in the future\n"}
[2.711882] (-) TimerEvent: {}
[2.724346] (turtlesim) StderrLine: {'line': b'gmake[2]: warning:  Clock skew detected.  Your build may be incomplete.\n'}
[2.724635] (turtlesim) StderrLine: {'line': b'gmake[2]: warning:  Clock skew detected.  Your build may be incomplete.\n'}
[2.742314] (turtlesim) StdoutLine: {'line': b'[ 35%] Built target turtle_teleop_key\n'}
[2.748290] (turtlesim) StdoutLine: {'line': b'[ 50%] Built target mimic\n'}
[2.760857] (turtlesim) StderrLine: {'line': b"gmake[2]: Warning: File 'CMakeFiles/draw_square.dir/build.make' has modification time 7876079 s in the future\n"}
[2.778826] (turtlesim) StderrLine: {'line': b'gmake[2]: warning:  Clock skew detected.  Your build may be incomplete.\n'}
[2.786479] (turtlesim) StderrLine: {'line': b"gmake[2]: Warning: File 'CMakeFiles/draw_square.dir/build.make' has modification time 7876079 s in the future\n"}
[2.790412] (turtlesim) StderrLine: {'line': b'gmake[2]: warning:  Clock skew detected.  Your build may be incomplete.\n'}
[2.802726] (turtlesim) StdoutLine: {'line': b'[ 65%] Built target draw_square\n'}
[2.811987] (-) TimerEvent: {}
[2.829090] (turtlesim) StderrLine: {'line': b"gmake[2]: Warning: File 'CMakeFiles/turtlesim_node.dir/build.make' has modification time 7876078 s in the future\n"}
[2.853977] (turtlesim) StderrLine: {'line': b'gmake[2]: warning:  Clock skew detected.  Your build may be incomplete.\n'}
[2.865485] (turtlesim) StderrLine: {'line': b"gmake[2]: Warning: File 'CMakeFiles/turtlesim_node.dir/build.make' has modification time 7876078 s in the future\n"}
[2.908301] (turtlesim) StderrLine: {'line': b'gmake[2]: warning:  Clock skew detected.  Your build may be incomplete.\n'}
[2.912107] (-) TimerEvent: {}
[2.925079] (turtlesim) StdoutLine: {'line': b'[100%] Built target turtlesim_node\n'}
[2.926676] (turtlesim) StderrLine: {'line': b'gmake[1]: warning:  Clock skew detected.  Your build may be incomplete.\n'}
[2.941215] (turtlesim) StderrLine: {'line': b'gmake: warning:  Clock skew detected.  Your build may be incomplete.\n'}
[2.945449] (turtlesim) CommandEnded: {'returncode': 0}
[2.960239] (turtlesim) JobProgress: {'identifier': 'turtlesim', 'progress': 'install'}
[2.961344] (turtlesim) Command: {'cmd': ['/usr/bin/cmake', '--install', '/home/public/ros2ws/build/turtlesim'], 'cwd': '/home/public/ros2ws/build/turtlesim', 'env': OrderedDict({'LESSOPEN': '| /usr/bin/lesspipe %s', 'LANGUAGE': 'en', 'USER': 'admin', 'LC_TIME': 'C.UTF-8', 'XDG_SESSION_TYPE': 'wayland', 'PTYXIS_VERSION': '50.1', 'SHLVL': '1', 'LD_LIBRARY_PATH': '/home/public/ros2ws/install/turtlesim_msgs/lib:/opt/ros/lyrical/opt/gz_math_vendor/lib:/opt/ros/lyrical/opt/gz_utils_vendor/lib:/opt/ros/lyrical/opt/rviz_ogre_vendor/lib:/opt/ros/lyrical/lib/aarch64-linux-gnu:/opt/ros/lyrical/opt/gz_cmake_vendor/lib:/opt/ros/lyrical/lib', 'HOME': '/home/admin', 'DESKTOP_SESSION': 'ubuntu', 'IM_CONFIG_ENTRY': 'profile', 'ROS_PYTHON_VERSION': '3', 'GTK_MODULES': 'gail:atk-bridge', 'LC_MONETARY': 'C.UTF-8', 'MANAGERPID': '2997', 'DBUS_STARTER_BUS_TYPE': 'session', 'SYSTEMD_EXEC_PID': '3020', 'DBUS_SESSION_BUS_ADDRESS': 'unix:path=/run/user/1000/bus,guid=ba3ed99e88d8d1b52666fa5b69dfd9f2', 'COLORTERM': 'truecolor', 'DEBUGINFOD_URLS': 'https://debuginfod.ubuntu.com', 'WAYLAND_DISPLAY': 'wayland-0', 'ROS_DISTRO': 'lyrical', 'LOGNAME': 'admin', 'MANAGERPIDFDID': '648', '_': '/usr/bin/colcon', 'ROS_VERSION': '2', 'MEMORY_PRESSURE_WATCH': '/sys/fs/cgroup/user.slice/user-1000.slice/user@1000.service/session.slice/dbus.service/memory.pressure', 'XDG_SESSION_CLASS': 'user', 'USERNAME': 'admin', 'TERM': 'xterm-256color', 'GNOME_DESKTOP_SESSION_ID': 'this-is-deprecated', 'FLATPAK_TTY_PROGRESS': '1', 'PATH': '/opt/ros/lyrical/bin:/usr/local/sbin:/usr/local/bin:/usr/sbin:/usr/bin:/sbin:/bin:/usr/games:/usr/local/games:/snap/bin:/snap/bin', 'INVOCATION_ID': 'b3d9087076ca4eb981e4550af0a7070a', 'PAPERSIZE': 'a4', 'XDG_MENU_PREFIX': 'gnome-', 'PTYXIS_PROFILE': '46b325db7867804b9a1cc0046a1f6a7b', 'LC_ADDRESS': 'C.UTF-8', 'GNOME_SETUP_DISPLAY': 'unix:/tmp/.X11-unix/X1', 'XDG_RUNTIME_DIR': '/run/user/1000', 'DISPLAY': ':0', 'LANG': 'en_US.UTF-8', 'XDG_CURRENT_DESKTOP': 'ubuntu:GNOME', 'LC_TELEPHONE': 'C.UTF-8', 'XMODIFIERS': '@im=ibus', 'XDG_SESSION_DESKTOP': 'ubuntu', 'XAUTHORITY': '/run/user/1000/.mutter-Xwaylandauth.9DTPN3', 'LS_COLORS': 'rs=0:di=01;34:ln=01;36:mh=00:pi=40;33:so=01;35:do=01;35:bd=40;33;01:cd=40;33;01:or=40;31;01:mi=00:su=37;41:sg=30;43:ca=00:tw=30;42:ow=34;42:st=37;44:ex=01;32:*.tar=01;31:*.tgz=01;31:*.arc=01;31:*.arj=01;31:*.taz=01;31:*.lha=01;31:*.lz4=01;31:*.lzh=01;31:*.lzma=01;31:*.tlz=01;31:*.txz=01;31:*.tzo=01;31:*.t7z=01;31:*.zip=01;31:*.z=01;31:*.dz=01;31:*.gz=01;31:*.lrz=01;31:*.lz=01;31:*.lzo=01;31:*.xz=01;31:*.zst=01;31:*.tzst=01;31:*.bz2=01;31:*.bz=01;31:*.tbz=01;31:*.tbz2=01;31:*.tz=01;31:*.deb=01;31:*.rpm=01;31:*.jar=01;31:*.war=01;31:*.ear=01;31:*.sar=01;31:*.rar=01;31:*.alz=01;31:*.ace=01;31:*.zoo=01;31:*.cpio=01;31:*.7z=01;31:*.rz=01;31:*.cab=01;31:*.wim=01;31:*.swm=01;31:*.dwm=01;31:*.esd=01;31:*.avif=01;35:*.jpg=01;35:*.jpeg=01;35:*.mjpg=01;35:*.mjpeg=01;35:*.gif=01;35:*.bmp=01;35:*.pbm=01;35:*.pgm=01;35:*.ppm=01;35:*.tga=01;35:*.xbm=01;35:*.xpm=01;35:*.tif=01;35:*.tiff=01;35:*.png=01;35:*.svg=01;35:*.svgz=01;35:*.mng=01;35:*.pcx=01;35:*.mov=01;35:*.mpg=01;35:*.mpeg=01;35:*.m2v=01;35:*.mkv=01;35:*.webm=01;35:*.webp=01;35:*.ogm=01;35:*.mp4=01;35:*.m4v=01;35:*.mp4v=01;35:*.vob=01;35:*.qt=01;35:*.nuv=01;35:*.wmv=01;35:*.asf=01;35:*.rm=01;35:*.rmvb=01;35:*.flc=01;35:*.avi=01;35:*.fli=01;35:*.flv=01;35:*.gl=01;35:*.dl=01;35:*.xcf=01;35:*.xwd=01;35:*.yuv=01;35:*.cgm=01;35:*.emf=01;35:*.ogv=01;35:*.ogx=01;35:*.aac=00;36:*.au=00;36:*.flac=00;36:*.m4a=00;36:*.mid=00;36:*.midi=00;36:*.mka=00;36:*.mp3=00;36:*.mpc=00;36:*.ogg=00;36:*.ra=00;36:*.wav=00;36:*.oga=00;36:*.opus=00;36:*.spx=00;36:*.xspf=00;36:*~=00;90:*#=00;90:*.bak=00;90:*.old=00;90:*.orig=00;90:*.part=00;90:*.rej=00;90:*.swp=00;90:*.tmp=00;90:*.dpkg-dist=00;90:*.dpkg-old=00;90:*.ucf-dist=00;90:*.ucf-new=00;90:*.ucf-old=00;90:*.rpmnew=00;90:*.rpmorig=00;90:*.rpmsave=00;90:', 'SSH_AUTH_SOCK': '/run/user/1000/gcr/ssh', 'AMENT_PREFIX_PATH': '/home/public/ros2ws/install/turtlesim_msgs:/opt/ros/lyrical', 'SHELL': '/bin/bash', 'LC_NAME': 'C.UTF-8', 'QT_ACCESSIBILITY': '1', 'GDMSESSION': 'ubuntu', 'LESSCLOSE': '/usr/bin/lesspipe %s %s', 'LC_MEASUREMENT': 'C.UTF-8', 'GPG_AGENT_INFO': '/run/user/1000/gnupg/S.gpg-agent:0:1', 'LC_IDENTIFICATION': 'C.UTF-8', 'GSK_RENDERER': 'gl', 'ROS_AUTOMATIC_DISCOVERY_RANGE': 'SUBNET', 'QT_IM_MODULE': 'ibus', 'PWD': '/home/public/ros2ws/build/turtlesim', 'XDG_CONFIG_DIRS': '/etc/xdg/xdg-ubuntu:/etc/xdg', 'DBUS_STARTER_ADDRESS': 'unix:path=/run/user/1000/bus,guid=ba3ed99e88d8d1b52666fa5b69dfd9f2', 'XDG_DATA_DIRS': '/usr/share/ubuntu:/usr/share/gnome:/usr/local/share/:/usr/share/:/var/lib/snapd/desktop', 'XDG_SESSION_EXTRA_DEVICE_ACCESS': 'render:accel', 'PYTHONPATH': '/home/public/ros2ws/install/turtlesim_msgs/lib/python3.14/site-packages:/opt/ros/lyrical/opt/gz_math_vendor/lib/python:/opt/ros/lyrical/lib/python3.14/site-packages', 'LC_NUMERIC': 'C.UTF-8', 'LC_PAPER': 'C.UTF-8', 'COLCON': '1', 'QT_IM_MODULES': 'wayland;ibus', 'MEMORY_PRESSURE_WRITE': 'c29tZSAyMDAwMDAgMjAwMDAwMAA=', 'VTE_VERSION': '8400', 'CMAKE_PREFIX_PATH': '/home/public/ros2ws/install/turtlesim_msgs:/opt/ros/lyrical/opt/gz_math_vendor:/opt/ros/lyrical/opt/gz_utils_vendor:/opt/ros/lyrical/opt/gz_cmake_vendor:/opt/ros/lyrical'}), 'shell': False}
[2.979921] (turtlesim) StdoutLine: {'line': b'-- Install configuration: ""\n'}
[2.983695] (turtlesim) StdoutLine: {'line': b'-- Execute custom install script\n'}
[2.988847] (turtlesim) StdoutLine: {'line': b'-- Up-to-date symlink: /home/public/ros2ws/install/turtlesim/lib/turtlesim/turtlesim_node\n'}
[2.990432] (turtlesim) StdoutLine: {'line': b'-- Up-to-date symlink: /home/public/ros2ws/install/turtlesim/lib/turtlesim/turtle_teleop_key\n'}
[2.990674] (turtlesim) StdoutLine: {'line': b'-- Up-to-date symlink: /home/public/ros2ws/install/turtlesim/lib/turtlesim/draw_square\n'}
[2.991309] (turtlesim) StdoutLine: {'line': b'-- Up-to-date symlink: /home/public/ros2ws/install/turtlesim/lib/turtlesim/mimic\n'}
[2.995882] (turtlesim) StdoutLine: {'line': b'-- Up-to-date symlink: /home/public/ros2ws/install/turtlesim/share/turtlesim/launch/multisim.launch.py\n'}
[2.999708] (turtlesim) StdoutLine: {'line': b'-- Up-to-date symlink: /home/public/ros2ws/install/turtlesim/share/ament_index/resource_index/package_run_dependencies/turtlesim\n'}
[3.005348] (turtlesim) StdoutLine: {'line': b'-- Up-to-date symlink: /home/public/ros2ws/install/turtlesim/share/ament_index/resource_index/parent_prefix_path/turtlesim\n'}
[3.009946] (turtlesim) StdoutLine: {'line': b'-- Up-to-date symlink: /home/public/ros2ws/install/turtlesim/share/turtlesim/environment/ament_prefix_path.sh\n'}
[3.012369] (-) TimerEvent: {}
[3.014702] (turtlesim) StdoutLine: {'line': b'-- Up-to-date symlink: /home/public/ros2ws/install/turtlesim/share/turtlesim/environment/ament_prefix_path.dsv\n'}
[3.020749] (turtlesim) StdoutLine: {'line': b'-- Up-to-date symlink: /home/public/ros2ws/install/turtlesim/share/turtlesim/environment/path.sh\n'}
[3.025341] (turtlesim) StdoutLine: {'line': b'-- Up-to-date symlink: /home/public/ros2ws/install/turtlesim/share/turtlesim/environment/path.dsv\n'}
[3.027158] (turtlesim) StdoutLine: {'line': b'-- Up-to-date symlink: /home/public/ros2ws/install/turtlesim/share/turtlesim/local_setup.bash\n'}
[3.036371] (turtlesim) StdoutLine: {'line': b'-- Up-to-date symlink: /home/public/ros2ws/install/turtlesim/share/turtlesim/local_setup.fish\n'}
[3.037401] (turtlesim) StdoutLine: {'line': b'-- Up-to-date symlink: /home/public/ros2ws/install/turtlesim/share/turtlesim/local_setup.sh\n'}
[3.043921] (turtlesim) StdoutLine: {'line': b'-- Up-to-date symlink: /home/public/ros2ws/install/turtlesim/share/turtlesim/local_setup.zsh\n'}
[3.044626] (turtlesim) StdoutLine: {'line': b'-- Up-to-date symlink: /home/public/ros2ws/install/turtlesim/share/turtlesim/local_setup.dsv\n'}
[3.044907] (turtlesim) StdoutLine: {'line': b'-- Symlinking: /home/public/ros2ws/install/turtlesim/share/turtlesim/package.dsv\n'}
[3.077894] (turtlesim) StdoutLine: {'line': b'-- Up-to-date symlink: /home/public/ros2ws/install/turtlesim/share/ament_index/resource_index/packages/turtlesim\n'}
[3.082022] (turtlesim) StdoutLine: {'line': b'-- Up-to-date symlink: /home/public/ros2ws/install/turtlesim/share/turtlesim/cmake/turtlesimConfig.cmake\n'}
[3.083712] (turtlesim) StdoutLine: {'line': b'-- Up-to-date symlink: /home/public/ros2ws/install/turtlesim/share/turtlesim/cmake/turtlesimConfig-version.cmake\n'}
[3.087437] (turtlesim) StdoutLine: {'line': b'-- Up-to-date symlink: /home/public/ros2ws/install/turtlesim/share/turtlesim/package.xml\n'}
[3.088179] (turtlesim) StdoutLine: {'line': b'-- Up-to-date: /home/public/ros2ws/install/turtlesim/share/turtlesim/images\n'}
[3.090345] (turtlesim) StdoutLine: {'line': b'-- Up-to-date: /home/public/ros2ws/install/turtlesim/share/turtlesim/images/kilted.png\n'}
[3.092759] (turtlesim) StdoutLine: {'line': b'-- Up-to-date: /home/public/ros2ws/install/turtlesim/share/turtlesim/images/eloquent.png\n'}
[3.093666] (turtlesim) StdoutLine: {'line': b'-- Up-to-date: /home/public/ros2ws/install/turtlesim/share/turtlesim/images/jazzy.png\n'}
[3.096978] (turtlesim) StdoutLine: {'line': b'-- Up-to-date: /home/public/ros2ws/install/turtlesim/share/turtlesim/images/bouncy.png\n'}
[3.098495] (turtlesim) StdoutLine: {'line': b'-- Up-to-date: /home/public/ros2ws/install/turtlesim/share/turtlesim/images/galactic.png\n'}
[3.098962] (turtlesim) StdoutLine: {'line': b'-- Up-to-date: /home/public/ros2ws/install/turtlesim/share/turtlesim/images/foxy.png\n'}
[3.099456] (turtlesim) StdoutLine: {'line': b'-- Up-to-date: /home/public/ros2ws/install/turtlesim/share/turtlesim/images/humble.png\n'}
[3.102182] (turtlesim) StdoutLine: {'line': b'-- Up-to-date: /home/public/ros2ws/install/turtlesim/share/turtlesim/images/dashing.png\n'}
[3.106521] (turtlesim) StdoutLine: {'line': b'-- Up-to-date: /home/public/ros2ws/install/turtlesim/share/turtlesim/images/crystal.png\n'}
[3.106876] (turtlesim) StdoutLine: {'line': b'-- Up-to-date: /home/public/ros2ws/install/turtlesim/share/turtlesim/images/iron.png\n'}
[3.107414] (turtlesim) StdoutLine: {'line': b'-- Up-to-date: /home/public/ros2ws/install/turtlesim/share/turtlesim/images/lyrical.png\n'}
[3.108227] (turtlesim) StdoutLine: {'line': b'-- Up-to-date: /home/public/ros2ws/install/turtlesim/share/turtlesim/images/ardent.png\n'}
[3.109725] (turtlesim) StdoutLine: {'line': b'-- Up-to-date: /home/public/ros2ws/install/turtlesim/share/turtlesim/images/rolling.png\n'}
[3.113716] (turtlesim) CommandEnded: {'returncode': 0}
[3.115837] (-) TimerEvent: {}
[3.200533] (turtlesim) JobEnded: {'identifier': 'turtlesim', 'rc': 0}
[3.216063] (-) TimerEvent: {}
[3.317581] (-) TimerEvent: {}
[3.418636] (-) TimerEvent: {}
[3.519006] (-) TimerEvent: {}
[3.619393] (-) TimerEvent: {}
[3.720613] (-) TimerEvent: {}
[3.820974] (-) TimerEvent: {}
[3.921610] (-) TimerEvent: {}
[4.020912] (controls_core) Command: {'cmd': ['/usr/bin/python3', '-W', 'ignore:setup.py install is deprecated', '-W', 'ignore:easy_install command is deprecated', 'setup.py', 'develop', '--editable', '--build-directory', '/home/public/ros2ws/build/controls_core/build', '--no-deps', 'symlink_data'], 'cwd': '/home/public/ros2ws/build/controls_core', 'env': {'LESSOPEN': '| /usr/bin/lesspipe %s', 'LANGUAGE': 'en', 'USER': 'admin', 'LC_TIME': 'C.UTF-8', 'XDG_SESSION_TYPE': 'wayland', 'PTYXIS_VERSION': '50.1', 'SHLVL': '1', 'LD_LIBRARY_PATH': '/opt/ros/lyrical/opt/gz_math_vendor/lib:/opt/ros/lyrical/opt/gz_utils_vendor/lib:/opt/ros/lyrical/opt/rviz_ogre_vendor/lib:/opt/ros/lyrical/lib/aarch64-linux-gnu:/opt/ros/lyrical/opt/gz_cmake_vendor/lib:/opt/ros/lyrical/lib', 'HOME': '/home/admin', 'DESKTOP_SESSION': 'ubuntu', 'IM_CONFIG_ENTRY': 'profile', 'ROS_PYTHON_VERSION': '3', 'GTK_MODULES': 'gail:atk-bridge', 'LC_MONETARY': 'C.UTF-8', 'MANAGERPID': '2997', 'DBUS_STARTER_BUS_TYPE': 'session', 'SYSTEMD_EXEC_PID': '3020', 'DBUS_SESSION_BUS_ADDRESS': 'unix:path=/run/user/1000/bus,guid=ba3ed99e88d8d1b52666fa5b69dfd9f2', 'COLORTERM': 'truecolor', 'DEBUGINFOD_URLS': 'https://debuginfod.ubuntu.com', 'WAYLAND_DISPLAY': 'wayland-0', 'ROS_DISTRO': 'lyrical', 'LOGNAME': 'admin', 'MANAGERPIDFDID': '648', '_': '/usr/bin/colcon', 'ROS_VERSION': '2', 'MEMORY_PRESSURE_WATCH': '/sys/fs/cgroup/user.slice/user-1000.slice/user@1000.service/session.slice/dbus.service/memory.pressure', 'XDG_SESSION_CLASS': 'user', 'USERNAME': 'admin', 'TERM': 'xterm-256color', 'GNOME_DESKTOP_SESSION_ID': 'this-is-deprecated', 'FLATPAK_TTY_PROGRESS': '1', 'PATH': '/opt/ros/lyrical/bin:/usr/local/sbin:/usr/local/bin:/usr/sbin:/usr/bin:/sbin:/bin:/usr/games:/usr/local/games:/snap/bin:/snap/bin', 'INVOCATION_ID': 'b3d9087076ca4eb981e4550af0a7070a', 'PAPERSIZE': 'a4', 'XDG_MENU_PREFIX': 'gnome-', 'PTYXIS_PROFILE': '46b325db7867804b9a1cc0046a1f6a7b', 'LC_ADDRESS': 'C.UTF-8', 'GNOME_SETUP_DISPLAY': 'unix:/tmp/.X11-unix/X1', 'XDG_RUNTIME_DIR': '/run/user/1000', 'DISPLAY': ':0', 'LANG': 'en_US.UTF-8', 'XDG_CURRENT_DESKTOP': 'ubuntu:GNOME', 'LC_TELEPHONE': 'C.UTF-8', 'XMODIFIERS': '@im=ibus', 'XDG_SESSION_DESKTOP': 'ubuntu', 'XAUTHORITY': '/run/user/1000/.mutter-Xwaylandauth.9DTPN3', 'LS_COLORS': 'rs=0:di=01;34:ln=01;36:mh=00:pi=40;33:so=01;35:do=01;35:bd=40;33;01:cd=40;33;01:or=40;31;01:mi=00:su=37;41:sg=30;43:ca=00:tw=30;42:ow=34;42:st=37;44:ex=01;32:*.tar=01;31:*.tgz=01;31:*.arc=01;31:*.arj=01;31:*.taz=01;31:*.lha=01;31:*.lz4=01;31:*.lzh=01;31:*.lzma=01;31:*.tlz=01;31:*.txz=01;31:*.tzo=01;31:*.t7z=01;31:*.zip=01;31:*.z=01;31:*.dz=01;31:*.gz=01;31:*.lrz=01;31:*.lz=01;31:*.lzo=01;31:*.xz=01;31:*.zst=01;31:*.tzst=01;31:*.bz2=01;31:*.bz=01;31:*.tbz=01;31:*.tbz2=01;31:*.tz=01;31:*.deb=01;31:*.rpm=01;31:*.jar=01;31:*.war=01;31:*.ear=01;31:*.sar=01;31:*.rar=01;31:*.alz=01;31:*.ace=01;31:*.zoo=01;31:*.cpio=01;31:*.7z=01;31:*.rz=01;31:*.cab=01;31:*.wim=01;31:*.swm=01;31:*.dwm=01;31:*.esd=01;31:*.avif=01;35:*.jpg=01;35:*.jpeg=01;35:*.mjpg=01;35:*.mjpeg=01;35:*.gif=01;35:*.bmp=01;35:*.pbm=01;35:*.pgm=01;35:*.ppm=01;35:*.tga=01;35:*.xbm=01;35:*.xpm=01;35:*.tif=01;35:*.tiff=01;35:*.png=01;35:*.svg=01;35:*.svgz=01;35:*.mng=01;35:*.pcx=01;35:*.mov=01;35:*.mpg=01;35:*.mpeg=01;35:*.m2v=01;35:*.mkv=01;35:*.webm=01;35:*.webp=01;35:*.ogm=01;35:*.mp4=01;35:*.m4v=01;35:*.mp4v=01;35:*.vob=01;35:*.qt=01;35:*.nuv=01;35:*.wmv=01;35:*.asf=01;35:*.rm=01;35:*.rmvb=01;35:*.flc=01;35:*.avi=01;35:*.fli=01;35:*.flv=01;35:*.gl=01;35:*.dl=01;35:*.xcf=01;35:*.xwd=01;35:*.yuv=01;35:*.cgm=01;35:*.emf=01;35:*.ogv=01;35:*.ogx=01;35:*.aac=00;36:*.au=00;36:*.flac=00;36:*.m4a=00;36:*.mid=00;36:*.midi=00;36:*.mka=00;36:*.mp3=00;36:*.mpc=00;36:*.ogg=00;36:*.ra=00;36:*.wav=00;36:*.oga=00;36:*.opus=00;36:*.spx=00;36:*.xspf=00;36:*~=00;90:*#=00;90:*.bak=00;90:*.old=00;90:*.orig=00;90:*.part=00;90:*.rej=00;90:*.swp=00;90:*.tmp=00;90:*.dpkg-dist=00;90:*.dpkg-old=00;90:*.ucf-dist=00;90:*.ucf-new=00;90:*.ucf-old=00;90:*.rpmnew=00;90:*.rpmorig=00;90:*.rpmsave=00;90:', 'SSH_AUTH_SOCK': '/run/user/1000/gcr/ssh', 'AMENT_PREFIX_PATH': '/opt/ros/lyrical', 'SHELL': '/bin/bash', 'LC_NAME': 'C.UTF-8', 'QT_ACCESSIBILITY': '1', 'GDMSESSION': 'ubuntu', 'LESSCLOSE': '/usr/bin/lesspipe %s %s', 'LC_MEASUREMENT': 'C.UTF-8', 'GPG_AGENT_INFO': '/run/user/1000/gnupg/S.gpg-agent:0:1', 'LC_IDENTIFICATION': 'C.UTF-8', 'GSK_RENDERER': 'gl', 'ROS_AUTOMATIC_DISCOVERY_RANGE': 'SUBNET', 'QT_IM_MODULE': 'ibus', 'PWD': '/home/public/ros2ws/build/controls_core', 'XDG_CONFIG_DIRS': '/etc/xdg/xdg-ubuntu:/etc/xdg', 'DBUS_STARTER_ADDRESS': 'unix:path=/run/user/1000/bus,guid=ba3ed99e88d8d1b52666fa5b69dfd9f2', 'XDG_DATA_DIRS': '/usr/share/ubuntu:/usr/share/gnome:/usr/local/share/:/usr/share/:/var/lib/snapd/desktop', 'XDG_SESSION_EXTRA_DEVICE_ACCESS': 'render:accel', 'PYTHONPATH': '/home/public/ros2ws/build/controls_core/prefix_override:/usr/lib/python3/dist-packages/colcon_core/task/python/colcon_distutils_commands:/home/public/ros2ws/install/controls_core/lib/python3.14/site-packages:/opt/ros/lyrical/opt/gz_math_vendor/lib/python:/opt/ros/lyrical/lib/python3.14/site-packages', 'LC_NUMERIC': 'C.UTF-8', 'LC_PAPER': 'C.UTF-8', 'COLCON': '1', 'QT_IM_MODULES': 'wayland;ibus', 'MEMORY_PRESSURE_WRITE': 'c29tZSAyMDAwMDAgMjAwMDAwMAA=', 'VTE_VERSION': '8400', 'CMAKE_PREFIX_PATH': '/opt/ros/lyrical/opt/gz_math_vendor:/opt/ros/lyrical/opt/gz_utils_vendor:/opt/ros/lyrical/opt/gz_cmake_vendor'}, 'shell': False}
[4.022596] (-) TimerEvent: {}
[4.027567] (opencv2_nodes) Command: {'cmd': ['/usr/bin/python3', '-W', 'ignore:setup.py install is deprecated', '-W', 'ignore:easy_install command is deprecated', 'setup.py', 'develop', '--editable', '--build-directory', '/home/public/ros2ws/build/opencv2_nodes/build', '--no-deps', 'symlink_data'], 'cwd': '/home/public/ros2ws/build/opencv2_nodes', 'env': {'LESSOPEN': '| /usr/bin/lesspipe %s', 'LANGUAGE': 'en', 'USER': 'admin', 'LC_TIME': 'C.UTF-8', 'XDG_SESSION_TYPE': 'wayland', 'PTYXIS_VERSION': '50.1', 'SHLVL': '1', 'LD_LIBRARY_PATH': '/opt/ros/lyrical/opt/gz_math_vendor/lib:/opt/ros/lyrical/opt/gz_utils_vendor/lib:/opt/ros/lyrical/opt/rviz_ogre_vendor/lib:/opt/ros/lyrical/lib/aarch64-linux-gnu:/opt/ros/lyrical/opt/gz_cmake_vendor/lib:/opt/ros/lyrical/lib', 'HOME': '/home/admin', 'DESKTOP_SESSION': 'ubuntu', 'IM_CONFIG_ENTRY': 'profile', 'ROS_PYTHON_VERSION': '3', 'GTK_MODULES': 'gail:atk-bridge', 'LC_MONETARY': 'C.UTF-8', 'MANAGERPID': '2997', 'DBUS_STARTER_BUS_TYPE': 'session', 'SYSTEMD_EXEC_PID': '3020', 'DBUS_SESSION_BUS_ADDRESS': 'unix:path=/run/user/1000/bus,guid=ba3ed99e88d8d1b52666fa5b69dfd9f2', 'COLORTERM': 'truecolor', 'DEBUGINFOD_URLS': 'https://debuginfod.ubuntu.com', 'WAYLAND_DISPLAY': 'wayland-0', 'ROS_DISTRO': 'lyrical', 'LOGNAME': 'admin', 'MANAGERPIDFDID': '648', '_': '/usr/bin/colcon', 'ROS_VERSION': '2', 'MEMORY_PRESSURE_WATCH': '/sys/fs/cgroup/user.slice/user-1000.slice/user@1000.service/session.slice/dbus.service/memory.pressure', 'XDG_SESSION_CLASS': 'user', 'USERNAME': 'admin', 'TERM': 'xterm-256color', 'GNOME_DESKTOP_SESSION_ID': 'this-is-deprecated', 'FLATPAK_TTY_PROGRESS': '1', 'PATH': '/opt/ros/lyrical/bin:/usr/local/sbin:/usr/local/bin:/usr/sbin:/usr/bin:/sbin:/bin:/usr/games:/usr/local/games:/snap/bin:/snap/bin', 'INVOCATION_ID': 'b3d9087076ca4eb981e4550af0a7070a', 'PAPERSIZE': 'a4', 'XDG_MENU_PREFIX': 'gnome-', 'PTYXIS_PROFILE': '46b325db7867804b9a1cc0046a1f6a7b', 'LC_ADDRESS': 'C.UTF-8', 'GNOME_SETUP_DISPLAY': 'unix:/tmp/.X11-unix/X1', 'XDG_RUNTIME_DIR': '/run/user/1000', 'DISPLAY': ':0', 'LANG': 'en_US.UTF-8', 'XDG_CURRENT_DESKTOP': 'ubuntu:GNOME', 'LC_TELEPHONE': 'C.UTF-8', 'XMODIFIERS': '@im=ibus', 'XDG_SESSION_DESKTOP': 'ubuntu', 'XAUTHORITY': '/run/user/1000/.mutter-Xwaylandauth.9DTPN3', 'LS_COLORS': 'rs=0:di=01;34:ln=01;36:mh=00:pi=40;33:so=01;35:do=01;35:bd=40;33;01:cd=40;33;01:or=40;31;01:mi=00:su=37;41:sg=30;43:ca=00:tw=30;42:ow=34;42:st=37;44:ex=01;32:*.tar=01;31:*.tgz=01;31:*.arc=01;31:*.arj=01;31:*.taz=01;31:*.lha=01;31:*.lz4=01;31:*.lzh=01;31:*.lzma=01;31:*.tlz=01;31:*.txz=01;31:*.tzo=01;31:*.t7z=01;31:*.zip=01;31:*.z=01;31:*.dz=01;31:*.gz=01;31:*.lrz=01;31:*.lz=01;31:*.lzo=01;31:*.xz=01;31:*.zst=01;31:*.tzst=01;31:*.bz2=01;31:*.bz=01;31:*.tbz=01;31:*.tbz2=01;31:*.tz=01;31:*.deb=01;31:*.rpm=01;31:*.jar=01;31:*.war=01;31:*.ear=01;31:*.sar=01;31:*.rar=01;31:*.alz=01;31:*.ace=01;31:*.zoo=01;31:*.cpio=01;31:*.7z=01;31:*.rz=01;31:*.cab=01;31:*.wim=01;31:*.swm=01;31:*.dwm=01;31:*.esd=01;31:*.avif=01;35:*.jpg=01;35:*.jpeg=01;35:*.mjpg=01;35:*.mjpeg=01;35:*.gif=01;35:*.bmp=01;35:*.pbm=01;35:*.pgm=01;35:*.ppm=01;35:*.tga=01;35:*.xbm=01;35:*.xpm=01;35:*.tif=01;35:*.tiff=01;35:*.png=01;35:*.svg=01;35:*.svgz=01;35:*.mng=01;35:*.pcx=01;35:*.mov=01;35:*.mpg=01;35:*.mpeg=01;35:*.m2v=01;35:*.mkv=01;35:*.webm=01;35:*.webp=01;35:*.ogm=01;35:*.mp4=01;35:*.m4v=01;35:*.mp4v=01;35:*.vob=01;35:*.qt=01;35:*.nuv=01;35:*.wmv=01;35:*.asf=01;35:*.rm=01;35:*.rmvb=01;35:*.flc=01;35:*.avi=01;35:*.fli=01;35:*.flv=01;35:*.gl=01;35:*.dl=01;35:*.xcf=01;35:*.xwd=01;35:*.yuv=01;35:*.cgm=01;35:*.emf=01;35:*.ogv=01;35:*.ogx=01;35:*.aac=00;36:*.au=00;36:*.flac=00;36:*.m4a=00;36:*.mid=00;36:*.midi=00;36:*.mka=00;36:*.mp3=00;36:*.mpc=00;36:*.ogg=00;36:*.ra=00;36:*.wav=00;36:*.oga=00;36:*.opus=00;36:*.spx=00;36:*.xspf=00;36:*~=00;90:*#=00;90:*.bak=00;90:*.old=00;90:*.orig=00;90:*.part=00;90:*.rej=00;90:*.swp=00;90:*.tmp=00;90:*.dpkg-dist=00;90:*.dpkg-old=00;90:*.ucf-dist=00;90:*.ucf-new=00;90:*.ucf-old=00;90:*.rpmnew=00;90:*.rpmorig=00;90:*.rpmsave=00;90:', 'SSH_AUTH_SOCK': '/run/user/1000/gcr/ssh', 'AMENT_PREFIX_PATH': '/opt/ros/lyrical', 'SHELL': '/bin/bash', 'LC_NAME': 'C.UTF-8', 'QT_ACCESSIBILITY': '1', 'GDMSESSION': 'ubuntu', 'LESSCLOSE': '/usr/bin/lesspipe %s %s', 'LC_MEASUREMENT': 'C.UTF-8', 'GPG_AGENT_INFO': '/run/user/1000/gnupg/S.gpg-agent:0:1', 'LC_IDENTIFICATION': 'C.UTF-8', 'GSK_RENDERER': 'gl', 'ROS_AUTOMATIC_DISCOVERY_RANGE': 'SUBNET', 'QT_IM_MODULE': 'ibus', 'PWD': '/home/public/ros2ws/build/opencv2_nodes', 'XDG_CONFIG_DIRS': '/etc/xdg/xdg-ubuntu:/etc/xdg', 'DBUS_STARTER_ADDRESS': 'unix:path=/run/user/1000/bus,guid=ba3ed99e88d8d1b52666fa5b69dfd9f2', 'XDG_DATA_DIRS': '/usr/share/ubuntu:/usr/share/gnome:/usr/local/share/:/usr/share/:/var/lib/snapd/desktop', 'XDG_SESSION_EXTRA_DEVICE_ACCESS': 'render:accel', 'PYTHONPATH': '/home/public/ros2ws/build/opencv2_nodes/prefix_override:/usr/lib/python3/dist-packages/colcon_core/task/python/colcon_distutils_commands:/home/public/ros2ws/install/opencv2_nodes/lib/python3.14/site-packages:/opt/ros/lyrical/opt/gz_math_vendor/lib/python:/opt/ros/lyrical/lib/python3.14/site-packages', 'LC_NUMERIC': 'C.UTF-8', 'LC_PAPER': 'C.UTF-8', 'COLCON': '1', 'QT_IM_MODULES': 'wayland;ibus', 'MEMORY_PRESSURE_WRITE': 'c29tZSAyMDAwMDAgMjAwMDAwMAA=', 'VTE_VERSION': '8400', 'CMAKE_PREFIX_PATH': '/opt/ros/lyrical/opt/gz_math_vendor:/opt/ros/lyrical/opt/gz_utils_vendor:/opt/ros/lyrical/opt/gz_cmake_vendor'}, 'shell': False}
[4.071017] (hiwonder_board) Command: {'cmd': ['/usr/bin/python3', '-W', 'ignore:setup.py install is deprecated', '-W', 'ignore:easy_install command is deprecated', 'setup.py', 'develop', '--editable', '--build-directory', '/home/public/ros2ws/build/hiwonder_board/build', '--no-deps', 'symlink_data'], 'cwd': '/home/public/ros2ws/build/hiwonder_board', 'env': {'LESSOPEN': '| /usr/bin/lesspipe %s', 'LANGUAGE': 'en', 'USER': 'admin', 'LC_TIME': 'C.UTF-8', 'XDG_SESSION_TYPE': 'wayland', 'PTYXIS_VERSION': '50.1', 'SHLVL': '1', 'LD_LIBRARY_PATH': '/opt/ros/lyrical/opt/gz_math_vendor/lib:/opt/ros/lyrical/opt/gz_utils_vendor/lib:/opt/ros/lyrical/opt/rviz_ogre_vendor/lib:/opt/ros/lyrical/lib/aarch64-linux-gnu:/opt/ros/lyrical/opt/gz_cmake_vendor/lib:/opt/ros/lyrical/lib', 'HOME': '/home/admin', 'DESKTOP_SESSION': 'ubuntu', 'IM_CONFIG_ENTRY': 'profile', 'ROS_PYTHON_VERSION': '3', 'GTK_MODULES': 'gail:atk-bridge', 'LC_MONETARY': 'C.UTF-8', 'MANAGERPID': '2997', 'DBUS_STARTER_BUS_TYPE': 'session', 'SYSTEMD_EXEC_PID': '3020', 'DBUS_SESSION_BUS_ADDRESS': 'unix:path=/run/user/1000/bus,guid=ba3ed99e88d8d1b52666fa5b69dfd9f2', 'COLORTERM': 'truecolor', 'DEBUGINFOD_URLS': 'https://debuginfod.ubuntu.com', 'WAYLAND_DISPLAY': 'wayland-0', 'ROS_DISTRO': 'lyrical', 'LOGNAME': 'admin', 'MANAGERPIDFDID': '648', '_': '/usr/bin/colcon', 'ROS_VERSION': '2', 'MEMORY_PRESSURE_WATCH': '/sys/fs/cgroup/user.slice/user-1000.slice/user@1000.service/session.slice/dbus.service/memory.pressure', 'XDG_SESSION_CLASS': 'user', 'USERNAME': 'admin', 'TERM': 'xterm-256color', 'GNOME_DESKTOP_SESSION_ID': 'this-is-deprecated', 'FLATPAK_TTY_PROGRESS': '1', 'PATH': '/opt/ros/lyrical/bin:/usr/local/sbin:/usr/local/bin:/usr/sbin:/usr/bin:/sbin:/bin:/usr/games:/usr/local/games:/snap/bin:/snap/bin', 'INVOCATION_ID': 'b3d9087076ca4eb981e4550af0a7070a', 'PAPERSIZE': 'a4', 'XDG_MENU_PREFIX': 'gnome-', 'PTYXIS_PROFILE': '46b325db7867804b9a1cc0046a1f6a7b', 'LC_ADDRESS': 'C.UTF-8', 'GNOME_SETUP_DISPLAY': 'unix:/tmp/.X11-unix/X1', 'XDG_RUNTIME_DIR': '/run/user/1000', 'DISPLAY': ':0', 'LANG': 'en_US.UTF-8', 'XDG_CURRENT_DESKTOP': 'ubuntu:GNOME', 'LC_TELEPHONE': 'C.UTF-8', 'XMODIFIERS': '@im=ibus', 'XDG_SESSION_DESKTOP': 'ubuntu', 'XAUTHORITY': '/run/user/1000/.mutter-Xwaylandauth.9DTPN3', 'LS_COLORS': 'rs=0:di=01;34:ln=01;36:mh=00:pi=40;33:so=01;35:do=01;35:bd=40;33;01:cd=40;33;01:or=40;31;01:mi=00:su=37;41:sg=30;43:ca=00:tw=30;42:ow=34;42:st=37;44:ex=01;32:*.tar=01;31:*.tgz=01;31:*.arc=01;31:*.arj=01;31:*.taz=01;31:*.lha=01;31:*.lz4=01;31:*.lzh=01;31:*.lzma=01;31:*.tlz=01;31:*.txz=01;31:*.tzo=01;31:*.t7z=01;31:*.zip=01;31:*.z=01;31:*.dz=01;31:*.gz=01;31:*.lrz=01;31:*.lz=01;31:*.lzo=01;31:*.xz=01;31:*.zst=01;31:*.tzst=01;31:*.bz2=01;31:*.bz=01;31:*.tbz=01;31:*.tbz2=01;31:*.tz=01;31:*.deb=01;31:*.rpm=01;31:*.jar=01;31:*.war=01;31:*.ear=01;31:*.sar=01;31:*.rar=01;31:*.alz=01;31:*.ace=01;31:*.zoo=01;31:*.cpio=01;31:*.7z=01;31:*.rz=01;31:*.cab=01;31:*.wim=01;31:*.swm=01;31:*.dwm=01;31:*.esd=01;31:*.avif=01;35:*.jpg=01;35:*.jpeg=01;35:*.mjpg=01;35:*.mjpeg=01;35:*.gif=01;35:*.bmp=01;35:*.pbm=01;35:*.pgm=01;35:*.ppm=01;35:*.tga=01;35:*.xbm=01;35:*.xpm=01;35:*.tif=01;35:*.tiff=01;35:*.png=01;35:*.svg=01;35:*.svgz=01;35:*.mng=01;35:*.pcx=01;35:*.mov=01;35:*.mpg=01;35:*.mpeg=01;35:*.m2v=01;35:*.mkv=01;35:*.webm=01;35:*.webp=01;35:*.ogm=01;35:*.mp4=01;35:*.m4v=01;35:*.mp4v=01;35:*.vob=01;35:*.qt=01;35:*.nuv=01;35:*.wmv=01;35:*.asf=01;35:*.rm=01;35:*.rmvb=01;35:*.flc=01;35:*.avi=01;35:*.fli=01;35:*.flv=01;35:*.gl=01;35:*.dl=01;35:*.xcf=01;35:*.xwd=01;35:*.yuv=01;35:*.cgm=01;35:*.emf=01;35:*.ogv=01;35:*.ogx=01;35:*.aac=00;36:*.au=00;36:*.flac=00;36:*.m4a=00;36:*.mid=00;36:*.midi=00;36:*.mka=00;36:*.mp3=00;36:*.mpc=00;36:*.ogg=00;36:*.ra=00;36:*.wav=00;36:*.oga=00;36:*.opus=00;36:*.spx=00;36:*.xspf=00;36:*~=00;90:*#=00;90:*.bak=00;90:*.old=00;90:*.orig=00;90:*.part=00;90:*.rej=00;90:*.swp=00;90:*.tmp=00;90:*.dpkg-dist=00;90:*.dpkg-old=00;90:*.ucf-dist=00;90:*.ucf-new=00;90:*.ucf-old=00;90:*.rpmnew=00;90:*.rpmorig=00;90:*.rpmsave=00;90:', 'SSH_AUTH_SOCK': '/run/user/1000/gcr/ssh', 'AMENT_PREFIX_PATH': '/opt/ros/lyrical', 'SHELL': '/bin/bash', 'LC_NAME': 'C.UTF-8', 'QT_ACCESSIBILITY': '1', 'GDMSESSION': 'ubuntu', 'LESSCLOSE': '/usr/bin/lesspipe %s %s', 'LC_MEASUREMENT': 'C.UTF-8', 'GPG_AGENT_INFO': '/run/user/1000/gnupg/S.gpg-agent:0:1', 'LC_IDENTIFICATION': 'C.UTF-8', 'GSK_RENDERER': 'gl', 'ROS_AUTOMATIC_DISCOVERY_RANGE': 'SUBNET', 'QT_IM_MODULE': 'ibus', 'PWD': '/home/public/ros2ws/build/hiwonder_board', 'XDG_CONFIG_DIRS': '/etc/xdg/xdg-ubuntu:/etc/xdg', 'DBUS_STARTER_ADDRESS': 'unix:path=/run/user/1000/bus,guid=ba3ed99e88d8d1b52666fa5b69dfd9f2', 'XDG_DATA_DIRS': '/usr/share/ubuntu:/usr/share/gnome:/usr/local/share/:/usr/share/:/var/lib/snapd/desktop', 'XDG_SESSION_EXTRA_DEVICE_ACCESS': 'render:accel', 'PYTHONPATH': '/home/public/ros2ws/build/hiwonder_board/prefix_override:/usr/lib/python3/dist-packages/colcon_core/task/python/colcon_distutils_commands:/home/public/ros2ws/install/hiwonder_board/lib/python3.14/site-packages:/opt/ros/lyrical/opt/gz_math_vendor/lib/python:/opt/ros/lyrical/lib/python3.14/site-packages', 'LC_NUMERIC': 'C.UTF-8', 'LC_PAPER': 'C.UTF-8', 'COLCON': '1', 'QT_IM_MODULES': 'wayland;ibus', 'MEMORY_PRESSURE_WRITE': 'c29tZSAyMDAwMDAgMjAwMDAwMAA=', 'VTE_VERSION': '8400', 'CMAKE_PREFIX_PATH': '/opt/ros/lyrical/opt/gz_math_vendor:/opt/ros/lyrical/opt/gz_utils_vendor:/opt/ros/lyrical/opt/gz_cmake_vendor'}, 'shell': False}
[4.122730] (-) TimerEvent: {}
[4.225915] (-) TimerEvent: {}
[4.326285] (-) TimerEvent: {}
[4.426698] (-) TimerEvent: {}
[4.527071] (-) TimerEvent: {}
[4.550711] (opencv2_nodes) StdoutLine: {'line': b'running develop\n'}
[4.551310] (controls_core) StdoutLine: {'line': b'running develop\n'}
[4.577953] (hiwonder_board) StdoutLine: {'line': b'running develop\n'}
[4.627167] (-) TimerEvent: {}
[4.727478] (-) TimerEvent: {}
[4.805721] (controls_core) StdoutLine: {'line': b'running egg_info\n'}
[4.809410] (opencv2_nodes) StdoutLine: {'line': b'running egg_info\n'}
[4.815354] (hiwonder_board) StdoutLine: {'line': b'running egg_info\n'}
[4.827703] (-) TimerEvent: {}
[4.833161] (controls_core) StdoutLine: {'line': b'writing controls_core.egg-info/PKG-INFO\n'}
[4.834575] (controls_core) StdoutLine: {'line': b'writing dependency_links to controls_core.egg-info/dependency_links.txt\n'}
[4.838088] (controls_core) StdoutLine: {'line': b'writing entry points to controls_core.egg-info/entry_points.txt\n'}
[4.838336] (controls_core) StdoutLine: {'line': b'writing requirements to controls_core.egg-info/requires.txt\n'}
[4.838445] (controls_core) StdoutLine: {'line': b'writing top-level names to controls_core.egg-info/top_level.txt\n'}
[4.839082] (opencv2_nodes) StdoutLine: {'line': b'writing opencv2_nodes.egg-info/PKG-INFO\n'}
[4.840382] (opencv2_nodes) StdoutLine: {'line': b'writing dependency_links to opencv2_nodes.egg-info/dependency_links.txt\n'}
[4.840802] (opencv2_nodes) StdoutLine: {'line': b'writing entry points to opencv2_nodes.egg-info/entry_points.txt\n'}
[4.841256] (opencv2_nodes) StdoutLine: {'line': b'writing requirements to opencv2_nodes.egg-info/requires.txt\n'}
[4.841474] (opencv2_nodes) StdoutLine: {'line': b'writing top-level names to opencv2_nodes.egg-info/top_level.txt\n'}
[4.843035] (hiwonder_board) StdoutLine: {'line': b'writing hiwonder_board.egg-info/PKG-INFO\n'}
[4.846892] (hiwonder_board) StdoutLine: {'line': b'writing dependency_links to hiwonder_board.egg-info/dependency_links.txt\n'}
[4.852941] (hiwonder_board) StdoutLine: {'line': b'writing entry points to hiwonder_board.egg-info/entry_points.txt\n'}
[4.853274] (hiwonder_board) StdoutLine: {'line': b'writing requirements to hiwonder_board.egg-info/requires.txt\n'}
[4.853351] (hiwonder_board) StdoutLine: {'line': b'writing top-level names to hiwonder_board.egg-info/top_level.txt\n'}
[4.894424] (controls_core) StdoutLine: {'line': b"reading manifest file 'controls_core.egg-info/SOURCES.txt'\n"}
[4.894664] (opencv2_nodes) StdoutLine: {'line': b"reading manifest file 'opencv2_nodes.egg-info/SOURCES.txt'\n"}
[4.903479] (hiwonder_board) StdoutLine: {'line': b"reading manifest file 'hiwonder_board.egg-info/SOURCES.txt'\n"}
[4.906662] (controls_core) StdoutLine: {'line': b"writing manifest file 'controls_core.egg-info/SOURCES.txt'\n"}
[4.908992] (opencv2_nodes) StdoutLine: {'line': b"writing manifest file 'opencv2_nodes.egg-info/SOURCES.txt'\n"}
[4.909197] (hiwonder_board) StdoutLine: {'line': b"writing manifest file 'hiwonder_board.egg-info/SOURCES.txt'\n"}
[4.927788] (-) TimerEvent: {}
[4.940645] (hiwonder_board) StdoutLine: {'line': b'running build_ext\n'}
[4.940967] (hiwonder_board) StdoutLine: {'line': b'Creating /home/public/ros2ws/install/hiwonder_board/lib/python3.14/site-packages/hiwonder-board.egg-link (link to .)\n'}
[4.941273] (controls_core) StdoutLine: {'line': b'running build_ext\n'}
[4.941532] (controls_core) StdoutLine: {'line': b'Creating /home/public/ros2ws/install/controls_core/lib/python3.14/site-packages/controls-core.egg-link (link to .)\n'}
[4.942164] (hiwonder_board) StdoutLine: {'line': b'Installing hiwonder_board_node script to /home/public/ros2ws/install/hiwonder_board/lib/hiwonder_board\n'}
[4.942586] (hiwonder_board) StdoutLine: {'line': b'Installing test_listener script to /home/public/ros2ws/install/hiwonder_board/lib/hiwonder_board\n'}
[4.942845] (hiwonder_board) StdoutLine: {'line': b'Installing test_talker script to /home/public/ros2ws/install/hiwonder_board/lib/hiwonder_board\n'}
[4.943016] (controls_core) StdoutLine: {'line': b'Installing main_control_node script to /home/public/ros2ws/install/controls_core/lib/controls_core\n'}
[4.943208] (hiwonder_board) StdoutLine: {'line': b'\n'}
[4.943317] (hiwonder_board) StdoutLine: {'line': b'Installed /home/public/ros2ws/build/hiwonder_board\n'}
[4.943428] (hiwonder_board) StdoutLine: {'line': b'running symlink_data\n'}
[4.943536] (controls_core) StdoutLine: {'line': b'\n'}
[4.943672] (controls_core) StdoutLine: {'line': b'Installed /home/public/ros2ws/build/controls_core\n'}
[4.943745] (controls_core) StdoutLine: {'line': b'running symlink_data\n'}
[4.943854] (opencv2_nodes) StdoutLine: {'line': b'running build_ext\n'}
[4.943970] (opencv2_nodes) StdoutLine: {'line': b'Creating /home/public/ros2ws/install/opencv2_nodes/lib/python3.14/site-packages/opencv2-nodes.egg-link (link to .)\n'}
[4.945013] (opencv2_nodes) StdoutLine: {'line': b'Installing bin_mask script to /home/public/ros2ws/install/opencv2_nodes/lib/opencv2_nodes\n'}
[4.945280] (opencv2_nodes) StdoutLine: {'line': b'Installing edge_recog script to /home/public/ros2ws/install/opencv2_nodes/lib/opencv2_nodes\n'}
[4.945451] (opencv2_nodes) StdoutLine: {'line': b'Installing image_publisher script to /home/public/ros2ws/install/opencv2_nodes/lib/opencv2_nodes\n'}
[4.945625] (opencv2_nodes) StdoutLine: {'line': b'Installing line_recog script to /home/public/ros2ws/install/opencv2_nodes/lib/opencv2_nodes\n'}
[4.945859] (opencv2_nodes) StdoutLine: {'line': b'\n'}
[4.945930] (opencv2_nodes) StdoutLine: {'line': b'Installed /home/public/ros2ws/build/opencv2_nodes\n'}
[4.946012] (opencv2_nodes) StdoutLine: {'line': b'running symlink_data\n'}
[5.028141] (-) TimerEvent: {}
[5.129280] (-) TimerEvent: {}
[5.216163] (controls_core) CommandEnded: {'returncode': 0}
[5.229383] (-) TimerEvent: {}
[5.237917] (controls_core) JobEnded: {'identifier': 'controls_core', 'rc': 0}
[5.239261] (opencv2_nodes) CommandEnded: {'returncode': 0}
[5.259009] (opencv2_nodes) JobEnded: {'identifier': 'opencv2_nodes', 'rc': 0}
[5.260645] (hiwonder_board) CommandEnded: {'returncode': 0}
[5.283471] (hiwonder_board) JobEnded: {'identifier': 'hiwonder_board', 'rc': 0}
[5.285091] (-) EventReactorShutdown: {}
